{"stats":{"minecraft:custom":{"minecraft:interact_with_crafting_table":183,"minecraft:open_barrel":153,"minecraft:leave_game":15,"minecraft:time_since_death":433942,"minecraft:sprint_one_cm":1198451,"minecraft:drop":208,"minecraft:play_time":725855,"minecraft:deaths":5,"minecraft:jump":7655,"minecraft:walk_on_water_one_cm":83906,"minecraft:interact_with_furnace":165,"minecraft:interact_with_loom":1,"minecraft:sleep_in_bed":19,"minecraft:damage_dealt":9551,"minecraft:crouch_one_cm":12975,"minecraft:interact_with_smoker":3,"minecraft:horse_one_cm":652496,"minecraft:mob_kills":76,"minecraft:climb_one_cm":74738,"minecraft:walk_one_cm":1572309,"minecraft:sneak_time":6362,"minecraft:walk_under_water_one_cm":104286,"minecraft:total_world_time":725855,"minecraft:time_since_rest":9036,"minecraft:damage_taken":3663,"minecraft:swim_one_cm":121101,"minecraft:fly_one_cm":588136,"minecraft:open_chest":559,"minecraft:fish_caught":2,"minecraft:fall_one_cm":159901},"minecraft:dropped":{"minecraft:iron_sword":5,"minecraft:leather":8,"minecraft:cobblestone_stairs":6,"minecraft:dirt":64,"minecraft:stone_button":1,"minecraft:sand":15,"minecraft:iron_pickaxe":3,"minecraft:white_wool":5,"minecraft:bone":1,"minecraft:stone_axe":1,"minecraft:rotten_flesh":1,"securitycraft:reinforced_spruce_planks":1,"alexsmobs:flying_fish_bucket":1,"minecraft:arrow":1,"minecraft:glass":14,"minecraft:egg":4,"minecraft:water_bucket":8,"minecraft:bread":1,"minecraft:wheat_seeds":94,"minecraft:lilac":1,"minecraft:poisonous_potato":1,"biomesoplenty:lavender":3,"minecraft:spruce_stairs":2,"minecraft:stick":4,"minecraft:gray_wool":3,"minecraft:wooden_hoe":1,"minecraft:potion":1,"securitycraft:sc_manual":1,"minecraft:string":2,"minecraft:bucket":95,"minecraft:raw_iron":2,"minecraft:stone_shovel":1,"securitycraft:universal_block_remover":1,"minecraft:potato":134,"minecraft:spruce_planks":7,"minecraft:oak_sapling":2,"minecraft:stone_bricks":1,"minecraft:spider_eye":3,"minecraft:spruce_log":1,"minecraft:stone_pickaxe":1},"minecraft:broken":{"minecraft:stone_pickaxe":7,"minecraft:stone_axe":8,"securitycraft:universal_block_reinforcer_lvl1":1,"minecraft:stone_shovel":5,"minecraft:stone_sword":1,"minecraft:iron_pickaxe":3},"minecraft:crafted":{"minecraft:oak_planks":280,"minecraft:stone":62,"securitycraft:keypad_item":1,"minecraft:bookshelf":11,"minecraft:heavy_weighted_pressure_plate":1,"securitycraft:laser_block":2,"minecraft:glass":100,"minecraft:iron_boots":1,"minecraft:chest":20,"minecraft:dried_kelp_block":59,"minecraft:stone_hoe":1,"minecraft:stone_bricks":112,"minecraft:oak_fence":12,"securitycraft:keypad_door_item":1,"minecraft:oak_slab":6,"minecraft:crafting_table":6,"minecraft:spruce_planks":1340,"minecraft:iron_helmet":1,"minecraft:wooden_pickaxe":1,"minecraft:baked_potato":374,"minecraft:spruce_door":3,"minecraft:wooden_hoe":2,"minecraft:iron_chestplate":1,"minecraft:paper":3,"aquaculture:iron_hook":2,"minecraft:stick":344,"minecraft:iron_ingot":223,"minecraft:iron_pickaxe":4,"minecraft:iron_block":1,"minecraft:black_bed":1,"aquaculture:iron_fishing_rod":1,"securitycraft:sc_manual":2,"minecraft:shears":1,"securitycraft:universal_block_reinforcer_lvl1":2,"minecraft:redstone":40,"minecraft:coal":9,"minecraft:stone_shovel":6,"minecraft:iron_nugget":9,"securitycraft:electrified_iron_fence":40,"minecraft:furnace":6,"minecraft:stone_button":11,"minecraft:bone_meal":54,"minecraft:spruce_fence":225,"securitycraft:keypad_frame":1,"minecraft:oak_trapdoor":24,"minecraft:glass_pane":96,"minecraft:spruce_stairs":76,"aquaculture:double_hook":1,"minecraft:ladder":9,"securitycraft:universal_block_remover":1,"minecraft:spruce_slab":246,"minecraft:stone_pickaxe":7,"minecraft:redstone_block":1,"minecraft:wheat":370,"occultism:silver_ingot":26,"minecraft:enchanting_table":1,"minecraft:dried_kelp":527,"minecraft:iron_sword":2,"minecraft:stone_axe":10,"minecraft:bread":168,"minecraft:air":0,"securitycraft:door_indestructible_iron_item":1,"minecraft:wooden_axe":1,"minecraft:iron_leggings":1,"minecraft:torch":32,"create:zinc_ingot":12},"minecraft:killed":{"alexsmobs:hummingbird":1,"alexsmobs:lobster":1,"enemyexpansion:equestrian":1,"minecraft:spider":5,"aquaculture:gar":3,"minecraft:skeleton":4,"minecraft:chicken":2,"minecraft:pig":8,"alexsmobs:seal":1,"minecraft:iron_golem":1,"minecraft:sheep":7,"minecraft:zombie":9,"alexsmobs:fly":4,"minecraft:cow":7,"aquaculture:bluegill":1,"alexsmobs:raccoon":3,"alexsmobs:seagull":4,"enemyexpansion:direwolf":3,"aquaculture:brown_trout":2,"minecraft:drowned":1,"alexsmobs:flying_fish":4,"enemyexpansion:sprinter":2,"minecraft:enderman":1},"minecraft:used":{"minecraft:beetroot":14,"securitycraft:reinforced_spruce_slab":46,"minecraft:spruce_slab":280,"minecraft:ladder":9,"minecraft:chest":29,"minecraft:iron_sword":148,"aquaculture:atlantic_herring_bucket":1,"minecraft:iron_chestplate":1,"minecraft:mutton":6,"securitycraft:keypad_item":3,"minecraft:carrot":8,"minecraft:tuff":21,"minecraft:milk_bucket":2,"minecraft:glass":57,"minecraft:lava_bucket":7,"alexsmobs:lobster_tail":1,"minecraft:lantern":27,"minecraft:iron_helmet":2,"minecraft:stone_bricks":60,"minecraft:honeycomb_block":13,"minecraft:furnace":9,"minecraft:cooked_cod":12,"minecraft:potato":321,"aquaculture:smallmouth_bass_bucket":1,"securitycraft:electrified_iron_fence":39,"minecraft:diorite":7,"minecraft:spruce_door":7,"securitycraft:door_indestructible_iron_item":3,"securitycraft:reinforced_spruce_planks":94,"minecraft:stone_pickaxe":915,"minecraft:oak_planks":24,"occultism:datura_seeds":3,"minecraft:wooden_pickaxe":25,"securitycraft:keypad_frame":1,"minecraft:sandstone":2,"minecraft:sugar_cane":11,"minecraft:sand":15,"securitycraft:universal_block_remover":60,"aquaculture:jellyfish_bucket":2,"minecraft:black_bed":3,"minecraft:melon_slice":13,"minecraft:bread":40,"minecraft:gravel":2,"minecraft:golden_helmet":1,"minecraft:andesite":10,"minecraft:bone_meal":23,"minecraft:oak_fence":5,"minecraft:oak_trapdoor":19,"minecraft:enchanting_table":1,"minecraft:iron_bars":3,"minecraft:stone_sword":100,"alexsmobs:flying_fish_bucket":4,"minecraft:stone_shovel":686,"minecraft:spruce_planks":363,"securitycraft:keypad_door_item":8,"minecraft:stone_hoe":81,"minecraft:torch":142,"minecraft:dirt":529,"minecraft:spruce_stairs":69,"minecraft:cod_bucket":1,"minecraft:granite":18,"minecraft:spruce_fence":126,"minecraft:wooden_axe":26,"aquaculture:iron_fishing_rod":6,"minecraft:bookshelf":11,"securitycraft:reinforced_spruce_stairs":3,"minecraft:iron_boots":1,"minecraft:bamboo":52,"minecraft:beef":13,"alexsmobs:lobster_bucket":3,"minecraft:cobbled_deepslate":68,"minecraft:iron_leggings":1,"minecraft:water_bucket":140,"securitycraft:reinforced_oak_planks":25,"minecraft:purple_glazed_terracotta":8,"securitycraft:reinforced_stone_bricks":178,"minecraft:crafting_table":12,"occultism:datura":1,"minecraft:spruce_log":258,"minecraft:smoker":1,"alexsmobs:flying_fish":2,"minecraft:wooden_hoe":4,"minecraft:chicken":1,"minecraft:iron_pickaxe":815,"minecraft:spruce_sapling":24,"minecraft:stone_axe":1307,"minecraft:cobblestone":314,"minecraft:porkchop":13,"minecraft:bucket":160,"minecraft:glass_pane":88,"minecraft:kelp":5},"minecraft:mined":{"minecraft:stone_pressure_plate":4,"minecraft:spruce_planks":141,"minecraft:cobblestone_stairs":3,"minecraft:granite":18,"minecraft:grass_block":249,"minecraft:coal_block":1,"occultism:datura":1,"minecraft:tall_seagrass":12,"minecraft:iron_ore":193,"minecraft:cobbled_deepslate":1,"biomesoplenty:lavender":4,"minecraft:dirt_path":44,"minecraft:iron_bars":2,"occultism:silver_ore":24,"minecraft:spruce_slab":99,"minecraft:deepslate_redstone_ore":9,"minecraft:kelp_plant":17,"minecraft:smoker":2,"minecraft:powder_snow":28,"minecraft:torch":36,"minecraft:chest":9,"minecraft:glass":15,"minecraft:cobblestone":59,"minecraft:honeycomb_block":15,"minecraft:sugar_cane":4,"minecraft:oak_planks":16,"minecraft:iron_door":2,"minecraft:wall_torch":57,"minecraft:seagrass":17,"minecraft:wheat":109,"minecraft:lilac":1,"minecraft:black_bed":2,"minecraft:grass":24,"minecraft:oak_log":73,"minecraft:beetroots":35,"minecraft:sand":89,"minecraft:dirt":413,"minecraft:tripwire_hook":1,"create:crimsite":1,"minecraft:oak_leaves":3,"minecraft:deepslate":101,"create:zinc_ore":12,"minecraft:purple_glazed_terracotta":12,"minecraft:tuff":21,"minecraft:deepslate_diamond_ore":7,"minecraft:sea_lantern":1,"minecraft:lever":5,"minecraft:dark_oak_fence":3,"minecraft:spruce_fence":10,"occultism:silver_ore_deepslate":2,"minecraft:birch_slab":1,"minecraft:spruce_leaves":112,"minecraft:moss_block":1,"minecraft:sandstone":2,"minecraft:hay_block":42,"minecraft:oak_trapdoor":7,"minecraft:furnace":3,"minecraft:carrots":63,"minecraft:andesite":10,"minecraft:stripped_spruce_log":3,"minecraft:bookshelf":6,"minecraft:potatoes":248,"minecraft:deepslate_iron_ore":1,"minecraft:vine":3,"minecraft:rail":10,"minecraft:lantern":28,"minecraft:bamboo_sapling":3,"minecraft:bamboo":108,"minecraft:stone":889,"minecraft:podzol":2,"minecraft:scaffolding":12,"minecraft:glass_pane":38,"minecraft:spruce_door":6,"minecraft:oak_fence":3,"minecraft:crafting_table":7,"minecraft:emerald_ore":6,"minecraft:brain_coral_fan":1,"minecraft:dried_kelp_block":59,"minecraft:lapis_ore":1,"minecraft:sculk":1,"minecraft:diorite":9,"minecraft:spruce_stairs":20,"minecraft:beehive":1,"minecraft:white_carpet":1,"minecraft:spruce_log":671,"minecraft:coal_ore":37,"minecraft:gravel":8,"minecraft:stone_bricks":63,"luckytntmod:gunpowder_ore":98},"minecraft:killed_by":{"enemyexpansion:sprinter":1,"minecraft:skeleton":2},"minecraft:picked_up":{"minecraft:wheat":125,"securitycraft:keypad_item":2,"minecraft:redstone_block":1,"securitycraft:reinforced_oak_planks":26,"minecraft:string":4,"securitycraft:reinforced_dirt":1,"minecraft:beetroot":35,"minecraft:cobbled_deepslate":102,"minecraft:bucket":95,"securitycraft:reinforced_spruce_planks":98,"minecraft:spruce_planks":152,"minecraft:iron_pickaxe":3,"minecraft:melon_slice":64,"minecraft:coal_block":1,"securitycraft:reinforced_spruce_slab":46,"minecraft:furnace":3,"minecraft:stick":53,"minecraft:oak_fence":3,"minecraft:torch":109,"minecraft:spruce_stairs":20,"minecraft:porkchop":16,"minecraft:dried_kelp":4,"minecraft:honeycomb_block":15,"minecraft:diorite":9,"minecraft:stone_sword":1,"minecraft:rotten_flesh":14,"occultism:datura":1,"minecraft:obsidian":4,"minecraft:iron_bars":2,"alexsmobs:lobster_tail":1,"alexsmobs:flying_fish":5,"minecraft:cobblestone":946,"biomesoplenty:lavender":3,"occultism:datura_seeds":3,"minecraft:feather":1,"minecraft:lilac":1,"aquaculture:tuna":1,"minecraft:iron_door":2,"minecraft:birch_slab":1,"minecraft:water_bucket":32,"minecraft:andesite":10,"minecraft:black_bed":2,"minecraft:smoker":1,"minecraft:potato":889,"minecraft:tuff":21,"create:raw_zinc":12,"minecraft:lapis_lazuli":4,"minecraft:dirt":751,"minecraft:lantern":39,"securitycraft:reinforced_stone_button":11,"minecraft:glass":8,"minecraft:bone":19,"minecraft:wheat_seeds":344,"minecraft:bamboo":1269,"securitycraft:reinforced_spruce_fence":64,"minecraft:oak_planks":21,"aquaculture:gar":3,"minecraft:poisonous_potato":3,"minecraft:sand":95,"minecraft:grass_block":1,"securitycraft:universal_block_remover":1,"minecraft:diamond":8,"minecraft:lever":5,"securitycraft:reinforced_spruce_stairs":3,"minecraft:granite":18,"minecraft:bone_meal":2,"minecraft:bread":2,"minecraft:emerald":6,"alexsmobs:maggot":5,"minecraft:oak_sapling":6,"minecraft:dark_oak_fence":3,"minecraft:crafting_table":7,"minecraft:chicken":1,"occultism:raw_silver":26,"minecraft:oak_trapdoor":7,"minecraft:white_carpet":13,"aquaculture:bluegill":1,"minecraft:beef":15,"minecraft:spruce_slab":96,"minecraft:chest":9,"minecraft:sugar_cane":30,"minecraft:egg":4,"minecraft:raw_iron":196,"minecraft:sandstone":2,"minecraft:spruce_fence":10,"minecraft:stone_button":1,"minecraft:carrot":224,"minecraft:redstone":40,"minecraft:prismarine_crystals":2,"minecraft:stone_pressure_plate":4,"minecraft:stone_shovel":1,"minecraft:arrow":4,"minecraft:beetroot_seeds":89,"aquaculture:brown_trout":2,"minecraft:hay_block":42,"securitycraft:reinforced_stone_bricks":180,"minecraft:mutton":8,"securitycraft:keypad_door_item":7,"minecraft:white_wool":5,"minecraft:rail":10,"minecraft:tripwire_hook":1,"minecraft:leather":8,"minecraft:oak_log":70,"minecraft:gunpowder":445,"minecraft:cobblestone_stairs":6,"minecraft:apple":1,"minecraft:stone_bricks":63,"minecraft:kelp":49,"securitycraft:electrified_iron_fence":1,"minecraft:iron_ingot":8,"minecraft:stone_pickaxe":1,"minecraft:iron_sword":5,"minecraft:book":36,"minecraft:scaffolding":14,"minecraft:milk_bucket":1,"minecraft:gravel":8,"minecraft:spruce_sapling":80,"minecraft:spruce_log":632,"minecraft:spruce_door":6,"minecraft:spider_eye":3,"minecraft:dried_kelp_block":82,"minecraft:purple_glazed_terracotta":10,"minecraft:stone_axe":1,"securitycraft:keypad":1,"securitycraft:door_indestructible_iron_item":3,"minecraft:black_wool":1,"minecraft:coal":54,"minecraft:ender_pearl":1}},"DataVersion":3465}