{"stats":{"minecraft:killed":{"alexsmobs:hummingbird":1,"alexsmobs:lobster":1,"minecraft:witch":1,"enemyexpansion:equestrian":1,"minecraft:spider":5,"aquaculture:gar":3,"minecraft:skeleton":5,"minecraft:chicken":2,"minecraft:pig":8,"alexsmobs:seal":1,"minecraft:iron_golem":1,"minecraft:sheep":7,"minecraft:zombie":11,"alexsmobs:fly":4,"minecraft:cow":12,"aquaculture:bluegill":1,"alexsmobs:raccoon":3,"alexsmobs:seagull":4,"enemyexpansion:direwolf":3,"aquaculture:brown_trout":2,"minecraft:drowned":1,"alexsmobs:flying_fish":4,"enemyexpansion:sprinter":3,"alexsmobs:cockroach":1,"minecraft:enderman":1},"minecraft:mined":{"create:deepslate_zinc_ore":18,"minecraft:stone_pressure_plate":4,"minecraft:spruce_planks":147,"minecraft:cobblestone_stairs":3,"minecraft:granite":51,"minecraft:grass_block":259,"minecraft:coal_block":1,"occultism:datura":3,"minecraft:tall_seagrass":12,"minecraft:iron_ore":569,"minecraft:cobbled_deepslate":2,"biomesoplenty:lavender":4,"minecraft:deepslate_lapis_ore":8,"minecraft:dirt_path":44,"minecraft:iron_bars":2,"occultism:silver_ore":24,"minecraft:spruce_slab":99,"minecraft:deepslate_redstone_ore":14,"minecraft:kelp_plant":17,"minecraft:smoker":2,"minecraft:powder_snow":28,"minecraft:torch":47,"minecraft:chest":9,"minecraft:glass":15,"minecraft:cobblestone":63,"minecraft:honeycomb_block":15,"minecraft:sugar_cane":32,"minecraft:oak_planks":17,"minecraft:iron_door":2,"minecraft:wall_torch":67,"minecraft:seagrass":17,"minecraft:wheat":169,"minecraft:lilac":1,"minecraft:black_bed":2,"minecraft:grass":24,"minecraft:oak_log":73,"minecraft:beetroots":35,"minecraft:sand":89,"minecraft:dirt":436,"minecraft:tripwire_hook":1,"create:crimsite":1,"minecraft:oak_leaves":3,"minecraft:deepslate":480,"create:zinc_ore":12,"minecraft:purple_glazed_terracotta":12,"minecraft:tuff":86,"minecraft:deepslate_diamond_ore":35,"minecraft:sea_lantern":1,"minecraft:lever":5,"minecraft:dark_oak_fence":3,"minecraft:spruce_fence":10,"occultism:silver_ore_deepslate":2,"minecraft:birch_slab":1,"minecraft:spruce_leaves":112,"minecraft:moss_block":1,"random_ore:deepslate_random_ore":5,"minecraft:sandstone":2,"minecraft:hay_block":42,"minecraft:oak_trapdoor":8,"minecraft:furnace":3,"minecraft:carrots":63,"minecraft:andesite":28,"minecraft:stripped_spruce_log":3,"minecraft:bookshelf":6,"minecraft:potatoes":292,"minecraft:deepslate_iron_ore":3,"minecraft:vine":3,"minecraft:rail":10,"minecraft:lantern":28,"minecraft:bamboo_sapling":3,"minecraft:bamboo":108,"minecraft:stone":1119,"minecraft:podzol":5,"minecraft:scaffolding":12,"minecraft:glass_pane":38,"minecraft:spruce_door":6,"minecraft:oak_fence":3,"minecraft:crafting_table":13,"minecraft:emerald_ore":6,"minecraft:brain_coral_fan":1,"minecraft:copper_ore":14,"minecraft:dried_kelp_block":104,"minecraft:lapis_ore":1,"minecraft:deepslate_gold_ore":10,"minecraft:sculk":1,"minecraft:diorite":41,"minecraft:spruce_stairs":51,"minecraft:beehive":1,"minecraft:white_carpet":1,"minecraft:spruce_log":671,"minecraft:birch_leaves":2,"minecraft:coal_ore":40,"minecraft:gravel":14,"minecraft:stone_bricks":63,"luckytntmod:gunpowder_ore":98},"minecraft:picked_up":{"minecraft:wheat":175,"securitycraft:keypad_item":3,"minecraft:redstone_block":1,"minecraft:potion":1,"securitycraft:reinforced_oak_planks":26,"minecraft:string":4,"minecraft:raw_copper":52,"securitycraft:reinforced_dirt":1,"minecraft:beetroot":35,"minecraft:cobbled_deepslate":295,"minecraft:bucket":95,"securitycraft:reinforced_spruce_planks":98,"minecraft:spruce_planks":166,"minecraft:iron_pickaxe":3,"minecraft:melon_slice":64,"minecraft:coal_block":1,"securitycraft:reinforced_spruce_slab":47,"minecraft:furnace":3,"minecraft:stick":55,"minecraft:oak_fence":7,"minecraft:torch":130,"minecraft:spruce_stairs":51,"minecraft:porkchop":16,"minecraft:dried_kelp":4,"minecraft:honeycomb_block":15,"minecraft:diorite":41,"minecraft:stone_sword":1,"minecraft:rotten_flesh":16,"occultism:datura":3,"minecraft:obsidian":4,"minecraft:iron_bars":2,"alexsmobs:lobster_tail":1,"alexsmobs:flying_fish":5,"minecraft:cobblestone":1195,"biomesoplenty:lavender":3,"occultism:datura_seeds":7,"minecraft:feather":1,"minecraft:lilac":1,"aquaculture:tuna":1,"minecraft:iron_door":4,"minecraft:birch_slab":1,"minecraft:water_bucket":32,"minecraft:andesite":28,"minecraft:black_bed":2,"minecraft:smoker":1,"minecraft:potato":1050,"minecraft:tuff":43,"create:raw_zinc":30,"minecraft:lapis_lazuli":269,"minecraft:dirt":836,"minecraft:lantern":39,"securitycraft:reinforced_stone_button":11,"minecraft:glass":8,"minecraft:bone":19,"minecraft:bow":1,"minecraft:wheat_seeds":491,"minecraft:raw_gold":10,"biomesoplenty:palm_sapling":2,"minecraft:bamboo":1269,"securitycraft:reinforced_spruce_fence":119,"minecraft:oak_planks":22,"aquaculture:gar":3,"securitycraft:dirt_mine":1,"minecraft:poisonous_potato":4,"minecraft:sand":95,"minecraft:grass_block":1,"securitycraft:reinforced_dispenser":1,"securitycraft:universal_block_remover":2,"minecraft:diamond":39,"minecraft:lever":5,"securitycraft:reinforced_spruce_stairs":3,"minecraft:granite":51,"minecraft:bone_meal":2,"minecraft:emerald":12,"minecraft:bread":2,"alexsmobs:maggot":11,"minecraft:oak_sapling":6,"minecraft:dark_oak_fence":3,"minecraft:crafting_table":13,"minecraft:chicken":1,"occultism:raw_silver":26,"minecraft:oak_trapdoor":8,"minecraft:white_carpet":13,"aquaculture:bluegill":1,"securitycraft:keypad_frame":1,"minecraft:beef":23,"minecraft:spruce_slab":96,"minecraft:chest":9,"minecraft:sugar_cane":91,"minecraft:egg":5,"minecraft:raw_iron":579,"minecraft:sandstone":2,"securitycraft:reinforced_cobblestone":1,"minecraft:spruce_fence":10,"minecraft:stone_button":1,"minecraft:carrot":224,"minecraft:redstone":119,"minecraft:prismarine_crystals":2,"minecraft:stone_pressure_plate":4,"minecraft:stone_shovel":1,"minecraft:arrow":6,"minecraft:beetroot_seeds":89,"aquaculture:brown_trout":2,"securitycraft:reinforced_oak_fence":13,"minecraft:hay_block":42,"securitycraft:reinforced_stone_bricks":180,"minecraft:gold_ingot":46,"minecraft:mutton":8,"securitycraft:keypad_door_item":7,"minecraft:rail":10,"minecraft:white_wool":5,"minecraft:tripwire_hook":1,"minecraft:leather":12,"minecraft:oak_log":70,"minecraft:gunpowder":447,"minecraft:cobblestone_stairs":6,"minecraft:apple":1,"minecraft:stone_bricks":63,"minecraft:kelp":49,"securitycraft:electrified_iron_fence":8,"minecraft:iron_ingot":8,"minecraft:stone_pickaxe":4,"luckytntmod:uranium_ingot":6,"minecraft:iron_sword":5,"minecraft:book":36,"minecraft:scaffolding":14,"minecraft:milk_bucket":1,"minecraft:gravel":12,"minecraft:spruce_sapling":80,"securitycraft:reinforced_iron_block":3,"minecraft:spruce_log":632,"minecraft:spruce_door":6,"minecraft:spider_eye":3,"minecraft:dried_kelp_block":127,"minecraft:purple_glazed_terracotta":10,"minecraft:stone_axe":1,"securitycraft:keypad":1,"securitycraft:door_indestructible_iron_item":3,"minecraft:black_wool":1,"minecraft:coal":89,"minecraft:ender_pearl":6},"minecraft:used":{"minecraft:beetroot":14,"securitycraft:reinforced_spruce_slab":46,"minecraft:spruce_slab":280,"minecraft:ladder":9,"minecraft:chest":29,"minecraft:iron_sword":202,"aquaculture:atlantic_herring_bucket":1,"minecraft:iron_chestplate":1,"minecraft:mutton":6,"securitycraft:keypad_item":3,"minecraft:carrot":8,"minecraft:tuff":22,"minecraft:milk_bucket":2,"minecraft:glass":57,"minecraft:lava_bucket":7,"alexsmobs:lobster_tail":1,"minecraft:lantern":27,"minecraft:iron_helmet":2,"minecraft:stone_bricks":60,"minecraft:honeycomb_block":13,"minecraft:furnace":11,"minecraft:cooked_cod":12,"minecraft:egg":1,"minecraft:potato":370,"aquaculture:smallmouth_bass_bucket":1,"securitycraft:electrified_iron_fence":140,"minecraft:diorite":7,"minecraft:spruce_door":7,"securitycraft:door_indestructible_iron_item":3,"minecraft:stone_pickaxe":1832,"securitycraft:reinforced_spruce_planks":95,"minecraft:oak_planks":28,"occultism:datura_seeds":5,"minecraft:wooden_pickaxe":25,"securitycraft:keypad_frame":1,"minecraft:sandstone":2,"minecraft:sugar_cane":17,"minecraft:sand":15,"securitycraft:universal_block_remover":69,"aquaculture:jellyfish_bucket":2,"minecraft:black_bed":3,"minecraft:melon_slice":13,"minecraft:bread":40,"minecraft:gravel":2,"minecraft:golden_helmet":1,"minecraft:diamond_sword":2,"minecraft:andesite":10,"minecraft:oak_boat":1,"minecraft:bone_meal":23,"minecraft:oak_fence":5,"minecraft:oak_trapdoor":19,"minecraft:iron_bars":3,"minecraft:enchanting_table":1,"minecraft:stone_sword":100,"alexsmobs:flying_fish_bucket":4,"minecraft:stone_shovel":686,"minecraft:spruce_planks":390,"securitycraft:keypad_door_item":8,"minecraft:stone_hoe":81,"minecraft:torch":166,"minecraft:dirt":611,"minecraft:spruce_stairs":100,"minecraft:cod_bucket":1,"minecraft:granite":18,"minecraft:spruce_fence":126,"minecraft:wooden_axe":26,"aquaculture:iron_fishing_rod":6,"minecraft:bookshelf":12,"securitycraft:reinforced_spruce_stairs":3,"minecraft:iron_boots":1,"minecraft:bamboo":52,"minecraft:beef":13,"alexsmobs:lobster_bucket":3,"minecraft:cobbled_deepslate":99,"minecraft:iron_leggings":1,"minecraft:wheat_seeds":68,"minecraft:water_bucket":141,"securitycraft:reinforced_oak_planks":25,"securitycraft:reinforced_cobblestone":1,"minecraft:baked_potato":16,"minecraft:purple_glazed_terracotta":8,"securitycraft:reinforced_stone_bricks":178,"minecraft:crafting_table":19,"occultism:datura":1,"minecraft:spruce_log":258,"minecraft:smoker":1,"alexsmobs:flying_fish":2,"minecraft:wooden_hoe":4,"minecraft:chicken":1,"minecraft:iron_pickaxe":1138,"minecraft:spruce_sapling":24,"minecraft:stone_axe":1358,"minecraft:cobblestone":404,"minecraft:porkchop":13,"minecraft:bucket":161,"minecraft:glass_pane":88,"minecraft:kelp":5},"minecraft:killed_by":{"enemyexpansion:sprinter":1,"minecraft:skeleton":2},"minecraft:broken":{"minecraft:stone_pickaxe":13,"minecraft:stone_axe":9,"securitycraft:universal_block_reinforcer_lvl1":1,"minecraft:stone_shovel":5,"minecraft:stone_sword":1,"minecraft:iron_pickaxe":4},"minecraft:crafted":{"minecraft:oak_planks":280,"minecraft:stone":62,"securitycraft:keypad_item":1,"minecraft:bookshelf":12,"minecraft:heavy_weighted_pressure_plate":1,"securitycraft:laser_block":2,"minecraft:glass":100,"minecraft:iron_boots":1,"minecraft:chest":20,"minecraft:dried_kelp_block":59,"minecraft:stone_hoe":1,"minecraft:stone_bricks":112,"minecraft:oak_fence":12,"securitycraft:keypad_door_item":1,"minecraft:oak_slab":6,"minecraft:crafting_table":7,"minecraft:spruce_planks":1340,"minecraft:iron_helmet":1,"minecraft:wooden_pickaxe":1,"minecraft:baked_potato":374,"minecraft:spruce_door":3,"minecraft:dispenser":1,"minecraft:book":4,"minecraft:iron_chestplate":1,"minecraft:wooden_hoe":2,"minecraft:paper":24,"minecraft:diamond_pickaxe":1,"aquaculture:iron_hook":2,"minecraft:stick":348,"minecraft:iron_ingot":618,"minecraft:iron_pickaxe":5,"minecraft:iron_block":4,"minecraft:black_bed":1,"aquaculture:iron_fishing_rod":1,"minecraft:redstone_torch":1,"securitycraft:sc_manual":2,"minecraft:shears":1,"securitycraft:universal_block_reinforcer_lvl1":2,"minecraft:redstone":83,"minecraft:coal":22,"minecraft:stone_shovel":6,"minecraft:iron_nugget":9,"securitycraft:electrified_iron_fence":132,"minecraft:furnace":8,"minecraft:stone_button":11,"minecraft:bone_meal":54,"minecraft:spruce_fence":300,"securitycraft:keypad_frame":1,"minecraft:oak_trapdoor":24,"minecraft:glass_pane":96,"minecraft:spruce_stairs":76,"aquaculture:double_hook":1,"minecraft:ladder":9,"securitycraft:universal_block_remover":1,"minecraft:spruce_slab":246,"minecraft:stone_pickaxe":14,"minecraft:redstone_block":1,"minecraft:wheat":370,"securitycraft:portable_radar":1,"minecraft:diamond_sword":1,"occultism:silver_ingot":26,"minecraft:enchanting_table":1,"minecraft:dried_kelp":527,"minecraft:iron_sword":2,"minecraft:stone_axe":11,"minecraft:bread":168,"minecraft:air":0,"minecraft:oak_boat":1,"securitycraft:door_indestructible_iron_item":1,"minecraft:wooden_axe":1,"minecraft:iron_leggings":1,"minecraft:torch":32,"create:zinc_ingot":30},"minecraft:custom":{"minecraft:animals_bred":5,"minecraft:interact_with_crafting_table":216,"minecraft:open_barrel":161,"minecraft:leave_game":21,"minecraft:time_since_death":12205,"minecraft:sprint_one_cm":1435471,"minecraft:drop":311,"minecraft:play_time":919931,"minecraft:deaths":6,"minecraft:jump":9266,"minecraft:walk_on_water_one_cm":90163,"minecraft:interact_with_furnace":238,"minecraft:interact_with_loom":1,"minecraft:sleep_in_bed":21,"minecraft:damage_dealt":11416,"minecraft:crouch_one_cm":14195,"minecraft:interact_with_smoker":3,"minecraft:horse_one_cm":2108758,"minecraft:mob_kills":88,"minecraft:climb_one_cm":86090,"minecraft:walk_one_cm":1947375,"minecraft:sneak_time":6909,"minecraft:walk_under_water_one_cm":115217,"minecraft:boat_one_cm":5670,"minecraft:total_world_time":919931,"minecraft:time_since_rest":12270,"minecraft:damage_taken":4534,"minecraft:swim_one_cm":129148,"minecraft:fly_one_cm":638776,"minecraft:open_chest":679,"minecraft:fish_caught":2,"minecraft:fall_one_cm":182780},"minecraft:dropped":{"minecraft:iron_sword":5,"minecraft:lapis_lazuli":64,"minecraft:leather":8,"minecraft:cobblestone_stairs":6,"minecraft:dirt":64,"minecraft:stone_button":1,"minecraft:sand":15,"minecraft:iron_pickaxe":3,"minecraft:white_wool":5,"minecraft:bone":1,"minecraft:stone_axe":1,"minecraft:cobbled_deepslate":19,"minecraft:rotten_flesh":1,"securitycraft:reinforced_spruce_planks":1,"alexsmobs:flying_fish_bucket":1,"minecraft:arrow":1,"minecraft:glass":14,"minecraft:egg":4,"minecraft:water_bucket":8,"minecraft:bread":1,"minecraft:wheat_seeds":94,"minecraft:lilac":1,"minecraft:poisonous_potato":1,"biomesoplenty:lavender":3,"minecraft:cobblestone":1,"minecraft:spruce_stairs":2,"minecraft:stick":4,"minecraft:gray_wool":3,"minecraft:wooden_hoe":1,"minecraft:potion":1,"securitycraft:sc_manual":1,"minecraft:string":2,"minecraft:bucket":95,"minecraft:tuff":2,"minecraft:raw_iron":7,"minecraft:stone_shovel":1,"securitycraft:universal_block_remover":1,"minecraft:potato":134,"minecraft:spruce_planks":17,"minecraft:oak_sapling":2,"minecraft:spider_eye":3,"minecraft:stone_bricks":1,"minecraft:spruce_log":1,"minecraft:stone_pickaxe":4}},"DataVersion":3465}