{"stats":{"minecraft:mined":{"minecraft:stone_pressure_plate":4,"minecraft:spruce_planks":116,"minecraft:cobblestone_stairs":3,"minecraft:granite":6,"minecraft:grass_block":238,"minecraft:coal_block":1,"minecraft:tall_seagrass":1,"minecraft:iron_ore":165,"biomesoplenty:lavender":4,"minecraft:dirt_path":44,"minecraft:iron_bars":1,"occultism:silver_ore":24,"minecraft:spruce_slab":72,"minecraft:smoker":2,"minecraft:powder_snow":28,"minecraft:torch":23,"minecraft:chest":9,"minecraft:cobblestone":35,"minecraft:honeycomb_block":2,"minecraft:sugar_cane":2,"minecraft:oak_planks":16,"minecraft:iron_door":2,"minecraft:wall_torch":27,"minecraft:wheat":109,"minecraft:lilac":1,"minecraft:black_bed":2,"minecraft:grass":23,"minecraft:oak_log":6,"minecraft:beetroots":35,"minecraft:sand":9,"minecraft:dirt":338,"minecraft:tripwire_hook":1,"create:crimsite":1,"create:zinc_ore":12,"minecraft:purple_glazed_terracotta":4,"minecraft:sea_lantern":1,"minecraft:lever":5,"minecraft:dark_oak_fence":3,"minecraft:spruce_fence":4,"minecraft:birch_slab":1,"minecraft:spruce_leaves":97,"minecraft:moss_block":1,"minecraft:sandstone":2,"minecraft:hay_block":42,"minecraft:furnace":3,"minecraft:carrots":63,"minecraft:stripped_spruce_log":3,"minecraft:bookshelf":6,"minecraft:potatoes":200,"minecraft:vine":3,"minecraft:rail":10,"minecraft:lantern":27,"minecraft:bamboo_sapling":3,"minecraft:bamboo":85,"minecraft:stone":397,"minecraft:scaffolding":12,"minecraft:glass_pane":6,"minecraft:spruce_door":2,"minecraft:oak_fence":2,"minecraft:crafting_table":4,"minecraft:emerald_ore":2,"minecraft:brain_coral_fan":1,"minecraft:dried_kelp_block":59,"minecraft:lapis_ore":1,"minecraft:diorite":2,"minecraft:spruce_stairs":6,"minecraft:beehive":1,"minecraft:white_carpet":1,"minecraft:spruce_log":462,"minecraft:coal_ore":33,"minecraft:gravel":7,"minecraft:stone_bricks":63,"luckytntmod:gunpowder_ore":90},"minecraft:broken":{"minecraft:stone_pickaxe":2,"minecraft:stone_axe":6,"minecraft:stone_shovel":4,"minecraft:stone_sword":1,"minecraft:iron_pickaxe":2},"minecraft:used":{"minecraft:beetroot":14,"securitycraft:reinforced_spruce_slab":44,"minecraft:spruce_slab":253,"minecraft:ladder":9,"minecraft:chest":29,"minecraft:iron_sword":123,"minecraft:iron_chestplate":1,"minecraft:mutton":6,"securitycraft:keypad_item":3,"minecraft:carrot":8,"minecraft:milk_bucket":2,"minecraft:lantern":20,"minecraft:iron_helmet":2,"minecraft:stone_bricks":60,"minecraft:furnace":9,"minecraft:cooked_cod":6,"minecraft:potato":257,"minecraft:spruce_door":3,"securitycraft:door_indestructible_iron_item":3,"securitycraft:reinforced_spruce_planks":92,"minecraft:stone_pickaxe":260,"minecraft:oak_planks":24,"minecraft:wooden_pickaxe":25,"minecraft:sandstone":2,"securitycraft:keypad_frame":1,"minecraft:sand":4,"securitycraft:universal_block_remover":16,"minecraft:black_bed":3,"minecraft:bread":23,"minecraft:melon_slice":13,"minecraft:gravel":1,"minecraft:golden_helmet":1,"minecraft:bone_meal":14,"minecraft:oak_trapdoor":4,"minecraft:oak_fence":4,"minecraft:iron_bars":3,"minecraft:stone_sword":100,"alexsmobs:flying_fish_bucket":1,"minecraft:stone_shovel":542,"minecraft:spruce_planks":280,"securitycraft:keypad_door_item":6,"minecraft:stone_hoe":81,"minecraft:torch":88,"minecraft:dirt":409,"minecraft:spruce_stairs":28,"minecraft:spruce_fence":100,"minecraft:granite":6,"minecraft:wooden_axe":26,"aquaculture:iron_fishing_rod":2,"minecraft:iron_boots":1,"minecraft:bamboo":52,"minecraft:beef":13,"minecraft:iron_leggings":1,"minecraft:water_bucket":23,"securitycraft:reinforced_stone_bricks":42,"minecraft:crafting_table":9,"minecraft:smoker":1,"minecraft:spruce_log":150,"alexsmobs:flying_fish":2,"minecraft:wooden_hoe":2,"minecraft:chicken":1,"minecraft:iron_pickaxe":703,"minecraft:spruce_sapling":16,"minecraft:stone_axe":922,"minecraft:cobblestone":208,"minecraft:porkchop":13,"minecraft:bucket":31,"minecraft:glass_pane":54},"minecraft:custom":{"minecraft:interact_with_crafting_table":137,"minecraft:open_barrel":153,"minecraft:leave_game":10,"minecraft:time_since_death":182596,"minecraft:sprint_one_cm":930950,"minecraft:drop":89,"minecraft:play_time":474509,"minecraft:deaths":5,"minecraft:jump":5702,"minecraft:walk_on_water_one_cm":34762,"minecraft:interact_with_furnace":119,"minecraft:interact_with_loom":1,"minecraft:sleep_in_bed":11,"minecraft:damage_dealt":8793,"minecraft:crouch_one_cm":8249,"minecraft:interact_with_smoker":3,"minecraft:mob_kills":69,"minecraft:climb_one_cm":52111,"minecraft:walk_one_cm":1170838,"minecraft:sneak_time":4405,"minecraft:walk_under_water_one_cm":30176,"minecraft:total_world_time":474509,"minecraft:time_since_rest":58546,"minecraft:damage_taken":3077,"minecraft:swim_one_cm":78950,"minecraft:fly_one_cm":467359,"minecraft:open_chest":401,"minecraft:fall_one_cm":130589},"minecraft:dropped":{"minecraft:iron_sword":4,"minecraft:leather":8,"minecraft:cobblestone_stairs":6,"minecraft:dirt":64,"minecraft:stone_button":1,"minecraft:sand":12,"minecraft:iron_pickaxe":3,"minecraft:white_wool":5,"minecraft:bone":1,"minecraft:stone_axe":1,"minecraft:rotten_flesh":1,"securitycraft:reinforced_spruce_planks":1,"alexsmobs:flying_fish_bucket":1,"minecraft:arrow":1,"minecraft:glass":12,"minecraft:egg":4,"minecraft:wheat_seeds":94,"minecraft:lilac":1,"minecraft:poisonous_potato":1,"biomesoplenty:lavender":3,"minecraft:spruce_stairs":2,"minecraft:stick":4,"minecraft:gray_wool":3,"minecraft:potion":1,"securitycraft:sc_manual":1,"minecraft:raw_iron":2,"minecraft:potato":6,"minecraft:spruce_planks":7,"minecraft:oak_sapling":2,"minecraft:spider_eye":1,"minecraft:stone_bricks":1,"minecraft:spruce_log":1},"minecraft:killed_by":{"enemyexpansion:sprinter":1,"minecraft:skeleton":2},"minecraft:killed":{"alexsmobs:hummingbird":1,"enemyexpansion:equestrian":1,"minecraft:spider":4,"aquaculture:gar":3,"minecraft:skeleton":4,"minecraft:chicken":2,"minecraft:pig":8,"alexsmobs:seal":1,"minecraft:iron_golem":1,"minecraft:sheep":7,"minecraft:zombie":9,"alexsmobs:fly":4,"minecraft:cow":7,"aquaculture:bluegill":1,"alexsmobs:raccoon":3,"alexsmobs:seagull":2,"enemyexpansion:direwolf":3,"aquaculture:brown_trout":2,"alexsmobs:flying_fish":4,"enemyexpansion:sprinter":1,"minecraft:enderman":1},"minecraft:picked_up":{"minecraft:wheat":125,"securitycraft:keypad_item":2,"minecraft:redstone_block":1,"minecraft:string":3,"minecraft:beetroot":35,"securitycraft:reinforced_spruce_planks":93,"minecraft:spruce_planks":123,"minecraft:iron_pickaxe":3,"minecraft:melon_slice":64,"minecraft:coal_block":1,"securitycraft:reinforced_spruce_slab":45,"minecraft:furnace":3,"minecraft:stick":36,"minecraft:oak_fence":2,"minecraft:torch":55,"minecraft:spruce_stairs":6,"minecraft:porkchop":16,"minecraft:dried_kelp":4,"minecraft:honeycomb_block":2,"minecraft:diorite":2,"minecraft:stone_sword":1,"minecraft:rotten_flesh":8,"minecraft:iron_bars":1,"alexsmobs:flying_fish":4,"minecraft:cobblestone":432,"biomesoplenty:lavender":3,"minecraft:feather":1,"minecraft:lilac":1,"minecraft:iron_door":2,"minecraft:water_bucket":3,"minecraft:birch_slab":1,"minecraft:black_bed":2,"minecraft:smoker":1,"minecraft:potato":715,"create:raw_zinc":12,"minecraft:lapis_lazuli":4,"minecraft:dirt":630,"minecraft:lantern":32,"securitycraft:reinforced_stone_button":11,"minecraft:glass":7,"minecraft:bone":19,"minecraft:wheat_seeds":344,"minecraft:bamboo":972,"minecraft:oak_planks":15,"aquaculture:gar":3,"minecraft:poisonous_potato":3,"minecraft:sand":15,"minecraft:grass_block":1,"minecraft:diamond":1,"minecraft:lever":5,"minecraft:granite":6,"minecraft:bone_meal":2,"minecraft:emerald":2,"alexsmobs:maggot":5,"minecraft:oak_sapling":2,"minecraft:dark_oak_fence":3,"minecraft:crafting_table":4,"minecraft:chicken":1,"occultism:raw_silver":24,"minecraft:white_carpet":13,"aquaculture:bluegill":1,"minecraft:beef":15,"minecraft:spruce_slab":73,"minecraft:chest":9,"minecraft:sugar_cane":6,"minecraft:egg":4,"minecraft:raw_iron":167,"minecraft:sandstone":2,"minecraft:spruce_fence":4,"minecraft:stone_button":1,"minecraft:carrot":224,"minecraft:prismarine_crystals":2,"minecraft:stone_pressure_plate":4,"minecraft:arrow":4,"minecraft:beetroot_seeds":89,"aquaculture:brown_trout":2,"minecraft:hay_block":42,"securitycraft:reinforced_stone_bricks":42,"minecraft:mutton":8,"securitycraft:keypad_door_item":5,"minecraft:white_wool":5,"minecraft:rail":10,"minecraft:tripwire_hook":1,"minecraft:leather":8,"minecraft:oak_log":6,"minecraft:gunpowder":412,"minecraft:cobblestone_stairs":6,"minecraft:apple":1,"minecraft:stone_bricks":63,"minecraft:iron_ingot":8,"minecraft:iron_sword":4,"minecraft:book":18,"minecraft:scaffolding":14,"minecraft:milk_bucket":1,"minecraft:gravel":7,"minecraft:spruce_sapling":63,"minecraft:spruce_log":425,"minecraft:spruce_door":2,"minecraft:spider_eye":1,"minecraft:dried_kelp_block":82,"minecraft:purple_glazed_terracotta":4,"minecraft:stone_axe":1,"securitycraft:keypad":1,"securitycraft:door_indestructible_iron_item":3,"minecraft:black_wool":1,"minecraft:coal":50,"minecraft:ender_pearl":1},"minecraft:crafted":{"minecraft:oak_planks":24,"minecraft:stone":62,"securitycraft:keypad_item":1,"minecraft:heavy_weighted_pressure_plate":1,"securitycraft:laser_block":1,"minecraft:glass":29,"minecraft:iron_boots":1,"minecraft:chest":20,"minecraft:dried_kelp_block":59,"minecraft:stone_hoe":1,"minecraft:stone_bricks":56,"minecraft:oak_fence":3,"securitycraft:keypad_door_item":1,"minecraft:crafting_table":6,"minecraft:spruce_planks":884,"minecraft:wooden_pickaxe":1,"minecraft:iron_helmet":1,"minecraft:spruce_door":3,"minecraft:wooden_hoe":1,"minecraft:iron_chestplate":1,"aquaculture:iron_hook":2,"minecraft:stick":172,"minecraft:iron_ingot":186,"minecraft:iron_pickaxe":3,"minecraft:iron_block":1,"minecraft:black_bed":1,"aquaculture:iron_fishing_rod":1,"securitycraft:sc_manual":2,"minecraft:shears":1,"securitycraft:universal_block_reinforcer_lvl1":1,"minecraft:redstone":40,"minecraft:coal":9,"minecraft:stone_shovel":5,"minecraft:iron_nugget":9,"minecraft:furnace":6,"minecraft:stone_button":11,"minecraft:bone_meal":54,"minecraft:spruce_fence":96,"securitycraft:keypad_frame":1,"minecraft:oak_trapdoor":4,"minecraft:glass_pane":64,"minecraft:spruce_stairs":40,"aquaculture:double_hook":1,"minecraft:ladder":9,"securitycraft:universal_block_remover":1,"minecraft:spruce_slab":246,"minecraft:stone_pickaxe":2,"minecraft:wheat":370,"occultism:silver_ingot":24,"minecraft:dried_kelp":527,"minecraft:iron_sword":2,"minecraft:stone_axe":7,"minecraft:bread":168,"minecraft:air":0,"securitycraft:door_indestructible_iron_item":1,"minecraft:wooden_axe":1,"minecraft:iron_leggings":1,"minecraft:torch":32,"create:zinc_ingot":12}},"DataVersion":3465}