{"stats":{"minecraft:mined":{"create:zinc_ore":12,"minecraft:purple_glazed_terracotta":4,"minecraft:spruce_planks":27,"minecraft:stone_pressure_plate":4,"minecraft:cobblestone_stairs":3,"minecraft:sea_lantern":1,"minecraft:lever":5,"minecraft:dark_oak_fence":3,"minecraft:spruce_fence":2,"minecraft:grass_block":238,"minecraft:coal_block":1,"minecraft:spruce_leaves":97,"minecraft:birch_slab":1,"minecraft:moss_block":1,"minecraft:hay_block":42,"minecraft:tall_seagrass":1,"minecraft:carrots":63,"minecraft:furnace":3,"minecraft:iron_ore":149,"biomesoplenty:lavender":4,"minecraft:stripped_spruce_log":2,"minecraft:bookshelf":6,"minecraft:potatoes":154,"minecraft:dirt_path":44,"minecraft:vine":3,"minecraft:rail":10,"minecraft:iron_bars":1,"minecraft:lantern":26,"minecraft:bamboo_sapling":3,"occultism:silver_ore":24,"minecraft:bamboo":61,"minecraft:stone":343,"minecraft:spruce_slab":72,"minecraft:scaffolding":12,"minecraft:glass_pane":6,"minecraft:smoker":2,"minecraft:powder_snow":28,"minecraft:spruce_door":2,"minecraft:oak_fence":2,"minecraft:crafting_table":3,"minecraft:torch":18,"minecraft:emerald_ore":2,"minecraft:chest":8,"minecraft:brain_coral_fan":1,"minecraft:cobblestone":34,"minecraft:dried_kelp_block":59,"minecraft:lapis_ore":1,"minecraft:oak_planks":16,"minecraft:sugar_cane":2,"minecraft:iron_door":2,"minecraft:wall_torch":21,"minecraft:spruce_stairs":6,"minecraft:beehive":1,"minecraft:wheat":109,"minecraft:lilac":1,"minecraft:white_carpet":1,"minecraft:spruce_log":445,"minecraft:black_bed":2,"minecraft:grass":23,"minecraft:coal_ore":30,"minecraft:oak_log":6,"minecraft:beetroots":35,"minecraft:gravel":1,"minecraft:dirt":336,"minecraft:tripwire_hook":1,"minecraft:stone_bricks":21,"luckytntmod:gunpowder_ore":21},"minecraft:broken":{"minecraft:stone_sword":1,"minecraft:stone_pickaxe":1,"minecraft:stone_axe":5,"minecraft:iron_pickaxe":2,"minecraft:stone_shovel":4},"minecraft:used":{"minecraft:oak_trapdoor":4,"minecraft:beetroot":14,"minecraft:oak_fence":4,"minecraft:iron_bars":2,"minecraft:stone_sword":100,"securitycraft:reinforced_spruce_slab":44,"alexsmobs:flying_fish_bucket":1,"minecraft:spruce_slab":253,"minecraft:stone_shovel":526,"minecraft:ladder":9,"minecraft:chest":26,"minecraft:spruce_planks":280,"minecraft:iron_sword":80,"securitycraft:keypad_door_item":6,"minecraft:stone_hoe":81,"minecraft:iron_chestplate":1,"minecraft:torch":62,"minecraft:dirt":409,"minecraft:mutton":6,"securitycraft:keypad_item":3,"minecraft:spruce_stairs":28,"minecraft:carrot":8,"minecraft:spruce_fence":98,"minecraft:milk_bucket":2,"minecraft:wooden_axe":26,"minecraft:lantern":18,"minecraft:iron_helmet":2,"minecraft:iron_boots":1,"minecraft:stone_bricks":60,"minecraft:bamboo":52,"minecraft:beef":13,"minecraft:cooked_cod":6,"minecraft:furnace":9,"minecraft:potato":209,"minecraft:iron_leggings":1,"minecraft:water_bucket":14,"minecraft:spruce_door":3,"securitycraft:door_indestructible_iron_item":3,"minecraft:stone_pickaxe":258,"minecraft:oak_planks":24,"minecraft:wooden_pickaxe":25,"securitycraft:keypad_frame":1,"minecraft:crafting_table":8,"securitycraft:universal_block_remover":12,"minecraft:black_bed":3,"minecraft:spruce_log":149,"minecraft:smoker":1,"alexsmobs:flying_fish":2,"minecraft:wooden_hoe":1,"minecraft:chicken":1,"minecraft:melon_slice":13,"minecraft:bread":10,"minecraft:iron_pickaxe":503,"minecraft:gravel":1,"minecraft:spruce_sapling":16,"minecraft:golden_helmet":1,"minecraft:stone_axe":780,"minecraft:cobblestone":165,"minecraft:porkchop":13,"minecraft:bucket":16,"minecraft:glass_pane":54,"minecraft:bone_meal":14},"minecraft:custom":{"minecraft:mob_kills":56,"minecraft:interact_with_crafting_table":122,"minecraft:open_barrel":152,"minecraft:leave_game":6,"minecraft:time_since_death":113609,"minecraft:climb_one_cm":47903,"minecraft:sprint_one_cm":730988,"minecraft:walk_one_cm":1037196,"minecraft:drop":80,"minecraft:play_time":405522,"minecraft:sneak_time":4282,"minecraft:deaths":5,"minecraft:walk_under_water_one_cm":13460,"minecraft:jump":4634,"minecraft:walk_on_water_one_cm":16865,"minecraft:total_world_time":405522,"minecraft:interact_with_furnace":104,"minecraft:interact_with_loom":1,"minecraft:sleep_in_bed":10,"minecraft:time_since_rest":50331,"minecraft:damage_taken":2705,"minecraft:damage_dealt":7146,"minecraft:swim_one_cm":12435,"minecraft:fly_one_cm":322697,"minecraft:open_chest":348,"minecraft:crouch_one_cm":8244,"minecraft:interact_with_smoker":3,"minecraft:fall_one_cm":101886},"minecraft:dropped":{"minecraft:iron_sword":3,"minecraft:wheat_seeds":94,"minecraft:lilac":1,"minecraft:poisonous_potato":1,"biomesoplenty:lavender":3,"minecraft:leather":8,"minecraft:spruce_stairs":2,"minecraft:cobblestone_stairs":6,"minecraft:stick":2,"minecraft:dirt":64,"minecraft:gray_wool":3,"minecraft:potion":1,"minecraft:sand":12,"minecraft:iron_pickaxe":3,"securitycraft:sc_manual":1,"minecraft:white_wool":5,"minecraft:bone":1,"minecraft:raw_iron":2,"minecraft:rotten_flesh":1,"minecraft:potato":6,"alexsmobs:flying_fish_bucket":1,"minecraft:spruce_planks":4,"minecraft:oak_sapling":2,"minecraft:stone_bricks":1,"minecraft:spruce_log":1,"minecraft:arrow":1,"minecraft:glass":12,"minecraft:egg":4},"minecraft:killed_by":{"enemyexpansion:sprinter":1,"minecraft:skeleton":2},"minecraft:killed":{"alexsmobs:hummingbird":1,"alexsmobs:raccoon":3,"minecraft:spider":3,"alexsmobs:seagull":2,"enemyexpansion:direwolf":2,"minecraft:skeleton":4,"minecraft:chicken":2,"alexsmobs:flying_fish":4,"minecraft:pig":8,"alexsmobs:seal":1,"minecraft:iron_golem":1,"minecraft:sheep":7,"minecraft:zombie":6,"alexsmobs:fly":4,"minecraft:enderman":1,"minecraft:cow":7},"minecraft:picked_up":{"minecraft:crafting_table":3,"minecraft:wheat":125,"securitycraft:keypad_item":2,"minecraft:redstone_block":1,"minecraft:chicken":1,"occultism:raw_silver":24,"minecraft:string":2,"minecraft:white_carpet":13,"minecraft:beetroot":35,"minecraft:spruce_planks":33,"minecraft:beef":15,"minecraft:iron_pickaxe":3,"minecraft:spruce_slab":73,"minecraft:coal_block":1,"minecraft:melon_slice":64,"minecraft:sugar_cane":6,"minecraft:chest":8,"securitycraft:reinforced_spruce_slab":45,"minecraft:furnace":3,"minecraft:egg":4,"minecraft:stick":34,"minecraft:raw_iron":151,"minecraft:oak_fence":2,"minecraft:torch":43,"minecraft:spruce_stairs":6,"minecraft:spruce_fence":2,"minecraft:porkchop":16,"minecraft:dried_kelp":4,"minecraft:carrot":224,"minecraft:prismarine_crystals":2,"minecraft:stone_pressure_plate":4,"minecraft:stone_sword":1,"minecraft:arrow":4,"minecraft:rotten_flesh":5,"minecraft:beetroot_seeds":89,"minecraft:hay_block":42,"securitycraft:keypad_door_item":5,"minecraft:mutton":8,"minecraft:iron_bars":1,"minecraft:rail":10,"alexsmobs:flying_fish":4,"minecraft:white_wool":5,"minecraft:cobblestone":375,"biomesoplenty:lavender":3,"minecraft:feather":1,"minecraft:lilac":1,"minecraft:iron_door":2,"minecraft:tripwire_hook":1,"minecraft:birch_slab":1,"minecraft:black_bed":2,"minecraft:leather":8,"minecraft:smoker":1,"minecraft:potato":549,"create:raw_zinc":12,"minecraft:oak_log":6,"minecraft:gunpowder":77,"minecraft:cobblestone_stairs":6,"minecraft:lapis_lazuli":4,"minecraft:dirt":628,"minecraft:lantern":28,"securitycraft:reinforced_stone_button":11,"minecraft:glass":7,"minecraft:bone":19,"minecraft:apple":1,"minecraft:stone_bricks":21,"minecraft:wheat_seeds":344,"minecraft:iron_ingot":8,"minecraft:bamboo":656,"minecraft:iron_sword":3,"minecraft:oak_planks":15,"minecraft:book":18,"minecraft:scaffolding":14,"minecraft:milk_bucket":1,"minecraft:poisonous_potato":3,"minecraft:gravel":1,"minecraft:sand":6,"minecraft:spruce_sapling":63,"minecraft:grass_block":1,"minecraft:spruce_log":409,"minecraft:spruce_door":2,"minecraft:dried_kelp_block":82,"minecraft:diamond":1,"minecraft:purple_glazed_terracotta":4,"minecraft:lever":5,"securitycraft:keypad":1,"minecraft:emerald":2,"alexsmobs:maggot":5,"minecraft:oak_sapling":2,"securitycraft:door_indestructible_iron_item":3,"minecraft:black_wool":1,"minecraft:dark_oak_fence":3,"minecraft:coal":47,"minecraft:ender_pearl":1},"minecraft:crafted":{"minecraft:oak_planks":24,"minecraft:redstone":40,"minecraft:stone_shovel":4,"minecraft:coal":9,"minecraft:furnace":6,"minecraft:stone_button":11,"minecraft:stone":62,"securitycraft:keypad_item":1,"minecraft:bone_meal":54,"minecraft:spruce_fence":96,"securitycraft:keypad_frame":1,"minecraft:heavy_weighted_pressure_plate":1,"minecraft:oak_trapdoor":4,"minecraft:glass_pane":64,"securitycraft:laser_block":1,"minecraft:glass":29,"minecraft:spruce_stairs":40,"minecraft:iron_boots":1,"securitycraft:universal_block_remover":1,"minecraft:ladder":9,"minecraft:spruce_slab":246,"minecraft:stone_pickaxe":2,"minecraft:chest":18,"minecraft:dried_kelp_block":59,"minecraft:stone_hoe":1,"minecraft:stone_bricks":56,"minecraft:oak_fence":3,"securitycraft:keypad_door_item":1,"minecraft:wheat":370,"occultism:silver_ingot":24,"minecraft:crafting_table":5,"minecraft:spruce_planks":884,"minecraft:dried_kelp":527,"minecraft:wooden_pickaxe":1,"minecraft:iron_helmet":1,"minecraft:iron_sword":2,"minecraft:spruce_door":3,"minecraft:stone_axe":6,"minecraft:bread":168,"minecraft:air":0,"securitycraft:door_indestructible_iron_item":1,"minecraft:iron_chestplate":1,"minecraft:wooden_hoe":1,"minecraft:stick":168,"minecraft:iron_ingot":142,"minecraft:iron_pickaxe":3,"minecraft:wooden_axe":1,"minecraft:iron_block":1,"minecraft:iron_leggings":1,"minecraft:black_bed":1,"minecraft:torch":32,"securitycraft:universal_block_reinforcer_lvl1":1,"securitycraft:sc_manual":2,"create:zinc_ingot":12,"minecraft:shears":1}},"DataVersion":3465}