{"stats":{"minecraft:custom":{"minecraft:mob_kills":42,"minecraft:interact_with_crafting_table":74,"minecraft:open_barrel":36,"minecraft:leave_game":4,"minecraft:time_since_death":42387,"minecraft:climb_one_cm":26391,"minecraft:sprint_one_cm":350981,"minecraft:walk_one_cm":725101,"minecraft:drop":28,"minecraft:play_time":230881,"minecraft:deaths":4,"minecraft:sneak_time":4201,"minecraft:walk_under_water_one_cm":1552,"minecraft:jump":3041,"minecraft:walk_on_water_one_cm":1625,"minecraft:total_world_time":230881,"minecraft:interact_with_furnace":43,"minecraft:sleep_in_bed":6,"minecraft:time_since_rest":42418,"minecraft:damage_taken":1823,"minecraft:damage_dealt":5263,"minecraft:fly_one_cm":168617,"minecraft:open_chest":115,"minecraft:crouch_one_cm":8214,"minecraft:fall_one_cm":65376},"minecraft:killed_by":{"enemyexpansion:sprinter":1,"minecraft:skeleton":2},"minecraft:picked_up":{"minecraft:crafting_table":3,"minecraft:wheat":125,"minecraft:chicken":1,"occultism:raw_silver":14,"minecraft:white_carpet":13,"minecraft:beetroot":35,"minecraft:spruce_planks":24,"minecraft:beef":15,"minecraft:iron_pickaxe":1,"minecraft:spruce_slab":14,"minecraft:sugar_cane":6,"minecraft:chest":4,"minecraft:furnace":3,"minecraft:egg":4,"minecraft:stick":27,"minecraft:raw_iron":54,"minecraft:oak_fence":2,"minecraft:torch":29,"minecraft:spruce_stairs":4,"minecraft:spruce_fence":2,"minecraft:porkchop":16,"minecraft:carrot":224,"minecraft:stone_pressure_plate":4,"minecraft:rotten_flesh":5,"minecraft:stone_sword":1,"minecraft:arrow":3,"minecraft:beetroot_seeds":89,"minecraft:hay_block":42,"minecraft:mutton":8,"minecraft:iron_bars":1,"minecraft:cobblestone":345,"minecraft:white_wool":5,"biomesoplenty:lavender":3,"minecraft:feather":1,"minecraft:lilac":1,"minecraft:iron_door":2,"minecraft:birch_slab":1,"minecraft:black_bed":2,"minecraft:leather":8,"minecraft:smoker":1,"minecraft:potato":408,"minecraft:oak_log":6,"minecraft:dirt":620,"minecraft:lantern":28,"minecraft:bone":17,"minecraft:apple":1,"minecraft:stone_bricks":20,"minecraft:wheat_seeds":344,"minecraft:iron_ingot":8,"minecraft:bamboo":361,"minecraft:iron_sword":1,"minecraft:oak_planks":14,"minecraft:book":18,"minecraft:scaffolding":14,"minecraft:poisonous_potato":3,"minecraft:gravel":1,"minecraft:spruce_sapling":56,"minecraft:spruce_log":361,"minecraft:spruce_door":2,"minecraft:lever":5,"minecraft:emerald":2,"alexsmobs:maggot":4,"minecraft:oak_sapling":2,"securitycraft:door_indestructible_iron_item":1,"minecraft:black_wool":1,"minecraft:coal":47},"minecraft:broken":{"minecraft:stone_sword":1,"minecraft:stone_pickaxe":1,"minecraft:stone_axe":4,"minecraft:iron_pickaxe":1,"minecraft:stone_shovel":4},"minecraft:mined":{"minecraft:stone_pressure_plate":4,"minecraft:spruce_planks":25,"minecraft:lever":5,"minecraft:grass_block":238,"minecraft:spruce_fence":2,"minecraft:birch_slab":1,"minecraft:spruce_leaves":96,"minecraft:moss_block":1,"minecraft:hay_block":42,"minecraft:furnace":3,"minecraft:carrots":63,"minecraft:iron_ore":54,"biomesoplenty:lavender":4,"minecraft:bookshelf":6,"minecraft:potatoes":108,"minecraft:vine":3,"minecraft:dirt_path":44,"minecraft:iron_bars":1,"minecraft:lantern":26,"minecraft:bamboo_sapling":3,"occultism:silver_ore":14,"minecraft:bamboo":35,"minecraft:stone":328,"minecraft:spruce_slab":13,"minecraft:scaffolding":12,"minecraft:smoker":2,"minecraft:spruce_door":2,"minecraft:powder_snow":28,"minecraft:oak_fence":2,"minecraft:crafting_table":3,"minecraft:torch":15,"minecraft:emerald_ore":2,"minecraft:chest":4,"minecraft:brain_coral_fan":1,"minecraft:cobblestone":14,"minecraft:sugar_cane":2,"minecraft:oak_planks":15,"minecraft:iron_door":2,"minecraft:wall_torch":12,"minecraft:spruce_stairs":4,"minecraft:wheat":109,"minecraft:lilac":1,"minecraft:white_carpet":1,"minecraft:spruce_log":370,"minecraft:black_bed":2,"minecraft:grass":22,"minecraft:oak_log":6,"minecraft:coal_ore":30,"minecraft:beetroots":35,"minecraft:gravel":1,"minecraft:dirt":329,"minecraft:stone_bricks":20},"minecraft:killed":{"alexsmobs:hummingbird":1,"alexsmobs:raccoon":3,"minecraft:spider":1,"enemyexpansion:direwolf":2,"minecraft:skeleton":2,"minecraft:chicken":2,"minecraft:pig":8,"minecraft:iron_golem":1,"minecraft:sheep":7,"minecraft:zombie":5,"alexsmobs:fly":3,"minecraft:cow":7},"minecraft:crafted":{"minecraft:oak_planks":24,"minecraft:stone_shovel":4,"minecraft:furnace":4,"minecraft:stone":59,"minecraft:bone_meal":9,"minecraft:spruce_fence":96,"minecraft:spruce_stairs":40,"securitycraft:universal_block_remover":1,"minecraft:ladder":9,"minecraft:spruce_slab":246,"minecraft:stone_pickaxe":1,"minecraft:chest":8,"minecraft:stone_hoe":1,"minecraft:stone_bricks":56,"minecraft:oak_fence":3,"minecraft:wheat":370,"occultism:silver_ingot":14,"minecraft:crafting_table":4,"minecraft:spruce_planks":856,"minecraft:wooden_pickaxe":1,"minecraft:iron_sword":2,"minecraft:spruce_door":3,"minecraft:stone_axe":5,"minecraft:bread":168,"minecraft:air":0,"securitycraft:door_indestructible_iron_item":1,"minecraft:wooden_hoe":1,"minecraft:stick":160,"minecraft:iron_ingot":45,"minecraft:iron_pickaxe":2,"minecraft:wooden_axe":1,"minecraft:black_bed":1,"minecraft:torch":32,"minecraft:shears":1},"minecraft:dropped":{"minecraft:iron_sword":1,"minecraft:wheat_seeds":94,"minecraft:lilac":1,"minecraft:poisonous_potato":1,"biomesoplenty:lavender":3,"minecraft:leather":8,"minecraft:iron_pickaxe":1,"minecraft:white_wool":5,"minecraft:bone":1,"minecraft:rotten_flesh":1,"minecraft:potato":1,"minecraft:oak_sapling":2,"minecraft:egg":4},"minecraft:used":{"minecraft:beetroot":14,"minecraft:oak_fence":4,"minecraft:stone_sword":100,"minecraft:iron_bars":2,"minecraft:stone_shovel":526,"minecraft:spruce_slab":229,"minecraft:ladder":9,"minecraft:chest":12,"minecraft:spruce_planks":250,"minecraft:iron_sword":26,"minecraft:stone_hoe":81,"minecraft:torch":49,"minecraft:dirt":373,"minecraft:mutton":6,"minecraft:spruce_stairs":28,"minecraft:carrot":8,"minecraft:spruce_fence":98,"minecraft:milk_bucket":2,"minecraft:wooden_axe":26,"minecraft:lantern":18,"minecraft:stone_bricks":60,"minecraft:bamboo":52,"minecraft:beef":13,"minecraft:furnace":7,"minecraft:potato":158,"minecraft:water_bucket":9,"minecraft:spruce_door":3,"securitycraft:door_indestructible_iron_item":1,"minecraft:stone_pickaxe":128,"minecraft:oak_planks":23,"minecraft:wooden_pickaxe":5,"minecraft:crafting_table":7,"securitycraft:universal_block_remover":1,"minecraft:black_bed":3,"minecraft:spruce_log":147,"minecraft:wooden_hoe":1,"minecraft:chicken":1,"minecraft:iron_pickaxe":395,"minecraft:spruce_sapling":12,"minecraft:gravel":1,"minecraft:stone_axe":604,"minecraft:cobblestone":152,"minecraft:porkchop":13,"minecraft:bucket":11,"minecraft:bone_meal":9}},"DataVersion":3465}