{"stats":{"minecraft:mined":{"create:zinc_ore":12,"minecraft:purple_glazed_terracotta":4,"minecraft:stone_pressure_plate":4,"minecraft:spruce_planks":26,"minecraft:cobblestone_stairs":3,"minecraft:sea_lantern":1,"minecraft:lever":5,"minecraft:dark_oak_fence":3,"minecraft:grass_block":238,"minecraft:spruce_fence":2,"minecraft:coal_block":1,"minecraft:birch_slab":1,"minecraft:spruce_leaves":97,"minecraft:moss_block":1,"minecraft:hay_block":42,"minecraft:tall_seagrass":1,"minecraft:furnace":3,"minecraft:carrots":63,"minecraft:iron_ore":149,"biomesoplenty:lavender":4,"minecraft:stripped_spruce_log":2,"minecraft:bookshelf":6,"minecraft:potatoes":154,"minecraft:vine":3,"minecraft:dirt_path":44,"minecraft:rail":10,"minecraft:iron_bars":1,"minecraft:lantern":26,"minecraft:bamboo_sapling":3,"occultism:silver_ore":24,"minecraft:bamboo":61,"minecraft:stone":339,"minecraft:spruce_slab":15,"minecraft:scaffolding":12,"minecraft:glass_pane":6,"minecraft:smoker":2,"minecraft:spruce_door":2,"minecraft:powder_snow":28,"minecraft:oak_fence":2,"minecraft:crafting_table":3,"minecraft:torch":17,"minecraft:emerald_ore":2,"minecraft:chest":8,"minecraft:brain_coral_fan":1,"minecraft:cobblestone":29,"minecraft:dried_kelp_block":59,"minecraft:lapis_ore":1,"minecraft:sugar_cane":2,"minecraft:oak_planks":15,"minecraft:iron_door":2,"minecraft:wall_torch":16,"minecraft:spruce_stairs":6,"minecraft:beehive":1,"minecraft:wheat":109,"minecraft:lilac":1,"minecraft:white_carpet":1,"minecraft:spruce_log":373,"minecraft:black_bed":2,"minecraft:grass":22,"minecraft:oak_log":6,"minecraft:coal_ore":30,"minecraft:beetroots":35,"minecraft:gravel":1,"minecraft:dirt":333,"minecraft:tripwire_hook":1,"minecraft:stone_bricks":21,"luckytntmod:gunpowder_ore":21},"minecraft:broken":{"minecraft:stone_sword":1,"minecraft:stone_pickaxe":1,"minecraft:stone_axe":4,"minecraft:iron_pickaxe":2,"minecraft:stone_shovel":4},"minecraft:used":{"minecraft:beetroot":14,"minecraft:oak_fence":4,"minecraft:stone_sword":100,"minecraft:iron_bars":2,"alexsmobs:flying_fish_bucket":1,"minecraft:spruce_slab":232,"minecraft:stone_shovel":526,"minecraft:ladder":9,"minecraft:chest":26,"minecraft:spruce_planks":260,"minecraft:iron_sword":76,"minecraft:stone_hoe":81,"minecraft:torch":56,"minecraft:dirt":409,"minecraft:mutton":6,"minecraft:spruce_stairs":28,"minecraft:carrot":8,"minecraft:spruce_fence":98,"minecraft:milk_bucket":2,"minecraft:wooden_axe":26,"minecraft:lantern":18,"minecraft:stone_bricks":60,"minecraft:bamboo":52,"minecraft:beef":13,"minecraft:cooked_cod":6,"minecraft:furnace":9,"minecraft:potato":209,"minecraft:water_bucket":14,"minecraft:spruce_door":3,"securitycraft:door_indestructible_iron_item":1,"minecraft:stone_pickaxe":246,"minecraft:oak_planks":23,"minecraft:wooden_pickaxe":25,"minecraft:crafting_table":8,"securitycraft:universal_block_remover":1,"minecraft:black_bed":3,"minecraft:smoker":1,"minecraft:spruce_log":147,"alexsmobs:flying_fish":2,"minecraft:wooden_hoe":1,"minecraft:melon_slice":12,"minecraft:bread":10,"minecraft:chicken":1,"minecraft:iron_pickaxe":503,"minecraft:spruce_sapling":12,"minecraft:gravel":1,"minecraft:stone_axe":648,"minecraft:cobblestone":162,"minecraft:porkchop":13,"minecraft:bucket":16,"minecraft:glass_pane":50,"minecraft:bone_meal":9},"minecraft:custom":{"minecraft:mob_kills":55,"minecraft:interact_with_crafting_table":95,"minecraft:open_barrel":152,"minecraft:leave_game":4,"minecraft:time_since_death":69369,"minecraft:climb_one_cm":43048,"minecraft:sprint_one_cm":701721,"minecraft:walk_one_cm":975168,"minecraft:drop":51,"minecraft:play_time":361282,"minecraft:sneak_time":4258,"minecraft:deaths":5,"minecraft:walk_under_water_one_cm":13460,"minecraft:jump":4371,"minecraft:walk_on_water_one_cm":16865,"minecraft:total_world_time":361282,"minecraft:interact_with_furnace":72,"minecraft:interact_with_loom":1,"minecraft:sleep_in_bed":10,"minecraft:time_since_rest":6091,"minecraft:damage_taken":2671,"minecraft:damage_dealt":7092,"minecraft:swim_one_cm":12435,"minecraft:fly_one_cm":317181,"minecraft:open_chest":270,"minecraft:crouch_one_cm":8244,"minecraft:interact_with_smoker":2,"minecraft:fall_one_cm":99010},"minecraft:dropped":{"minecraft:iron_sword":2,"minecraft:wheat_seeds":94,"minecraft:lilac":1,"minecraft:poisonous_potato":1,"biomesoplenty:lavender":3,"minecraft:leather":8,"minecraft:spruce_stairs":2,"minecraft:stick":2,"minecraft:cobblestone_stairs":6,"minecraft:dirt":64,"minecraft:potion":1,"minecraft:iron_pickaxe":3,"securitycraft:sc_manual":1,"minecraft:white_wool":5,"minecraft:bone":1,"minecraft:raw_iron":2,"minecraft:rotten_flesh":1,"minecraft:potato":6,"minecraft:spruce_planks":1,"alexsmobs:flying_fish_bucket":1,"minecraft:oak_sapling":2,"minecraft:stone_bricks":1,"minecraft:spruce_log":1,"minecraft:arrow":1,"minecraft:glass":2,"minecraft:egg":4},"minecraft:killed_by":{"enemyexpansion:sprinter":1,"minecraft:skeleton":2},"minecraft:killed":{"alexsmobs:hummingbird":1,"alexsmobs:raccoon":3,"minecraft:spider":3,"alexsmobs:seagull":2,"enemyexpansion:direwolf":2,"minecraft:skeleton":4,"minecraft:chicken":2,"alexsmobs:flying_fish":4,"minecraft:pig":8,"alexsmobs:seal":1,"minecraft:iron_golem":1,"minecraft:sheep":7,"minecraft:zombie":6,"alexsmobs:fly":3,"minecraft:enderman":1,"minecraft:cow":7},"minecraft:picked_up":{"minecraft:crafting_table":3,"minecraft:wheat":125,"minecraft:redstone_block":1,"minecraft:chicken":1,"occultism:raw_silver":24,"minecraft:string":2,"minecraft:white_carpet":13,"minecraft:beetroot":35,"minecraft:spruce_planks":27,"minecraft:beef":15,"minecraft:spruce_slab":17,"minecraft:iron_pickaxe":3,"minecraft:melon_slice":64,"minecraft:coal_block":1,"minecraft:sugar_cane":6,"minecraft:chest":8,"minecraft:furnace":3,"minecraft:egg":4,"minecraft:stick":27,"minecraft:raw_iron":151,"minecraft:oak_fence":2,"minecraft:torch":36,"minecraft:spruce_stairs":6,"minecraft:spruce_fence":2,"minecraft:porkchop":16,"minecraft:dried_kelp":4,"minecraft:carrot":224,"minecraft:prismarine_crystals":2,"minecraft:stone_pressure_plate":4,"minecraft:stone_sword":1,"minecraft:arrow":4,"minecraft:rotten_flesh":5,"minecraft:beetroot_seeds":89,"minecraft:hay_block":42,"alexsmobs:flying_fish":4,"minecraft:mutton":8,"minecraft:rail":10,"minecraft:iron_bars":1,"minecraft:cobblestone":366,"minecraft:white_wool":5,"biomesoplenty:lavender":3,"minecraft:feather":1,"minecraft:lilac":1,"minecraft:iron_door":2,"minecraft:tripwire_hook":1,"minecraft:birch_slab":1,"minecraft:black_bed":2,"minecraft:leather":8,"minecraft:smoker":1,"minecraft:potato":549,"create:raw_zinc":12,"minecraft:oak_log":6,"minecraft:cobblestone_stairs":6,"minecraft:gunpowder":77,"minecraft:lapis_lazuli":4,"minecraft:dirt":625,"minecraft:lantern":28,"minecraft:bone":19,"minecraft:apple":1,"minecraft:stone_bricks":21,"minecraft:wheat_seeds":344,"minecraft:iron_ingot":8,"minecraft:bamboo":656,"minecraft:iron_sword":2,"minecraft:oak_planks":14,"minecraft:book":18,"minecraft:scaffolding":14,"minecraft:milk_bucket":1,"minecraft:poisonous_potato":3,"minecraft:gravel":1,"minecraft:spruce_sapling":56,"minecraft:grass_block":1,"minecraft:spruce_log":364,"minecraft:spruce_door":2,"minecraft:dried_kelp_block":82,"minecraft:diamond":1,"minecraft:purple_glazed_terracotta":4,"minecraft:lever":5,"minecraft:emerald":2,"alexsmobs:maggot":4,"minecraft:dark_oak_fence":3,"minecraft:oak_sapling":2,"securitycraft:door_indestructible_iron_item":1,"minecraft:black_wool":1,"minecraft:coal":47,"minecraft:ender_pearl":1},"minecraft:crafted":{"minecraft:oak_planks":24,"minecraft:stone_shovel":4,"minecraft:furnace":6,"minecraft:stone_button":6,"minecraft:stone":62,"minecraft:bone_meal":9,"minecraft:spruce_fence":96,"minecraft:heavy_weighted_pressure_plate":1,"minecraft:glass_pane":64,"securitycraft:laser_block":1,"minecraft:glass":26,"minecraft:spruce_stairs":40,"securitycraft:universal_block_remover":1,"minecraft:ladder":9,"minecraft:spruce_slab":246,"minecraft:stone_pickaxe":2,"minecraft:chest":18,"minecraft:stone_hoe":1,"minecraft:stone_bricks":56,"minecraft:oak_fence":3,"minecraft:wheat":370,"occultism:silver_ingot":14,"minecraft:crafting_table":5,"minecraft:spruce_planks":864,"minecraft:dried_kelp":527,"minecraft:wooden_pickaxe":1,"minecraft:iron_sword":2,"minecraft:spruce_door":3,"minecraft:stone_axe":5,"minecraft:bread":168,"minecraft:air":0,"securitycraft:door_indestructible_iron_item":1,"minecraft:wooden_hoe":1,"minecraft:stick":164,"minecraft:iron_ingot":45,"minecraft:iron_pickaxe":2,"minecraft:wooden_axe":1,"minecraft:black_bed":1,"minecraft:torch":32,"securitycraft:sc_manual":2,"minecraft:shears":1}},"DataVersion":3465}