{"stats":{"minecraft:mined":{"create:zinc_ore":12,"minecraft:purple_glazed_terracotta":4,"minecraft:stone_pressure_plate":4,"minecraft:spruce_planks":26,"minecraft:sea_lantern":1,"minecraft:lever":5,"minecraft:dark_oak_fence":3,"minecraft:grass_block":238,"minecraft:spruce_fence":2,"minecraft:coal_block":1,"minecraft:birch_slab":1,"minecraft:spruce_leaves":97,"minecraft:moss_block":1,"minecraft:hay_block":42,"minecraft:tall_seagrass":1,"minecraft:furnace":3,"minecraft:carrots":63,"minecraft:iron_ore":63,"biomesoplenty:lavender":4,"minecraft:stripped_spruce_log":2,"minecraft:bookshelf":6,"minecraft:potatoes":154,"minecraft:vine":3,"minecraft:dirt_path":44,"minecraft:rail":10,"minecraft:iron_bars":1,"minecraft:lantern":26,"minecraft:bamboo_sapling":3,"occultism:silver_ore":21,"minecraft:bamboo":61,"minecraft:stone":332,"minecraft:spruce_slab":15,"minecraft:scaffolding":12,"minecraft:glass_pane":4,"minecraft:smoker":2,"minecraft:spruce_door":2,"minecraft:powder_snow":28,"minecraft:oak_fence":2,"minecraft:crafting_table":3,"minecraft:torch":17,"minecraft:emerald_ore":2,"minecraft:chest":8,"minecraft:brain_coral_fan":1,"minecraft:cobblestone":20,"minecraft:dried_kelp_block":13,"minecraft:sugar_cane":2,"minecraft:oak_planks":15,"minecraft:iron_door":2,"minecraft:wall_torch":12,"minecraft:spruce_stairs":6,"minecraft:beehive":1,"minecraft:wheat":109,"minecraft:lilac":1,"minecraft:white_carpet":1,"minecraft:spruce_log":370,"minecraft:black_bed":2,"minecraft:grass":22,"minecraft:oak_log":6,"minecraft:coal_ore":30,"minecraft:beetroots":35,"minecraft:gravel":1,"minecraft:dirt":333,"minecraft:tripwire_hook":1,"minecraft:stone_bricks":21,"luckytntmod:gunpowder_ore":21},"minecraft:broken":{"minecraft:stone_sword":1,"minecraft:stone_pickaxe":1,"minecraft:stone_axe":4,"minecraft:iron_pickaxe":1,"minecraft:stone_shovel":4},"minecraft:used":{"minecraft:beetroot":14,"minecraft:oak_fence":4,"minecraft:stone_sword":100,"minecraft:iron_bars":2,"minecraft:spruce_slab":229,"minecraft:stone_shovel":526,"minecraft:ladder":9,"minecraft:chest":26,"minecraft:spruce_planks":250,"minecraft:iron_sword":46,"minecraft:stone_hoe":81,"minecraft:torch":52,"minecraft:dirt":384,"minecraft:mutton":6,"minecraft:spruce_stairs":28,"minecraft:carrot":8,"minecraft:spruce_fence":98,"minecraft:milk_bucket":2,"minecraft:wooden_axe":26,"minecraft:lantern":18,"minecraft:stone_bricks":60,"minecraft:bamboo":52,"minecraft:beef":13,"minecraft:furnace":9,"minecraft:potato":209,"minecraft:water_bucket":12,"minecraft:spruce_door":3,"securitycraft:door_indestructible_iron_item":1,"minecraft:stone_pickaxe":128,"minecraft:oak_planks":23,"minecraft:wooden_pickaxe":5,"minecraft:crafting_table":7,"securitycraft:universal_block_remover":1,"minecraft:black_bed":3,"minecraft:spruce_log":147,"minecraft:wooden_hoe":1,"minecraft:bread":9,"minecraft:chicken":1,"minecraft:iron_pickaxe":474,"minecraft:spruce_sapling":12,"minecraft:gravel":1,"minecraft:stone_axe":645,"minecraft:cobblestone":158,"minecraft:porkchop":13,"minecraft:bucket":14,"minecraft:glass_pane":50,"minecraft:bone_meal":9},"minecraft:custom":{"minecraft:mob_kills":46,"minecraft:interact_with_crafting_table":90,"minecraft:open_barrel":104,"minecraft:leave_game":4,"minecraft:time_since_death":21369,"minecraft:climb_one_cm":37302,"minecraft:sprint_one_cm":502908,"minecraft:walk_one_cm":874001,"minecraft:drop":37,"minecraft:play_time":313282,"minecraft:sneak_time":4212,"minecraft:deaths":5,"minecraft:walk_under_water_one_cm":5862,"minecraft:jump":3737,"minecraft:walk_on_water_one_cm":6535,"minecraft:total_world_time":313282,"minecraft:interact_with_furnace":69,"minecraft:interact_with_loom":1,"minecraft:sleep_in_bed":8,"minecraft:time_since_rest":21406,"minecraft:damage_taken":2398,"minecraft:damage_dealt":6073,"minecraft:swim_one_cm":8115,"minecraft:fly_one_cm":233497,"minecraft:open_chest":180,"minecraft:crouch_one_cm":8214,"minecraft:fall_one_cm":81093},"minecraft:dropped":{"minecraft:iron_sword":2,"minecraft:wheat_seeds":94,"minecraft:lilac":1,"minecraft:poisonous_potato":1,"biomesoplenty:lavender":3,"minecraft:leather":8,"minecraft:potion":1,"minecraft:iron_pickaxe":3,"securitycraft:sc_manual":1,"minecraft:white_wool":5,"minecraft:bone":1,"minecraft:raw_iron":2,"minecraft:rotten_flesh":1,"minecraft:potato":6,"minecraft:oak_sapling":2,"minecraft:arrow":1,"minecraft:egg":4},"minecraft:killed_by":{"enemyexpansion:sprinter":1,"minecraft:skeleton":2},"minecraft:killed":{"alexsmobs:hummingbird":1,"alexsmobs:raccoon":3,"minecraft:spider":1,"alexsmobs:seagull":1,"enemyexpansion:direwolf":2,"minecraft:skeleton":4,"minecraft:chicken":2,"minecraft:pig":8,"minecraft:iron_golem":1,"minecraft:sheep":7,"minecraft:zombie":5,"alexsmobs:fly":3,"minecraft:enderman":1,"minecraft:cow":7},"minecraft:picked_up":{"minecraft:crafting_table":3,"minecraft:wheat":125,"minecraft:redstone_block":1,"minecraft:chicken":1,"occultism:raw_silver":21,"minecraft:white_carpet":13,"minecraft:beetroot":35,"minecraft:spruce_planks":25,"minecraft:beef":15,"minecraft:spruce_slab":14,"minecraft:iron_pickaxe":3,"minecraft:coal_block":1,"minecraft:sugar_cane":6,"minecraft:chest":8,"minecraft:furnace":3,"minecraft:egg":4,"minecraft:stick":27,"minecraft:raw_iron":65,"minecraft:oak_fence":2,"minecraft:torch":32,"minecraft:spruce_stairs":6,"minecraft:spruce_fence":2,"minecraft:porkchop":16,"minecraft:carrot":224,"minecraft:prismarine_crystals":2,"minecraft:stone_pressure_plate":4,"minecraft:stone_sword":1,"minecraft:arrow":4,"minecraft:rotten_flesh":5,"minecraft:beetroot_seeds":89,"minecraft:hay_block":42,"minecraft:mutton":8,"minecraft:rail":10,"minecraft:iron_bars":1,"minecraft:cobblestone":355,"minecraft:white_wool":5,"biomesoplenty:lavender":3,"minecraft:feather":1,"minecraft:lilac":1,"minecraft:iron_door":2,"minecraft:tripwire_hook":1,"minecraft:birch_slab":1,"minecraft:black_bed":2,"minecraft:leather":8,"minecraft:smoker":1,"minecraft:potato":549,"create:raw_zinc":12,"minecraft:oak_log":6,"minecraft:gunpowder":77,"minecraft:dirt":625,"minecraft:lantern":28,"minecraft:bone":19,"minecraft:apple":1,"minecraft:stone_bricks":21,"minecraft:wheat_seeds":344,"minecraft:iron_ingot":8,"minecraft:bamboo":656,"minecraft:iron_sword":2,"minecraft:oak_planks":14,"minecraft:book":18,"minecraft:scaffolding":14,"minecraft:poisonous_potato":3,"minecraft:gravel":1,"minecraft:spruce_sapling":56,"minecraft:grass_block":1,"minecraft:spruce_log":361,"minecraft:spruce_door":2,"minecraft:dried_kelp_block":13,"minecraft:diamond":1,"minecraft:purple_glazed_terracotta":4,"minecraft:lever":5,"minecraft:emerald":2,"alexsmobs:maggot":4,"minecraft:dark_oak_fence":3,"minecraft:oak_sapling":2,"securitycraft:door_indestructible_iron_item":1,"minecraft:black_wool":1,"minecraft:coal":47,"minecraft:ender_pearl":1},"minecraft:crafted":{"minecraft:oak_planks":24,"minecraft:stone_shovel":4,"minecraft:furnace":6,"minecraft:stone_button":6,"minecraft:stone":62,"minecraft:bone_meal":9,"minecraft:spruce_fence":96,"minecraft:heavy_weighted_pressure_plate":1,"minecraft:glass_pane":64,"securitycraft:laser_block":1,"minecraft:glass":26,"minecraft:spruce_stairs":40,"securitycraft:universal_block_remover":1,"minecraft:ladder":9,"minecraft:spruce_slab":246,"minecraft:stone_pickaxe":1,"minecraft:chest":18,"minecraft:stone_hoe":1,"minecraft:stone_bricks":56,"minecraft:oak_fence":3,"minecraft:wheat":370,"occultism:silver_ingot":14,"minecraft:crafting_table":4,"minecraft:spruce_planks":856,"minecraft:wooden_pickaxe":1,"minecraft:iron_sword":2,"minecraft:spruce_door":3,"minecraft:stone_axe":5,"minecraft:bread":168,"minecraft:air":0,"securitycraft:door_indestructible_iron_item":1,"minecraft:wooden_hoe":1,"minecraft:stick":160,"minecraft:iron_ingot":45,"minecraft:iron_pickaxe":2,"minecraft:wooden_axe":1,"minecraft:black_bed":1,"minecraft:torch":32,"securitycraft:sc_manual":2,"minecraft:shears":1}},"DataVersion":3465}