{"stats":{"minecraft:mined":{"minecraft:birch_stairs":27,"minecraft:oak_slab":6,"minecraft:powder_snow":4,"minecraft:oak_fence":2,"minecraft:crafting_table":4,"biomesoplenty:bush":3,"minecraft:grass_block":493,"alexscaves:ancient_sapling":1,"minecraft:chest":2,"minecraft:rose_bush":2,"minecraft:glass":1,"minecraft:tall_grass":17,"minecraft:spruce_leaves":6,"minecraft:dried_kelp_block":5,"minecraft:birch_slab":4,"minecraft:oak_planks":13,"minecraft:wall_torch":2,"minecraft:pink_wool":6,"biomesoplenty:goldenrod":2,"minecraft:spawner":2,"minecraft:hay_block":18,"minecraft:birch_planks":4,"minecraft:oak_trapdoor":7,"minecraft:birch_log":102,"minecraft:iron_ore":4,"minecraft:birch_leaves":2,"minecraft:grass":237,"biomesoplenty:clover":8,"minecraft:oak_log":513,"minecraft:dirt_path":1,"minecraft:oak_stairs":10,"minecraft:dirt":457,"minecraft:stripped_oak_log":1,"minecraft:stone":65,"minecraft:oak_leaves":23,"biomesoplenty:palm_sapling":3},"minecraft:broken":{"minecraft:stone_axe":6,"minecraft:stone_shovel":7},"minecraft:used":{"minecraft:oak_trapdoor":27,"minecraft:oak_fence":93,"minecraft:birch_planks":101,"minecraft:stone_pickaxe":119,"minecraft:stone_shovel":1039,"minecraft:oak_planks":104,"minecraft:chest":4,"minecraft:dirt":587,"minecraft:oak_slab":48,"minecraft:crafting_table":8,"minecraft:glass":7,"minecraft:oak_log":216,"alexsmobs:maggot":2,"alexsmobs:lobster_tail":1,"minecraft:birch_slab":28,"minecraft:oak_stairs":82,"minecraft:bread":42,"minecraft:stone_axe":882,"minecraft:hay_block":2,"minecraft:furnace":2,"minecraft:oak_sapling":1,"alexsmobs:animal_dictionary":14,"minecraft:birch_stairs":116},"minecraft:dropped":{"minecraft:bread":1,"minecraft:iron_sword":2,"minecraft:stone_axe":1,"occultism:datura_seeds":3,"minecraft:wheat_seeds":23,"minecraft:oak_log":1,"minecraft:oak_fence":1,"minecraft:oak_planks":1,"minecraft:stick":1,"minecraft:dirt":65,"biomesoplenty:goldenrod":1,"minecraft:rose_bush":2,"minecraft:spider_eye":1,"minecraft:arrow":1,"minecraft:bucket":2},"minecraft:custom":{"minecraft:interact_with_furnace":1,"minecraft:mob_kills":24,"minecraft:interact_with_crafting_table":47,"minecraft:open_barrel":1,"minecraft:leave_game":4,"minecraft:time_since_death":29261,"minecraft:sleep_in_bed":3,"minecraft:climb_one_cm":2631,"minecraft:time_since_rest":10484,"minecraft:sprint_one_cm":411916,"minecraft:damage_taken":3840,"minecraft:walk_one_cm":746049,"minecraft:drop":23,"minecraft:damage_dealt":4077,"minecraft:swim_one_cm":16082,"minecraft:fly_one_cm":286313,"minecraft:open_chest":17,"minecraft:crouch_one_cm":39996,"minecraft:play_time":328619,"minecraft:sneak_time":11387,"minecraft:deaths":7,"minecraft:walk_under_water_one_cm":5557,"minecraft:jump":3398,"minecraft:walk_on_water_one_cm":10977,"minecraft:total_world_time":328619,"minecraft:fall_one_cm":100829},"minecraft:killed_by":{"enemyexpansion:sprinter":1,"minecraft:skeleton":1,"enemyexpansion:wasp":1,"enemyexpansion:direwolf":2},"minecraft:killed":{"alexsmobs:lobster":1,"minecraft:pig":1,"alexsmobs:seal":1,"minecraft:spider":2,"enemyexpansion:sprinter":3,"enemyexpansion:direwolf":1,"minecraft:skeleton":3,"minecraft:pillager":2,"minecraft:zombie":6,"enemyexpansion:botfly":1,"enemyexpansion:huntsman":1,"alexsmobs:fly":2},"minecraft:picked_up":{"minecraft:stripped_oak_log":1,"minecraft:birch_log":100,"occultism:datura_seeds":10,"minecraft:crafting_table":4,"minecraft:birch_slab":7,"biomesoplenty:goldenrod":3,"minecraft:pink_wool":6,"minecraft:oak_stairs":9,"minecraft:birch_planks":4,"minecraft:oak_log":493,"minecraft:dirt":1016,"minecraft:string":1,"minecraft:oak_trapdoor":7,"minecraft:white_banner":1,"minecraft:glass":3,"minecraft:bone":1,"minecraft:apple":4,"minecraft:bow":1,"minecraft:wheat_seeds":49,"minecraft:bucket":4,"minecraft:rose_bush":3,"biomesoplenty:palm_sapling":3,"minecraft:iron_sword":2,"minecraft:chest":2,"minecraft:birch_sapling":3,"minecraft:oak_planks":30,"minecraft:raw_iron":4,"minecraft:oak_slab":7,"minecraft:stick":89,"minecraft:oak_fence":3,"minecraft:torch":3,"minecraft:birch_stairs":24,"minecraft:sand":6,"minecraft:spruce_sapling":2,"minecraft:spider_eye":1,"minecraft:arrow":1,"minecraft:dried_kelp_block":3,"minecraft:rotten_flesh":9,"minecraft:stone_axe":1,"minecraft:hay_block":18,"minecraft:gray_wool":3,"minecraft:golden_horse_armor":2,"minecraft:bread":1,"alexsmobs:maggot":4,"minecraft:oak_sapling":87,"alexsmobs:lobster_tail":1,"alexsmobs:flying_fish":1,"minecraft:cobblestone":139,"alexscaves:ancient_sapling":1},"minecraft:crafted":{"minecraft:oak_slab":60,"minecraft:oak_planks":500,"minecraft:stone_shovel":8,"minecraft:crafting_table":4,"minecraft:birch_slab":42,"minecraft:furnace":2,"minecraft:birch_planks":400,"minecraft:stone_axe":7,"minecraft:bread":48,"minecraft:oak_trapdoor":20,"minecraft:glass":6,"minecraft:stick":24,"minecraft:stone_pickaxe":1,"minecraft:oak_stairs":76,"minecraft:chest":2,"minecraft:birch_stairs":100,"minecraft:oak_fence":93,"minecraft:wheat":144}},"DataVersion":3465}