{"stats":{"minecraft:mined":{"biomesoplenty:bush":3,"minecraft:grass_block":493,"create:ochrum":1,"minecraft:birch_slab":4,"minecraft:spruce_leaves":6,"minecraft:pink_wool":6,"minecraft:spawner":2,"minecraft:hay_block":18,"minecraft:oak_trapdoor":7,"minecraft:iron_ore":7,"create:asurine":38,"minecraft:dirt_path":1,"minecraft:oak_stairs":10,"minecraft:stripped_oak_log":1,"occultism:silver_ore":5,"minecraft:stone":74,"create:limestone":3,"minecraft:oak_slab":6,"minecraft:birch_stairs":27,"minecraft:powder_snow":4,"minecraft:oak_fence":2,"minecraft:crafting_table":4,"alexscaves:ancient_sapling":1,"minecraft:chest":2,"minecraft:rose_bush":2,"minecraft:glass":1,"minecraft:tall_grass":17,"minecraft:dried_kelp_block":5,"minecraft:oak_planks":13,"minecraft:wall_torch":2,"biomesoplenty:goldenrod":2,"minecraft:birch_planks":4,"minecraft:birch_log":102,"minecraft:birch_leaves":2,"minecraft:grass":237,"biomesoplenty:clover":8,"minecraft:oak_log":516,"minecraft:coal_ore":31,"minecraft:gravel":1,"minecraft:sand":34,"minecraft:dirt":457,"minecraft:oak_leaves":23,"biomesoplenty:palm_sapling":3},"minecraft:broken":{"minecraft:stone_pickaxe":1,"minecraft:stone_axe":6,"minecraft:stone_shovel":7},"minecraft:used":{"minecraft:oak_fence":93,"minecraft:oak_trapdoor":27,"minecraft:stone_shovel":1073,"minecraft:chest":4,"minecraft:dirt":623,"minecraft:glass":9,"alexsmobs:maggot":2,"alexsmobs:lobster_tail":1,"minecraft:oak_stairs":82,"minecraft:hay_block":2,"minecraft:oak_sapling":1,"minecraft:furnace":2,"minecraft:cooked_cod":6,"minecraft:birch_planks":101,"minecraft:stone_pickaxe":219,"minecraft:oak_planks":109,"minecraft:oak_slab":48,"minecraft:crafting_table":9,"minecraft:oak_log":221,"minecraft:birch_slab":28,"minecraft:bread":48,"minecraft:stone_axe":888,"alexsmobs:animal_dictionary":14,"minecraft:birch_stairs":116},"minecraft:custom":{"minecraft:mob_kills":25,"minecraft:interact_with_crafting_table":48,"minecraft:open_barrel":1,"minecraft:leave_game":4,"minecraft:time_since_death":47261,"minecraft:climb_one_cm":2631,"minecraft:sprint_one_cm":471508,"minecraft:walk_one_cm":785943,"minecraft:drop":23,"minecraft:play_time":346619,"minecraft:deaths":7,"minecraft:sneak_time":12839,"minecraft:walk_under_water_one_cm":14467,"minecraft:jump":4057,"minecraft:walk_on_water_one_cm":13572,"minecraft:total_world_time":346619,"minecraft:interact_with_furnace":3,"minecraft:raid_trigger":1,"minecraft:sleep_in_bed":3,"minecraft:time_since_rest":28484,"minecraft:damage_taken":4320,"minecraft:damage_dealt":4317,"minecraft:swim_one_cm":21074,"minecraft:fly_one_cm":427844,"minecraft:open_chest":30,"minecraft:crouch_one_cm":41343,"minecraft:fall_one_cm":119012},"minecraft:dropped":{"minecraft:bread":1,"minecraft:iron_sword":2,"occultism:datura_seeds":3,"minecraft:wheat_seeds":23,"minecraft:oak_log":1,"minecraft:oak_fence":1,"minecraft:stick":1,"minecraft:dirt":65,"biomesoplenty:goldenrod":1,"minecraft:rose_bush":2,"minecraft:bucket":2,"minecraft:stone_axe":1,"minecraft:oak_planks":1,"minecraft:spider_eye":1,"minecraft:arrow":1},"minecraft:killed_by":{"enemyexpansion:sprinter":1,"minecraft:skeleton":1,"enemyexpansion:wasp":1,"enemyexpansion:direwolf":2},"minecraft:killed":{"alexsmobs:lobster":1,"minecraft:spider":2,"enemyexpansion:direwolf":1,"minecraft:skeleton":3,"minecraft:pig":1,"alexsmobs:seal":1,"enemyexpansion:sprinter":3,"minecraft:pillager":3,"minecraft:zombie":6,"enemyexpansion:botfly":1,"enemyexpansion:huntsman":1,"alexsmobs:fly":2},"minecraft:picked_up":{"minecraft:crafting_table":4,"minecraft:pink_wool":6,"minecraft:oak_stairs":9,"occultism:raw_silver":5,"minecraft:oak_trapdoor":7,"minecraft:string":1,"create:limestone":3,"minecraft:bucket":4,"minecraft:rose_bush":3,"minecraft:birch_sapling":3,"minecraft:chest":2,"minecraft:stick":89,"minecraft:raw_iron":7,"minecraft:oak_fence":3,"minecraft:torch":3,"minecraft:arrow":1,"minecraft:rotten_flesh":9,"minecraft:cooked_cod":26,"create:ochrum":1,"minecraft:hay_block":18,"create:asurine":37,"minecraft:cobblestone":147,"alexsmobs:flying_fish":1,"alexsmobs:lobster_tail":1,"minecraft:stripped_oak_log":1,"minecraft:birch_log":100,"occultism:datura_seeds":10,"minecraft:birch_slab":7,"biomesoplenty:goldenrod":3,"minecraft:birch_planks":4,"minecraft:oak_log":496,"minecraft:dirt":1016,"minecraft:white_banner":1,"minecraft:glass":3,"minecraft:bone":1,"minecraft:apple":4,"minecraft:bow":1,"minecraft:wheat_seeds":49,"biomesoplenty:palm_sapling":3,"minecraft:oak_planks":30,"minecraft:iron_sword":2,"minecraft:oak_slab":7,"minecraft:gravel":1,"minecraft:sand":38,"minecraft:birch_stairs":24,"minecraft:spruce_sapling":2,"minecraft:spider_eye":1,"minecraft:dried_kelp_block":3,"minecraft:stone_axe":1,"minecraft:gray_wool":3,"minecraft:golden_horse_armor":2,"minecraft:bread":1,"alexsmobs:maggot":4,"minecraft:oak_sapling":87,"minecraft:coal":31,"alexscaves:ancient_sapling":1},"minecraft:crafted":{"minecraft:oak_planks":500,"minecraft:stone_shovel":8,"minecraft:birch_slab":42,"minecraft:furnace":2,"minecraft:oak_trapdoor":20,"minecraft:glass":6,"minecraft:stone_pickaxe":2,"minecraft:chest":2,"minecraft:oak_fence":93,"minecraft:wheat":144,"minecraft:oak_slab":60,"minecraft:crafting_table":5,"minecraft:birch_planks":400,"minecraft:stone_axe":8,"minecraft:bread":48,"minecraft:stick":24,"minecraft:oak_stairs":76,"minecraft:birch_stairs":100}},"DataVersion":3465}