{"stats":{"minecraft:custom":{"minecraft:mob_kills":464,"minecraft:inspect_hopper":1,"minecraft:interact_with_crafting_table":92,"minecraft:open_barrel":1,"minecraft:damage_dealt_resisted":0,"minecraft:leave_game":12,"minecraft:time_since_death":25910,"minecraft:climb_one_cm":3464,"minecraft:sprint_one_cm":867997,"minecraft:walk_one_cm":1505582,"minecraft:drop":103,"minecraft:talked_to_villager":2,"minecraft:play_time":715097,"minecraft:sneak_time":19364,"minecraft:deaths":14,"minecraft:walk_under_water_one_cm":24778,"minecraft:jump":7027,"minecraft:interact_with_blast_furnace":1,"minecraft:walk_on_water_one_cm":62567,"minecraft:total_world_time":715097,"minecraft:interact_with_furnace":64,"minecraft:raid_trigger":2,"minecraft:sleep_in_bed":8,"minecraft:time_since_rest":25934,"minecraft:damage_taken":8295,"minecraft:damage_dealt":36510,"minecraft:swim_one_cm":21777,"minecraft:fly_one_cm":703001,"minecraft:open_chest":122,"minecraft:crouch_one_cm":59210,"minecraft:interact_with_smoker":1,"minecraft:fall_one_cm":196296},"minecraft:dropped":{"minecraft:water_bucket":1,"minecraft:bread":1,"minecraft:iron_sword":2,"minecraft:birch_planks":102,"occultism:datura_seeds":5,"occultism:datura":1,"minecraft:wheat_seeds":25,"minecraft:oak_log":57,"minecraft:baked_potato":1,"minecraft:diamond":1,"minecraft:oak_fence":1,"minecraft:cobblestone":107,"minecraft:flint":5,"minecraft:stick":1,"minecraft:dirt":193,"biomesoplenty:goldenrod":1,"minecraft:diorite":48,"minecraft:rose_bush":2,"minecraft:bucket":3,"minecraft:smooth_basalt":12,"minecraft:gravel":13,"minecraft:stone_axe":1,"minecraft:compass":1,"minecraft:stone_sword":2,"minecraft:cobbled_deepslate":23,"minecraft:tuff":4,"minecraft:stone_shovel":1,"minecraft:rotten_flesh":4,"minecraft:oak_planks":47,"minecraft:poppy":1,"minecraft:andesite":16,"minecraft:spider_eye":1,"minecraft:wooden_pickaxe":19,"minecraft:arrow":6},"minecraft:broken":{"minecraft:stone_pickaxe":3,"minecraft:stone_axe":6,"minecraft:iron_sword":1,"minecraft:iron_pickaxe":4,"minecraft:stone_shovel":11},"minecraft:crafted":{"minecraft:oak_door":3,"minecraft:oak_planks":640,"minecraft:cobblestone_slab":6,"minecraft:stone_shovel":11,"minecraft:birch_slab":42,"minecraft:furnace":8,"minecraft:bone_meal":11,"minecraft:oak_trapdoor":20,"minecraft:glass":38,"minecraft:diamond_leggings":1,"minecraft:stone_pickaxe":3,"minecraft:chest":6,"minecraft:stone_hoe":1,"minecraft:oak_fence":93,"minecraft:gray_bed":1,"minecraft:wheat":144,"minecraft:oak_slab":72,"minecraft:diamond_sword":1,"minecraft:crafting_table":8,"minecraft:wooden_pickaxe":9,"minecraft:baked_potato":39,"minecraft:iron_sword":1,"minecraft:birch_planks":400,"minecraft:stone_axe":8,"minecraft:bread":48,"minecraft:stick":60,"minecraft:iron_ingot":88,"minecraft:iron_pickaxe":5,"minecraft:oak_stairs":76,"minecraft:stone_sword":1,"minecraft:gold_ingot":46,"minecraft:diamond_chestplate":1,"minecraft:birch_stairs":100,"minecraft:shears":1},"minecraft:killed":{"minecraft:cave_spider":424,"alexsmobs:lobster":1,"minecraft:spider":2,"enemyexpansion:direwolf":1,"minecraft:skeleton":5,"minecraft:pig":1,"alexsmobs:seal":1,"enemyexpansion:sprinter":4,"minecraft:pillager":4,"enemyexpansion:meature":1,"minecraft:zombie":11,"enemyexpansion:huntsman":1,"enemyexpansion:botfly":3,"alexsmobs:fly":2,"minecraft:cow":2},"minecraft:used":{"minecraft:oak_trapdoor":27,"minecraft:oak_fence":93,"minecraft:stone_sword":45,"minecraft:stone_shovel":1570,"minecraft:chest":10,"minecraft:iron_sword":251,"minecraft:stone_hoe":92,"minecraft:oak_door":2,"minecraft:torch":3,"minecraft:dirt":1002,"alexscaves:ancient_sapling":1,"minecraft:yellow_carpet":1,"minecraft:tuff":51,"biomesoplenty:palm_sapling":3,"minecraft:glass":25,"alexsmobs:maggot":2,"alexsmobs:lobster_tail":1,"minecraft:lantern":23,"minecraft:oak_stairs":82,"minecraft:hay_block":2,"minecraft:iron_trapdoor":3,"minecraft:oak_sapling":1,"minecraft:furnace":10,"minecraft:cooked_cod":23,"minecraft:gray_bed":4,"minecraft:potato":96,"minecraft:water_bucket":45,"minecraft:birch_planks":147,"minecraft:stone_pickaxe":393,"minecraft:baked_potato":34,"minecraft:oak_planks":173,"occultism:datura_seeds":18,"minecraft:wooden_pickaxe":99,"minecraft:cobblestone_slab":3,"minecraft:oak_leaves":95,"minecraft:oak_slab":50,"minecraft:crafting_table":17,"occultism:datura":5,"minecraft:shears":170,"minecraft:oak_log":243,"minecraft:birch_slab":28,"minecraft:bread":48,"minecraft:iron_pickaxe":1207,"minecraft:stone_axe":983,"minecraft:diamond_sword":233,"minecraft:cobblestone":106,"minecraft:experience_bottle":1,"minecraft:bucket":47,"alexsmobs:animal_dictionary":14,"minecraft:birch_stairs":116,"minecraft:bone_meal":8},"minecraft:mined":{"create:zinc_ore":12,"minecraft:tuff":51,"minecraft:mossy_cobblestone":20,"minecraft:deepslate_diamond_ore":46,"luckytntmod:deepslate_gunpowder_ore":2,"minecraft:granite":18,"biomesoplenty:bush":4,"minecraft:grass_block":778,"minecraft:yellow_carpet":3,"create:ochrum":1,"occultism:silver_ore_deepslate":5,"minecraft:birch_slab":4,"minecraft:spruce_leaves":6,"occultism:datura":1,"minecraft:moss_block":34,"minecraft:pink_wool":6,"minecraft:spawner":2,"luckytntmod:deepslate_uranium_ore":6,"minecraft:hay_block":18,"minecraft:oak_trapdoor":7,"minecraft:furnace":4,"minecraft:iron_ore":25,"minecraft:andesite":30,"minecraft:deepslate_lapis_ore":21,"create:asurine":38,"minecraft:potatoes":44,"minecraft:dirt_path":2,"minecraft:deepslate_iron_ore":63,"minecraft:shroomlight":1,"minecraft:oak_stairs":10,"minecraft:lantern":29,"minecraft:stripped_oak_log":1,"occultism:silver_ore":5,"minecraft:warped_trapdoor":1,"minecraft:stone":323,"create:limestone":3,"minecraft:deepslate_redstone_ore":15,"minecraft:birch_stairs":27,"minecraft:oak_slab":6,"minecraft:powder_snow":57,"minecraft:oak_fence":19,"minecraft:crafting_table":8,"minecraft:poppy":1,"alexscaves:ancient_sapling":1,"minecraft:chest":4,"minecraft:rose_bush":2,"minecraft:glass":1,"minecraft:tall_grass":20,"minecraft:cobblestone":6,"minecraft:deepslate_gold_ore":39,"minecraft:dried_kelp_block":5,"minecraft:lapis_ore":5,"minecraft:sugar_cane":6,"minecraft:oak_planks":15,"minecraft:diorite":20,"minecraft:wall_torch":2,"minecraft:deepslate_copper_ore":12,"biomesoplenty:goldenrod":13,"minecraft:birch_planks":14,"minecraft:birch_log":102,"minecraft:ice":2,"minecraft:birch_trapdoor":1,"minecraft:gray_bed":3,"minecraft:birch_leaves":2,"minecraft:grass":314,"biomesoplenty:clover":8,"minecraft:oak_log":517,"minecraft:coal_ore":56,"minecraft:gravel":29,"minecraft:sand":34,"minecraft:dirt":690,"minecraft:smooth_basalt":6,"minecraft:gold_ore":7,"minecraft:stonecutter":2,"minecraft:mossy_stone_bricks":42,"minecraft:oak_leaves":196,"minecraft:deepslate":645,"biomesoplenty:palm_sapling":3,"luckytntmod:gunpowder_ore":2},"minecraft:killed_by":{"minecraft:player":2,"enemyexpansion:meature":1,"enemyexpansion:sprinter":2,"minecraft:skeleton":1,"enemyexpansion:botfly":1,"enemyexpansion:wasp":1,"enemyexpansion:direwolf":2},"minecraft:picked_up":{"minecraft:crafting_table":9,"minecraft:potion":2,"minecraft:iron_trapdoor":3,"minecraft:wooden_pickaxe":10,"minecraft:pink_wool":12,"minecraft:oak_stairs":9,"occultism:raw_silver":10,"minecraft:raw_copper":40,"minecraft:string":6,"minecraft:oak_trapdoor":7,"create:limestone":6,"minecraft:compass":1,"minecraft:experience_bottle":1,"minecraft:shroomlight":1,"minecraft:cobbled_deepslate":279,"minecraft:bucket":5,"minecraft:beef":5,"minecraft:rose_bush":4,"minecraft:poppy":2,"minecraft:birch_sapling":6,"minecraft:chest":4,"minecraft:furnace":4,"minecraft:stick":89,"minecraft:raw_iron":88,"minecraft:birch_trapdoor":1,"minecraft:oak_fence":20,"minecraft:torch":3,"minecraft:diorite":48,"minecraft:redstone":62,"enemyexpansion:meathead_helmet":1,"luckytntmod:deepslate_uranium_ore":6,"minecraft:stone_sword":1,"minecraft:arrow":9,"minecraft:stone_shovel":1,"minecraft:rotten_flesh":35,"minecraft:cooked_cod":26,"create:ochrum":2,"minecraft:hay_block":18,"create:asurine":74,"occultism:datura":9,"minecraft:saddle":1,"alexsmobs:lobster_tail":1,"alexsmobs:flying_fish":1,"minecraft:cobblestone":471,"minecraft:enchanting_table":1,"minecraft:stripped_oak_log":2,"minecraft:birch_log":100,"occultism:datura_seeds":40,"minecraft:water_bucket":1,"minecraft:birch_slab":7,"minecraft:andesite":46,"biomesoplenty:goldenrod":13,"minecraft:leather":2,"minecraft:filled_map":1,"minecraft:potato":122,"minecraft:birch_planks":76,"minecraft:flint":5,"minecraft:tuff":55,"create:raw_zinc":12,"minecraft:oak_log":497,"minecraft:warped_trapdoor":1,"minecraft:gunpowder":17,"minecraft:lapis_lazuli":124,"minecraft:dirt":1564,"minecraft:lantern":29,"minecraft:white_banner":3,"minecraft:glass":3,"minecraft:bone":7,"minecraft:apple":8,"minecraft:bow":2,"minecraft:stonecutter":2,"minecraft:wheat_seeds":83,"minecraft:raw_gold":46,"biomesoplenty:palm_sapling":3,"minecraft:mossy_stone_bricks":37,"minecraft:moss_block":34,"minecraft:gray_bed":3,"minecraft:iron_sword":2,"minecraft:oak_planks":102,"minecraft:oak_slab":7,"minecraft:smooth_basalt":12,"minecraft:gravel":15,"minecraft:birch_stairs":24,"minecraft:sand":38,"minecraft:spruce_sapling":4,"minecraft:spider_eye":2,"minecraft:mossy_cobblestone":20,"travelersbackpack:standard":1,"minecraft:dried_kelp_block":3,"minecraft:yellow_carpet":1,"minecraft:diamond":46,"minecraft:stone_axe":1,"minecraft:granite":18,"minecraft:bone_meal":1,"minecraft:gray_wool":3,"minecraft:golden_horse_armor":3,"minecraft:bread":1,"alexsmobs:maggot":6,"minecraft:baked_potato":13,"minecraft:oak_sapling":172,"minecraft:coal":121,"minecraft:oak_leaves":163,"alexscaves:ancient_sapling":1}},"DataVersion":3465}