{"stats":{"minecraft:killed":{"minecraft:cave_spider":1093,"alexsmobs:lobster":1,"minecraft:spider":2,"minecraft:skeleton":7,"minecraft:pig":1,"alexsmobs:seal":1,"minecraft:pillager":5,"enemyexpansion:meature":1,"minecraft:zombie":22,"enemyexpansion:botfly":5,"alexsmobs:fly":2,"minecraft:cow":2,"enemyexpansion:direwolf":4,"enemyexpansion:sprinter":4,"enemyexpansion:huntsman":1,"minecraft:enderman":1},"minecraft:used":{"minecraft:chest":15,"minecraft:iron_sword":251,"securitycraft:keypad_item":1,"enemyexpansion:meathead_helmet":1,"minecraft:tuff":51,"biomesoplenty:palm_sapling":3,"minecraft:glass":25,"alexsmobs:lobster_tail":1,"minecraft:lantern":23,"minecraft:hay_block":2,"minecraft:furnace":11,"minecraft:oak_sapling":1,"minecraft:cooked_cod":23,"minecraft:gray_bed":4,"minecraft:potato":161,"minecraft:stone_pickaxe":393,"minecraft:oak_planks":196,"occultism:datura_seeds":20,"minecraft:wooden_pickaxe":99,"securitycraft:keypad_frame":1,"minecraft:sugar_cane":25,"minecraft:oak_leaves":95,"securitycraft:universal_block_remover":1,"minecraft:shears":170,"minecraft:birch_fence":6,"minecraft:birch_fence_gate":1,"minecraft:birch_slab":28,"minecraft:bread":48,"minecraft:diamond_sword":1019,"minecraft:grindstone":1,"minecraft:bone_meal":9,"minecraft:experience_bottle":1,"minecraft:oak_fence":119,"minecraft:oak_trapdoor":28,"minecraft:stone_sword":45,"minecraft:stone_shovel":1570,"securitycraft:keypad_door_item":1,"minecraft:stone_hoe":142,"minecraft:oak_door":2,"minecraft:torch":3,"minecraft:dirt":1226,"minecraft:anvil":1,"alexscaves:ancient_sapling":1,"minecraft:yellow_carpet":1,"alexsmobs:maggot":2,"minecraft:iron_axe":166,"minecraft:oak_stairs":82,"minecraft:iron_trapdoor":3,"minecraft:wheat_seeds":130,"minecraft:water_bucket":79,"minecraft:birch_planks":179,"minecraft:baked_potato":104,"minecraft:stonecutter":1,"minecraft:cobblestone_slab":3,"minecraft:oak_slab":50,"minecraft:crafting_table":20,"occultism:datura":5,"minecraft:oak_log":244,"minecraft:wooden_hoe":59,"minecraft:iron_pickaxe":1210,"minecraft:stone_axe":983,"minecraft:cobblestone":106,"minecraft:white_banner":1,"minecraft:bucket":80,"alexsmobs:animal_dictionary":14,"minecraft:birch_stairs":116},"minecraft:mined":{"minecraft:farmland":3,"minecraft:granite":18,"minecraft:grass_block":796,"minecraft:yellow_carpet":3,"occultism:datura":2,"minecraft:spawner":2,"luckytntmod:deepslate_uranium_ore":6,"minecraft:iron_ore":25,"biomesoplenty:lavender":5,"minecraft:deepslate_lapis_ore":21,"create:asurine":38,"minecraft:dirt_path":2,"minecraft:oak_stairs":10,"occultism:silver_ore":5,"create:limestone":3,"minecraft:deepslate_redstone_ore":15,"minecraft:powder_snow":57,"minecraft:poppy":1,"minecraft:chest":5,"minecraft:glass":1,"minecraft:cobblestone":7,"minecraft:sugar_cane":19,"minecraft:oak_planks":27,"minecraft:wall_torch":2,"biomesoplenty:goldenrod":13,"minecraft:deepslate_copper_ore":12,"minecraft:birch_log":115,"minecraft:wheat":56,"minecraft:birch_trapdoor":1,"minecraft:grass":455,"biomesoplenty:clover":8,"minecraft:oak_log":596,"minecraft:sand":34,"minecraft:dirt":744,"minecraft:smooth_basalt":6,"minecraft:stonecutter":2,"minecraft:oak_leaves":197,"minecraft:deepslate":645,"biomesoplenty:palm_sapling":3,"create:zinc_ore":12,"minecraft:tuff":51,"minecraft:mossy_cobblestone":20,"minecraft:deepslate_diamond_ore":46,"luckytntmod:deepslate_gunpowder_ore":2,"biomesoplenty:bush":4,"create:ochrum":1,"occultism:silver_ore_deepslate":5,"minecraft:birch_slab":4,"minecraft:spruce_leaves":7,"minecraft:moss_block":34,"minecraft:pink_wool":6,"minecraft:hay_block":18,"biomesoplenty:jacaranda_log":4,"minecraft:oak_trapdoor":8,"minecraft:furnace":6,"minecraft:andesite":30,"minecraft:potatoes":119,"minecraft:deepslate_iron_ore":63,"minecraft:shroomlight":1,"minecraft:lantern":29,"minecraft:stripped_oak_log":2,"minecraft:warped_trapdoor":1,"minecraft:stone":323,"minecraft:oak_slab":6,"minecraft:birch_stairs":27,"minecraft:oak_fence":24,"minecraft:crafting_table":8,"alexscaves:ancient_sapling":1,"minecraft:rose_bush":2,"minecraft:tall_grass":25,"minecraft:dried_kelp_block":5,"minecraft:lapis_ore":5,"minecraft:deepslate_gold_ore":39,"minecraft:diorite":20,"minecraft:birch_planks":25,"minecraft:ice":2,"minecraft:gray_bed":3,"minecraft:birch_leaves":2,"minecraft:coal_ore":56,"minecraft:gravel":29,"minecraft:mossy_stone_bricks":42,"minecraft:gold_ore":7,"luckytntmod:gunpowder_ore":2},"minecraft:picked_up":{"minecraft:wheat":54,"minecraft:iron_trapdoor":3,"minecraft:diamond_sword":1,"minecraft:oak_stairs":9,"minecraft:potion":2,"minecraft:string":939,"minecraft:raw_copper":40,"create:limestone":6,"minecraft:experience_bottle":1,"minecraft:shroomlight":1,"minecraft:cobbled_deepslate":311,"minecraft:bucket":5,"minecraft:rose_bush":4,"minecraft:cobblestone_slab":1,"minecraft:furnace":6,"minecraft:stick":99,"minecraft:birch_trapdoor":1,"minecraft:oak_fence":26,"minecraft:torch":4,"minecraft:diorite":48,"enemyexpansion:meathead_helmet":1,"minecraft:stone_sword":1,"minecraft:rotten_flesh":42,"create:ochrum":2,"create:asurine":74,"occultism:datura":11,"alexsmobs:lobster_tail":1,"alexsmobs:flying_fish":1,"minecraft:cobblestone":477,"biomesoplenty:lavender":5,"minecraft:birch_log":113,"minecraft:enchanting_table":1,"occultism:datura_seeds":50,"minecraft:birch_slab":7,"minecraft:water_bucket":1,"minecraft:andesite":46,"minecraft:potato":402,"minecraft:flint":5,"minecraft:tuff":55,"create:raw_zinc":12,"minecraft:warped_trapdoor":1,"minecraft:lapis_lazuli":368,"minecraft:dirt":1688,"minecraft:lantern":29,"minecraft:glass":3,"minecraft:bone":9,"minecraft:stonecutter":2,"minecraft:bow":3,"minecraft:wheat_seeds":250,"minecraft:raw_gold":46,"biomesoplenty:palm_sapling":3,"minecraft:mossy_stone_bricks":37,"minecraft:moss_block":34,"minecraft:oak_planks":114,"minecraft:poisonous_potato":3,"minecraft:sand":38,"minecraft:grass_block":1,"securitycraft:reinforced_stone":18,"minecraft:mossy_cobblestone":20,"minecraft:yellow_carpet":1,"minecraft:diamond":47,"minecraft:granite":18,"minecraft:bone_meal":1,"minecraft:golden_horse_armor":3,"minecraft:bread":1,"alexsmobs:maggot":6,"minecraft:oak_sapling":174,"minecraft:oak_leaves":163,"minecraft:crafting_table":9,"minecraft:wooden_pickaxe":10,"minecraft:pink_wool":12,"occultism:raw_silver":10,"biomesoplenty:jacaranda_sapling":1,"minecraft:oak_trapdoor":9,"minecraft:compass":1,"minecraft:beef":5,"minecraft:poppy":2,"minecraft:birch_sapling":8,"minecraft:sugar_cane":25,"minecraft:chest":5,"minecraft:raw_iron":88,"minecraft:redstone":62,"luckytntmod:deepslate_uranium_ore":6,"minecraft:stone_shovel":1,"minecraft:arrow":12,"minecraft:diamond_chestplate":1,"minecraft:cooked_cod":26,"biomesoplenty:jacaranda_log":4,"minecraft:hay_block":18,"minecraft:saddle":1,"minecraft:stripped_oak_log":3,"biomesoplenty:goldenrod":13,"minecraft:leather":2,"minecraft:filled_map":1,"minecraft:birch_planks":87,"minecraft:oak_log":520,"minecraft:gunpowder":17,"minecraft:white_banner":4,"minecraft:apple":8,"luckytntmod:uranium_ingot":6,"minecraft:gray_bed":3,"minecraft:iron_sword":2,"minecraft:oak_slab":8,"minecraft:smooth_basalt":12,"minecraft:gravel":15,"minecraft:birch_stairs":24,"minecraft:spruce_sapling":4,"minecraft:spider_eye":277,"travelersbackpack:standard":1,"minecraft:dried_kelp_block":3,"minecraft:stone_axe":1,"minecraft:gray_wool":3,"minecraft:baked_potato":26,"securitycraft:keypad":1,"minecraft:coal":127,"alexscaves:ancient_sapling":1,"minecraft:ender_pearl":3},"minecraft:broken":{"minecraft:stone_pickaxe":3,"minecraft:stone_axe":6,"minecraft:iron_sword":1,"minecraft:stone_shovel":11,"minecraft:iron_pickaxe":4,"minecraft:wooden_hoe":1},"minecraft:killed_by":{"enemyexpansion:meature":1,"enemyexpansion:sprinter":2,"minecraft:player":2,"minecraft:enderman":2,"minecraft:skeleton":1,"enemyexpansion:botfly":1,"enemyexpansion:wasp":1,"enemyexpansion:direwolf":2},"minecraft:crafted":{"create:tiled_glass":1,"minecraft:grindstone":1,"minecraft:oak_planks":732,"minecraft:cobblestone_slab":6,"minecraft:birch_slab":42,"minecraft:stone":21,"securitycraft:keypad_item":2,"minecraft:heavy_weighted_pressure_plate":2,"securitycraft:laser_block":1,"minecraft:glass":38,"minecraft:diamond_leggings":1,"minecraft:birch_fence_gate":1,"minecraft:chest":10,"minecraft:iron_door":3,"minecraft:stone_hoe":1,"minecraft:oak_fence":114,"securitycraft:keypad_door_item":1,"minecraft:gray_bed":1,"minecraft:oak_slab":72,"minecraft:crafting_table":11,"securitycraft:reinforced_stone_button":16,"minecraft:wooden_pickaxe":9,"minecraft:baked_potato":151,"minecraft:birch_planks":452,"minecraft:wooden_hoe":1,"minecraft:diamond_pickaxe":1,"minecraft:birch_fence":6,"minecraft:stick":108,"minecraft:stone_slab":6,"minecraft:iron_ingot":88,"minecraft:iron_pickaxe":5,"minecraft:iron_block":3,"minecraft:stone_sword":1,"minecraft:gold_ingot":46,"minecraft:birch_stairs":100,"minecraft:shears":1,"securitycraft:universal_block_reinforcer_lvl1":1,"minecraft:oak_door":3,"minecraft:stone_shovel":11,"minecraft:furnace":8,"minecraft:bone_meal":11,"securitycraft:keypad_frame":2,"minecraft:oak_trapdoor":20,"minecraft:glass_pane":16,"minecraft:iron_axe":1,"securitycraft:universal_block_remover":1,"minecraft:stone_pickaxe":3,"minecraft:redstone_block":1,"minecraft:wheat":144,"minecraft:diamond_sword":3,"minecraft:iron_sword":1,"minecraft:stone_axe":8,"minecraft:bread":48,"securitycraft:door_indestructible_iron_item":1,"minecraft:oak_stairs":76,"minecraft:anvil":1,"minecraft:diamond_chestplate":1},"minecraft:custom":{"minecraft:animals_bred":2,"minecraft:interact_with_crafting_table":146,"minecraft:open_barrel":1,"minecraft:leave_game":17,"minecraft:time_since_death":9160,"minecraft:sprint_one_cm":1312058,"minecraft:drop":153,"minecraft:talked_to_villager":2,"minecraft:play_time":1093223,"minecraft:deaths":19,"minecraft:jump":9832,"minecraft:walk_on_water_one_cm":83279,"minecraft:enchant_item":3,"minecraft:interact_with_furnace":101,"minecraft:sleep_in_bed":14,"minecraft:damage_dealt":81567,"minecraft:crouch_one_cm":67215,"minecraft:interact_with_smoker":1,"minecraft:horse_one_cm":40,"minecraft:mob_kills":1161,"minecraft:interact_with_anvil":2,"minecraft:inspect_hopper":5,"minecraft:damage_dealt_resisted":0,"minecraft:climb_one_cm":5043,"minecraft:walk_one_cm":2052077,"minecraft:sneak_time":22786,"minecraft:walk_under_water_one_cm":27315,"minecraft:interact_with_blast_furnace":4,"minecraft:total_world_time":1093223,"minecraft:raid_trigger":2,"minecraft:interact_with_stonecutter":1,"minecraft:time_since_rest":9221,"minecraft:damage_taken":13212,"minecraft:swim_one_cm":22102,"minecraft:fly_one_cm":1155792,"minecraft:open_chest":269,"minecraft:fall_one_cm":278648},"minecraft:dropped":{"minecraft:iron_sword":2,"occultism:datura_seeds":5,"minecraft:birch_planks":102,"minecraft:oak_log":57,"minecraft:baked_potato":14,"minecraft:diamond":18,"minecraft:flint":5,"minecraft:dirt":193,"minecraft:bone":2,"minecraft:gravel":13,"minecraft:stone_axe":2,"minecraft:compass":1,"minecraft:cobbled_deepslate":55,"minecraft:birch_sapling":1,"minecraft:rotten_flesh":5,"minecraft:oak_planks":47,"minecraft:poppy":1,"minecraft:arrow":10,"minecraft:water_bucket":1,"minecraft:bread":1,"occultism:datura":1,"minecraft:wheat_seeds":63,"minecraft:poisonous_potato":2,"minecraft:oak_fence":1,"minecraft:cobblestone":107,"minecraft:stick":8,"biomesoplenty:goldenrod":1,"minecraft:diorite":48,"minecraft:rose_bush":2,"minecraft:string":896,"minecraft:bucket":3,"minecraft:smooth_basalt":12,"minecraft:stone_sword":2,"minecraft:tuff":4,"minecraft:stone_shovel":1,"minecraft:diamond_sword":1,"minecraft:andesite":16,"minecraft:spider_eye":385,"minecraft:wooden_pickaxe":19}},"DataVersion":3465}