{"stats":{"minecraft:mined":{"minecraft:birch_stairs":20,"minecraft:oak_slab":6,"minecraft:powder_snow":4,"minecraft:oak_fence":2,"minecraft:crafting_table":4,"biomesoplenty:bush":3,"minecraft:grass_block":492,"alexscaves:ancient_sapling":1,"minecraft:chest":2,"minecraft:rose_bush":2,"minecraft:tall_grass":17,"minecraft:spruce_leaves":6,"minecraft:birch_slab":4,"minecraft:dried_kelp_block":5,"minecraft:oak_planks":10,"minecraft:wall_torch":2,"minecraft:pink_wool":6,"biomesoplenty:goldenrod":2,"minecraft:spawner":2,"minecraft:hay_block":18,"minecraft:birch_planks":4,"minecraft:oak_trapdoor":1,"minecraft:birch_log":102,"minecraft:iron_ore":4,"minecraft:birch_leaves":2,"minecraft:grass":237,"biomesoplenty:clover":8,"minecraft:oak_log":513,"minecraft:dirt_path":1,"minecraft:oak_stairs":10,"minecraft:dirt":453,"minecraft:stripped_oak_log":1,"minecraft:stone":65,"minecraft:oak_leaves":23,"biomesoplenty:palm_sapling":3},"minecraft:broken":{"minecraft:stone_axe":6,"minecraft:stone_shovel":7},"minecraft:used":{"minecraft:oak_fence":82,"minecraft:birch_planks":101,"minecraft:stone_pickaxe":119,"minecraft:stone_shovel":1039,"minecraft:oak_planks":76,"minecraft:chest":4,"minecraft:dirt":587,"minecraft:oak_slab":41,"minecraft:crafting_table":8,"minecraft:oak_log":162,"alexsmobs:maggot":2,"alexsmobs:lobster_tail":1,"minecraft:birch_slab":25,"minecraft:oak_stairs":69,"minecraft:bread":35,"minecraft:stone_axe":862,"minecraft:hay_block":2,"minecraft:oak_sapling":1,"alexsmobs:animal_dictionary":14,"minecraft:birch_stairs":109},"minecraft:custom":{"minecraft:mob_kills":23,"minecraft:interact_with_crafting_table":36,"minecraft:open_barrel":1,"minecraft:leave_game":3,"minecraft:time_since_death":5519,"minecraft:sleep_in_bed":2,"minecraft:climb_one_cm":1783,"minecraft:time_since_rest":5602,"minecraft:sprint_one_cm":367755,"minecraft:damage_taken":3480,"minecraft:walk_one_cm":678019,"minecraft:drop":19,"minecraft:damage_dealt":3998,"minecraft:swim_one_cm":16082,"minecraft:fly_one_cm":251850,"minecraft:open_chest":16,"minecraft:crouch_one_cm":39220,"minecraft:play_time":304877,"minecraft:sneak_time":11004,"minecraft:deaths":7,"minecraft:walk_under_water_one_cm":5557,"minecraft:jump":3125,"minecraft:walk_on_water_one_cm":10977,"minecraft:total_world_time":304877,"minecraft:fall_one_cm":91442},"minecraft:dropped":{"minecraft:bread":1,"occultism:datura_seeds":3,"minecraft:wheat_seeds":23,"minecraft:oak_fence":1,"minecraft:oak_planks":1,"minecraft:stick":1,"minecraft:dirt":65,"biomesoplenty:goldenrod":1,"minecraft:rose_bush":2,"minecraft:spider_eye":1,"minecraft:arrow":1,"minecraft:bucket":2},"minecraft:killed_by":{"enemyexpansion:sprinter":1,"minecraft:skeleton":1,"enemyexpansion:wasp":1,"enemyexpansion:direwolf":2},"minecraft:killed":{"alexsmobs:lobster":1,"minecraft:pig":1,"alexsmobs:seal":1,"minecraft:spider":2,"enemyexpansion:sprinter":2,"enemyexpansion:direwolf":1,"minecraft:skeleton":3,"minecraft:pillager":2,"minecraft:zombie":6,"enemyexpansion:botfly":1,"enemyexpansion:huntsman":1,"alexsmobs:fly":2},"minecraft:picked_up":{"minecraft:stripped_oak_log":1,"minecraft:birch_log":100,"occultism:datura_seeds":10,"minecraft:crafting_table":4,"minecraft:birch_slab":7,"biomesoplenty:goldenrod":3,"minecraft:pink_wool":6,"minecraft:oak_stairs":9,"minecraft:birch_planks":4,"minecraft:oak_log":492,"minecraft:dirt":1011,"minecraft:string":1,"minecraft:oak_trapdoor":1,"minecraft:white_banner":1,"minecraft:bone":1,"minecraft:apple":4,"minecraft:bow":1,"minecraft:wheat_seeds":49,"minecraft:bucket":4,"minecraft:rose_bush":3,"biomesoplenty:palm_sapling":3,"minecraft:chest":2,"minecraft:birch_sapling":3,"minecraft:oak_planks":29,"minecraft:raw_iron":4,"minecraft:oak_slab":7,"minecraft:stick":89,"minecraft:oak_fence":3,"minecraft:torch":3,"minecraft:birch_stairs":17,"minecraft:spruce_sapling":2,"minecraft:spider_eye":1,"minecraft:arrow":1,"minecraft:dried_kelp_block":3,"minecraft:rotten_flesh":9,"minecraft:hay_block":18,"minecraft:golden_horse_armor":2,"minecraft:bread":1,"alexsmobs:maggot":4,"minecraft:oak_sapling":87,"alexsmobs:lobster_tail":1,"alexsmobs:flying_fish":1,"minecraft:cobblestone":139,"alexscaves:ancient_sapling":1},"minecraft:crafted":{"minecraft:oak_slab":42,"minecraft:oak_planks":396,"minecraft:stone_shovel":8,"minecraft:crafting_table":4,"minecraft:birch_slab":18,"minecraft:birch_planks":400,"minecraft:stone_axe":7,"minecraft:bread":48,"minecraft:stick":24,"minecraft:stone_pickaxe":1,"minecraft:oak_stairs":72,"minecraft:chest":2,"minecraft:birch_stairs":96,"minecraft:oak_fence":84,"minecraft:wheat":144}},"DataVersion":3465}