{"stats":{"minecraft:mined":{"minecraft:mossy_cobblestone":20,"biomesoplenty:bush":3,"minecraft:grass_block":767,"create:ochrum":1,"minecraft:birch_slab":4,"minecraft:spruce_leaves":6,"minecraft:moss_block":34,"minecraft:pink_wool":6,"minecraft:spawner":2,"minecraft:hay_block":18,"minecraft:oak_trapdoor":7,"minecraft:furnace":2,"minecraft:iron_ore":7,"create:asurine":38,"minecraft:potatoes":18,"minecraft:shroomlight":1,"minecraft:dirt_path":2,"minecraft:oak_stairs":10,"minecraft:lantern":28,"minecraft:stripped_oak_log":1,"occultism:silver_ore":5,"minecraft:warped_trapdoor":1,"minecraft:stone":92,"create:limestone":3,"minecraft:oak_slab":6,"minecraft:birch_stairs":27,"minecraft:powder_snow":57,"minecraft:oak_fence":19,"minecraft:crafting_table":8,"minecraft:poppy":1,"alexscaves:ancient_sapling":1,"minecraft:chest":4,"minecraft:rose_bush":2,"minecraft:glass":1,"minecraft:cobblestone":6,"minecraft:tall_grass":19,"minecraft:dried_kelp_block":5,"minecraft:oak_planks":15,"minecraft:wall_torch":2,"biomesoplenty:goldenrod":13,"minecraft:birch_planks":14,"minecraft:birch_log":102,"minecraft:ice":2,"minecraft:birch_trapdoor":1,"minecraft:gray_bed":3,"minecraft:birch_leaves":2,"minecraft:grass":292,"biomesoplenty:clover":8,"minecraft:oak_log":517,"minecraft:coal_ore":31,"minecraft:gravel":1,"minecraft:sand":34,"minecraft:dirt":667,"minecraft:stonecutter":2,"minecraft:mossy_stone_bricks":42,"minecraft:oak_leaves":195,"biomesoplenty:palm_sapling":3},"minecraft:broken":{"minecraft:stone_pickaxe":2,"minecraft:stone_axe":6,"minecraft:stone_shovel":10},"minecraft:used":{"minecraft:oak_fence":93,"minecraft:oak_trapdoor":27,"minecraft:stone_shovel":1517,"minecraft:chest":10,"minecraft:stone_hoe":88,"minecraft:oak_door":2,"minecraft:torch":3,"minecraft:dirt":895,"alexscaves:ancient_sapling":1,"biomesoplenty:palm_sapling":2,"minecraft:glass":25,"alexsmobs:maggot":2,"alexsmobs:lobster_tail":1,"minecraft:oak_stairs":82,"minecraft:hay_block":2,"minecraft:oak_sapling":1,"minecraft:furnace":4,"minecraft:cooked_cod":23,"minecraft:gray_bed":4,"minecraft:potato":55,"minecraft:water_bucket":25,"minecraft:birch_planks":147,"minecraft:stone_pickaxe":372,"minecraft:baked_potato":3,"minecraft:oak_planks":173,"occultism:datura_seeds":5,"minecraft:oak_leaves":95,"minecraft:oak_slab":50,"minecraft:crafting_table":13,"occultism:datura":2,"minecraft:shears":170,"minecraft:oak_log":243,"minecraft:birch_slab":28,"minecraft:bread":48,"minecraft:stone_axe":982,"minecraft:cobblestone":13,"minecraft:bucket":26,"alexsmobs:animal_dictionary":14,"minecraft:birch_stairs":116},"minecraft:custom":{"minecraft:mob_kills":35,"minecraft:interact_with_crafting_table":64,"minecraft:open_barrel":1,"minecraft:damage_dealt_resisted":0,"minecraft:leave_game":4,"minecraft:time_since_death":29807,"minecraft:climb_one_cm":3464,"minecraft:sprint_one_cm":696682,"minecraft:walk_one_cm":1193712,"minecraft:drop":30,"minecraft:play_time":472619,"minecraft:deaths":9,"minecraft:sneak_time":15827,"minecraft:walk_under_water_one_cm":15100,"minecraft:jump":5465,"minecraft:walk_on_water_one_cm":51331,"minecraft:total_world_time":472619,"minecraft:interact_with_furnace":20,"minecraft:raid_trigger":1,"minecraft:sleep_in_bed":6,"minecraft:time_since_rest":29860,"minecraft:damage_taken":5591,"minecraft:damage_dealt":6221,"minecraft:swim_one_cm":21777,"minecraft:fly_one_cm":579526,"minecraft:open_chest":64,"minecraft:crouch_one_cm":53645,"minecraft:fall_one_cm":156877},"minecraft:dropped":{"minecraft:bread":1,"minecraft:iron_sword":2,"occultism:datura_seeds":3,"occultism:datura":1,"minecraft:wheat_seeds":23,"minecraft:oak_log":1,"minecraft:oak_fence":1,"minecraft:stick":1,"minecraft:dirt":73,"biomesoplenty:goldenrod":1,"minecraft:rose_bush":2,"minecraft:bucket":2,"minecraft:stone_axe":1,"minecraft:stone_shovel":1,"minecraft:rotten_flesh":2,"minecraft:oak_planks":1,"minecraft:poppy":1,"minecraft:spider_eye":1,"minecraft:arrow":3},"minecraft:killed_by":{"enemyexpansion:meature":1,"enemyexpansion:sprinter":1,"minecraft:skeleton":1,"enemyexpansion:botfly":1,"enemyexpansion:wasp":1,"enemyexpansion:direwolf":2},"minecraft:killed":{"alexsmobs:lobster":1,"minecraft:spider":2,"enemyexpansion:direwolf":1,"minecraft:skeleton":5,"minecraft:pig":1,"alexsmobs:seal":1,"enemyexpansion:sprinter":3,"minecraft:pillager":3,"enemyexpansion:meature":1,"minecraft:zombie":10,"enemyexpansion:botfly":2,"enemyexpansion:huntsman":1,"alexsmobs:fly":2,"minecraft:cow":2},"minecraft:picked_up":{"minecraft:crafting_table":8,"minecraft:pink_wool":12,"minecraft:oak_stairs":9,"occultism:raw_silver":10,"minecraft:oak_trapdoor":7,"minecraft:string":2,"create:limestone":6,"minecraft:shroomlight":1,"minecraft:bucket":4,"minecraft:beef":5,"minecraft:rose_bush":4,"minecraft:poppy":2,"minecraft:birch_sapling":6,"minecraft:chest":4,"minecraft:furnace":2,"minecraft:stick":89,"minecraft:raw_iron":7,"minecraft:birch_trapdoor":1,"minecraft:oak_fence":20,"minecraft:torch":3,"enemyexpansion:meathead_helmet":1,"minecraft:stone_shovel":1,"minecraft:arrow":5,"minecraft:rotten_flesh":30,"minecraft:cooked_cod":26,"create:ochrum":2,"minecraft:hay_block":18,"create:asurine":74,"occultism:datura":5,"minecraft:cobblestone":184,"alexsmobs:flying_fish":1,"alexsmobs:lobster_tail":1,"minecraft:stripped_oak_log":2,"minecraft:birch_log":100,"occultism:datura_seeds":31,"minecraft:birch_slab":7,"biomesoplenty:goldenrod":13,"minecraft:leather":2,"minecraft:potato":44,"minecraft:birch_planks":25,"minecraft:oak_log":497,"minecraft:warped_trapdoor":1,"minecraft:dirt":1479,"minecraft:lantern":28,"minecraft:white_banner":2,"minecraft:glass":3,"minecraft:bone":5,"minecraft:apple":8,"minecraft:stonecutter":2,"minecraft:bow":2,"minecraft:wheat_seeds":81,"biomesoplenty:palm_sapling":3,"minecraft:mossy_stone_bricks":37,"minecraft:moss_block":34,"minecraft:gray_bed":3,"minecraft:oak_planks":56,"minecraft:iron_sword":2,"minecraft:oak_slab":7,"minecraft:gravel":1,"minecraft:sand":38,"minecraft:birch_stairs":24,"minecraft:spruce_sapling":4,"minecraft:spider_eye":1,"minecraft:mossy_cobblestone":20,"minecraft:dried_kelp_block":3,"minecraft:stone_axe":1,"minecraft:bone_meal":1,"minecraft:gray_wool":3,"minecraft:golden_horse_armor":3,"minecraft:bread":1,"alexsmobs:maggot":6,"minecraft:baked_potato":12,"minecraft:oak_sapling":172,"minecraft:oak_leaves":163,"minecraft:coal":61,"alexscaves:ancient_sapling":1},"minecraft:crafted":{"minecraft:oak_door":3,"minecraft:oak_planks":580,"minecraft:stone_shovel":11,"minecraft:birch_slab":42,"minecraft:furnace":2,"minecraft:bone_meal":3,"minecraft:oak_trapdoor":20,"minecraft:glass":38,"minecraft:stone_pickaxe":3,"minecraft:chest":6,"minecraft:stone_hoe":1,"minecraft:oak_fence":93,"minecraft:gray_bed":1,"minecraft:wheat":144,"minecraft:oak_slab":72,"minecraft:crafting_table":6,"minecraft:birch_planks":400,"minecraft:stone_axe":8,"minecraft:bread":48,"minecraft:stick":24,"minecraft:iron_ingot":7,"minecraft:oak_stairs":76,"minecraft:birch_stairs":100,"minecraft:shears":1}},"DataVersion":3465}