{"stats":{"minecraft:custom":{"minecraft:interact_with_anvil":2,"minecraft:mob_kills":877,"minecraft:inspect_hopper":5,"minecraft:interact_with_crafting_table":106,"minecraft:open_barrel":1,"minecraft:damage_dealt_resisted":0,"minecraft:leave_game":13,"minecraft:time_since_death":16163,"minecraft:climb_one_cm":5043,"minecraft:sprint_one_cm":962339,"minecraft:walk_one_cm":1642800,"minecraft:drop":117,"minecraft:talked_to_villager":2,"minecraft:play_time":850734,"minecraft:sneak_time":20551,"minecraft:deaths":15,"minecraft:walk_under_water_one_cm":25181,"minecraft:jump":7794,"minecraft:interact_with_blast_furnace":4,"minecraft:walk_on_water_one_cm":65686,"minecraft:enchant_item":3,"minecraft:total_world_time":850734,"minecraft:interact_with_furnace":65,"minecraft:raid_trigger":2,"minecraft:sleep_in_bed":10,"minecraft:time_since_rest":5618,"minecraft:damage_taken":9727,"minecraft:damage_dealt":62036,"minecraft:swim_one_cm":21777,"minecraft:fly_one_cm":774812,"minecraft:open_chest":180,"minecraft:crouch_one_cm":62065,"minecraft:interact_with_smoker":1,"minecraft:fall_one_cm":214676},"minecraft:dropped":{"minecraft:water_bucket":1,"minecraft:bread":1,"minecraft:iron_sword":2,"occultism:datura_seeds":5,"minecraft:birch_planks":102,"occultism:datura":1,"minecraft:wheat_seeds":25,"minecraft:oak_log":57,"minecraft:baked_potato":1,"minecraft:diamond":18,"minecraft:poisonous_potato":1,"minecraft:oak_fence":1,"minecraft:cobblestone":107,"minecraft:stick":8,"minecraft:flint":5,"minecraft:dirt":193,"biomesoplenty:goldenrod":1,"minecraft:diorite":48,"minecraft:rose_bush":2,"minecraft:string":192,"minecraft:bucket":3,"minecraft:smooth_basalt":12,"minecraft:bone":2,"minecraft:gravel":13,"minecraft:stone_axe":2,"minecraft:compass":1,"minecraft:stone_sword":2,"minecraft:cobbled_deepslate":55,"minecraft:tuff":4,"minecraft:stone_shovel":1,"minecraft:rotten_flesh":5,"minecraft:oak_planks":47,"minecraft:poppy":1,"minecraft:andesite":16,"minecraft:spider_eye":1,"minecraft:arrow":8,"minecraft:wooden_pickaxe":19},"minecraft:broken":{"minecraft:stone_pickaxe":3,"minecraft:stone_axe":6,"minecraft:iron_sword":1,"minecraft:iron_pickaxe":4,"minecraft:stone_shovel":11},"minecraft:crafted":{"minecraft:oak_door":3,"minecraft:oak_planks":640,"minecraft:cobblestone_slab":6,"minecraft:stone_shovel":11,"minecraft:birch_slab":42,"minecraft:furnace":8,"minecraft:bone_meal":11,"minecraft:oak_trapdoor":20,"minecraft:glass":38,"minecraft:diamond_leggings":1,"minecraft:stone_pickaxe":3,"minecraft:chest":6,"minecraft:stone_hoe":1,"minecraft:oak_fence":93,"minecraft:gray_bed":1,"minecraft:wheat":144,"minecraft:oak_slab":72,"minecraft:diamond_sword":3,"minecraft:crafting_table":10,"minecraft:wooden_pickaxe":9,"minecraft:baked_potato":39,"minecraft:iron_sword":1,"minecraft:birch_planks":400,"minecraft:stone_axe":8,"minecraft:bread":48,"minecraft:stick":64,"minecraft:iron_ingot":88,"minecraft:iron_pickaxe":5,"minecraft:oak_stairs":76,"minecraft:iron_block":3,"minecraft:stone_sword":1,"minecraft:gold_ingot":46,"minecraft:anvil":1,"minecraft:birch_stairs":100,"minecraft:shears":1,"minecraft:diamond_chestplate":1},"minecraft:killed":{"alexsmobs:lobster":1,"minecraft:cave_spider":827,"minecraft:spider":2,"enemyexpansion:direwolf":1,"minecraft:skeleton":5,"minecraft:pig":1,"alexsmobs:seal":1,"enemyexpansion:sprinter":4,"minecraft:pillager":5,"enemyexpansion:meature":1,"minecraft:zombie":15,"enemyexpansion:botfly":3,"enemyexpansion:huntsman":1,"alexsmobs:fly":2,"minecraft:cow":2},"minecraft:used":{"minecraft:oak_fence":93,"minecraft:oak_trapdoor":27,"minecraft:stone_sword":45,"minecraft:stone_shovel":1570,"minecraft:chest":10,"minecraft:iron_sword":251,"minecraft:stone_hoe":142,"minecraft:oak_door":2,"minecraft:torch":3,"minecraft:dirt":1042,"minecraft:anvil":1,"alexscaves:ancient_sapling":1,"minecraft:yellow_carpet":1,"minecraft:tuff":51,"biomesoplenty:palm_sapling":3,"minecraft:glass":25,"alexsmobs:maggot":2,"alexsmobs:lobster_tail":1,"minecraft:lantern":23,"minecraft:oak_stairs":82,"minecraft:hay_block":2,"minecraft:iron_trapdoor":3,"minecraft:oak_sapling":1,"minecraft:furnace":11,"minecraft:cooked_cod":23,"minecraft:gray_bed":4,"minecraft:potato":161,"minecraft:water_bucket":46,"minecraft:baked_potato":51,"minecraft:birch_planks":147,"minecraft:stone_pickaxe":393,"minecraft:oak_planks":173,"occultism:datura_seeds":18,"minecraft:wooden_pickaxe":99,"minecraft:cobblestone_slab":3,"minecraft:oak_leaves":95,"minecraft:oak_slab":50,"minecraft:crafting_table":19,"occultism:datura":5,"minecraft:shears":170,"minecraft:oak_log":243,"minecraft:birch_slab":28,"minecraft:bread":48,"minecraft:iron_pickaxe":1209,"minecraft:stone_axe":983,"minecraft:diamond_sword":688,"minecraft:cobblestone":106,"minecraft:white_banner":1,"minecraft:birch_stairs":116,"alexsmobs:animal_dictionary":14,"minecraft:bucket":48,"minecraft:bone_meal":8,"minecraft:experience_bottle":1},"minecraft:mined":{"create:zinc_ore":12,"minecraft:tuff":51,"minecraft:mossy_cobblestone":20,"minecraft:deepslate_diamond_ore":46,"luckytntmod:deepslate_gunpowder_ore":2,"minecraft:granite":18,"biomesoplenty:bush":4,"minecraft:grass_block":778,"minecraft:yellow_carpet":3,"create:ochrum":1,"occultism:silver_ore_deepslate":5,"minecraft:birch_slab":4,"minecraft:spruce_leaves":6,"occultism:datura":1,"minecraft:moss_block":34,"minecraft:pink_wool":6,"minecraft:spawner":2,"minecraft:hay_block":18,"luckytntmod:deepslate_uranium_ore":6,"minecraft:oak_trapdoor":7,"minecraft:furnace":5,"minecraft:iron_ore":25,"minecraft:andesite":30,"minecraft:deepslate_lapis_ore":21,"create:asurine":38,"minecraft:potatoes":80,"minecraft:dirt_path":2,"minecraft:shroomlight":1,"minecraft:deepslate_iron_ore":63,"minecraft:oak_stairs":10,"minecraft:lantern":29,"minecraft:stripped_oak_log":1,"occultism:silver_ore":5,"minecraft:warped_trapdoor":1,"minecraft:stone":323,"create:limestone":3,"minecraft:deepslate_redstone_ore":15,"minecraft:birch_stairs":27,"minecraft:oak_slab":6,"minecraft:powder_snow":57,"minecraft:oak_fence":19,"minecraft:crafting_table":8,"minecraft:poppy":1,"alexscaves:ancient_sapling":1,"minecraft:chest":4,"minecraft:rose_bush":2,"minecraft:glass":1,"minecraft:tall_grass":20,"minecraft:cobblestone":7,"minecraft:deepslate_gold_ore":39,"minecraft:dried_kelp_block":5,"minecraft:lapis_ore":5,"minecraft:oak_planks":15,"minecraft:sugar_cane":6,"minecraft:wall_torch":2,"minecraft:diorite":20,"minecraft:deepslate_copper_ore":12,"biomesoplenty:goldenrod":13,"minecraft:birch_planks":14,"minecraft:birch_log":102,"minecraft:ice":2,"minecraft:birch_trapdoor":1,"minecraft:gray_bed":3,"minecraft:birch_leaves":2,"minecraft:grass":314,"biomesoplenty:clover":8,"minecraft:coal_ore":56,"minecraft:oak_log":517,"minecraft:gravel":29,"minecraft:dirt":693,"minecraft:sand":34,"minecraft:smooth_basalt":6,"minecraft:stonecutter":2,"minecraft:gold_ore":7,"minecraft:mossy_stone_bricks":42,"minecraft:deepslate":645,"minecraft:oak_leaves":196,"biomesoplenty:palm_sapling":3,"luckytntmod:gunpowder_ore":2},"minecraft:killed_by":{"minecraft:player":2,"enemyexpansion:meature":1,"enemyexpansion:sprinter":2,"minecraft:skeleton":1,"enemyexpansion:botfly":1,"enemyexpansion:wasp":1,"enemyexpansion:direwolf":2},"minecraft:picked_up":{"minecraft:crafting_table":9,"minecraft:iron_trapdoor":3,"minecraft:wooden_pickaxe":10,"minecraft:pink_wool":12,"minecraft:oak_stairs":9,"occultism:raw_silver":10,"minecraft:potion":2,"minecraft:oak_trapdoor":8,"minecraft:string":134,"minecraft:raw_copper":40,"create:limestone":6,"minecraft:compass":1,"minecraft:experience_bottle":1,"minecraft:shroomlight":1,"minecraft:cobbled_deepslate":311,"minecraft:bucket":5,"minecraft:beef":5,"minecraft:rose_bush":4,"minecraft:poppy":2,"minecraft:chest":4,"minecraft:birch_sapling":6,"minecraft:furnace":5,"minecraft:raw_iron":88,"minecraft:stick":96,"minecraft:birch_trapdoor":1,"minecraft:oak_fence":21,"minecraft:torch":3,"minecraft:diorite":48,"minecraft:redstone":62,"enemyexpansion:meathead_helmet":1,"luckytntmod:deepslate_uranium_ore":6,"minecraft:stone_sword":1,"minecraft:arrow":10,"minecraft:stone_shovel":1,"minecraft:rotten_flesh":36,"minecraft:diamond_chestplate":1,"minecraft:cooked_cod":26,"create:ochrum":2,"minecraft:hay_block":18,"create:asurine":74,"occultism:datura":9,"minecraft:saddle":1,"alexsmobs:lobster_tail":1,"alexsmobs:flying_fish":1,"minecraft:cobblestone":472,"minecraft:birch_log":100,"minecraft:stripped_oak_log":2,"minecraft:enchanting_table":1,"occultism:datura_seeds":40,"minecraft:water_bucket":1,"minecraft:birch_slab":7,"minecraft:andesite":46,"biomesoplenty:goldenrod":13,"minecraft:leather":2,"minecraft:potato":258,"minecraft:birch_planks":76,"minecraft:filled_map":1,"minecraft:flint":5,"minecraft:tuff":55,"create:raw_zinc":12,"minecraft:oak_log":497,"minecraft:warped_trapdoor":1,"minecraft:gunpowder":17,"minecraft:lapis_lazuli":368,"minecraft:dirt":1604,"minecraft:lantern":29,"minecraft:white_banner":4,"minecraft:glass":3,"minecraft:bone":9,"minecraft:apple":8,"minecraft:bow":2,"minecraft:stonecutter":2,"minecraft:wheat_seeds":83,"minecraft:raw_gold":46,"biomesoplenty:palm_sapling":3,"luckytntmod:uranium_ingot":6,"minecraft:mossy_stone_bricks":37,"minecraft:moss_block":34,"minecraft:gray_bed":3,"minecraft:oak_planks":102,"minecraft:iron_sword":2,"minecraft:oak_slab":8,"minecraft:smooth_basalt":12,"minecraft:poisonous_potato":2,"minecraft:gravel":15,"minecraft:birch_stairs":24,"minecraft:sand":38,"minecraft:spruce_sapling":4,"minecraft:spider_eye":2,"minecraft:mossy_cobblestone":20,"travelersbackpack:standard":1,"minecraft:dried_kelp_block":3,"minecraft:yellow_carpet":1,"minecraft:diamond":47,"minecraft:stone_axe":1,"minecraft:granite":18,"minecraft:bone_meal":1,"minecraft:gray_wool":3,"minecraft:golden_horse_armor":3,"minecraft:bread":1,"alexsmobs:maggot":6,"minecraft:baked_potato":13,"minecraft:oak_sapling":172,"minecraft:coal":127,"minecraft:oak_leaves":163,"alexscaves:ancient_sapling":1}},"DataVersion":3465}