{"stats":{"minecraft:custom":{"minecraft:mob_kills":83,"minecraft:interact_with_crafting_table":74,"minecraft:open_barrel":15,"minecraft:leave_game":9,"minecraft:time_since_death":86830,"minecraft:climb_one_cm":9461,"minecraft:sprint_one_cm":1284992,"minecraft:walk_one_cm":696351,"minecraft:damage_blocked_by_shield":730,"minecraft:drop":146,"minecraft:talked_to_villager":1,"minecraft:play_time":386735,"minecraft:sneak_time":1393,"minecraft:deaths":4,"minecraft:walk_under_water_one_cm":25549,"minecraft:boat_one_cm":12250,"minecraft:jump":6755,"minecraft:walk_on_water_one_cm":21650,"minecraft:total_world_time":386735,"minecraft:interact_with_furnace":42,"minecraft:sleep_in_bed":12,"minecraft:time_since_rest":14833,"minecraft:damage_taken":3122,"minecraft:damage_dealt":12913,"minecraft:swim_one_cm":16432,"minecraft:fly_one_cm":1314910,"minecraft:open_chest":391,"minecraft:crouch_one_cm":1432,"minecraft:interact_with_smoker":1,"minecraft:fall_one_cm":168630},"minecraft:killed_by":{"minecraft:creeper":1,"minecraft:witch":1},"minecraft:picked_up":{"minecraft:crafting_table":8,"minecraft:chicken":1,"minecraft:ladder":1,"minecraft:anvil":2,"minecraft:lead":2,"minecraft:wooden_pickaxe":1,"occultism:raw_silver":40,"biomesoplenty:jacaranda_sapling":12,"minecraft:gold_block":2,"minecraft:enchanted_book":1,"minecraft:diamond_horse_armor":2,"minecraft:brewing_stand":1,"minecraft:string":11,"minecraft:red_bed":4,"minecraft:iron_axe":13,"minecraft:experience_bottle":1,"minecraft:oak_sign":2,"minecraft:gold_nugget":14,"minecraft:bucket":13,"minecraft:spruce_planks":25,"minecraft:beef":9,"minecraft:iron_pickaxe":3,"minecraft:light_gray_wool":2,"alexsmobs:raccoon_tail":2,"minecraft:melon_slice":52,"minecraft:chest":34,"minecraft:furnace":8,"minecraft:stick":631,"minecraft:raw_iron":449,"minecraft:jukebox":1,"minecraft:torch":8,"alexsmobs:lobster_bucket":2,"minecraft:porkchop":19,"minecraft:redstone":24,"minecraft:cauldron":6,"minecraft:cooked_cod":5,"minecraft:stone_shovel":3,"minecraft:arrow":11,"minecraft:honey_bottle":4,"minecraft:rotten_flesh":30,"biomesoplenty:jacaranda_log":18,"create:scoria":81,"minecraft:hay_block":193,"minecraft:glistering_melon_slice":14,"minecraft:saddle":3,"alexsmobs:flying_fish_bucket":2,"minecraft:mutton":17,"minecraft:white_wool":7,"minecraft:cobblestone":638,"biomesoplenty:lavender":5,"minecraft:enchanting_table":1,"occultism:datura_seeds":5,"minecraft:feather":2,"minecraft:lilac":3,"minecraft:water_bucket":1,"biomesoplenty:goldenrod":5,"minecraft:leather":10,"minecraft:filled_map":1,"create:raw_zinc":82,"minecraft:oak_log":2907,"biomesoplenty:jacaranda_planks":3,"minecraft:gunpowder":4,"minecraft:dirt":3054,"minecraft:white_banner":1,"minecraft:bone":12,"minecraft:apple":43,"minecraft:wheat_seeds":25,"minecraft:iron_ingot":87,"minecraft:stripped_oak_wood":1,"minecraft:mossy_stone_bricks":4,"minecraft:glowstone_dust":2,"minecraft:pumpkin":26,"biomesoplenty:jacaranda_boat":2,"minecraft:gravel":25,"minecraft:sand":64,"minecraft:spruce_sapling":571,"minecraft:spruce_log":2501,"alexsmobs:animal_dictionary":4,"biomesoplenty:flowering_oak_sapling":2,"travelersbackpack:white_sleeping_bag":6,"minecraft:dried_kelp_block":128,"minecraft:diamond":15,"minecraft:spruce_boat":2,"minecraft:crossbow":1,"minecraft:bread":384,"alexsmobs:maggot":10,"minecraft:oak_sapling":268,"minecraft:coal":360},"minecraft:broken":{"minecraft:wooden_shovel":3,"minecraft:stone_pickaxe":1,"minecraft:iron_axe":10,"minecraft:iron_pickaxe":2,"minecraft:wooden_axe":4,"minecraft:wooden_hoe":1,"minecraft:stone_shovel":4},"minecraft:mined":{"create:zinc_ore":23,"minecraft:spruce_planks":3,"minecraft:brewing_stand":1,"biomesoplenty:bush":1,"minecraft:grass_block":483,"travelersbackpack:white_sleeping_bag":4,"minecraft:spruce_leaves":299,"minecraft:spawner":3,"minecraft:tall_seagrass":2,"minecraft:hay_block":130,"biomesoplenty:jacaranda_log":5,"minecraft:furnace":6,"minecraft:iron_ore":253,"minecraft:fire":31,"biomesoplenty:lavender":1,"minecraft:anvil":1,"minecraft:enchanting_table":1,"minecraft:gold_block":2,"minecraft:dirt_path":32,"minecraft:water_cauldron":3,"occultism:silver_ore":10,"minecraft:stone":168,"minecraft:red_bed":2,"minecraft:powder_snow":1,"minecraft:crafting_table":8,"minecraft:torch":8,"minecraft:melon":10,"minecraft:chest":32,"create:scoria":28,"minecraft:mushroom_stem":15,"minecraft:tall_grass":8,"minecraft:cobblestone":23,"minecraft:dried_kelp_block":65,"biomesoplenty:goldenrod":5,"minecraft:seagrass":6,"minecraft:lilac":3,"minecraft:spruce_log":1302,"minecraft:jukebox":1,"minecraft:bee_nest":1,"minecraft:grass":129,"minecraft:oak_log":1427,"minecraft:coal_ore":138,"minecraft:sand":74,"minecraft:gravel":5,"minecraft:dirt":213,"minecraft:cobweb":10,"minecraft:mossy_stone_bricks":2,"minecraft:oak_leaves":7},"minecraft:killed":{"minecraft:cave_spider":2,"minecraft:witch":3,"alexsmobs:raccoon":1,"enemyexpansion:equestrian":1,"alexsmobs:seagull":1,"enemyexpansion:direwolf":6,"enemyexpansion:goblin_fear":1,"minecraft:skeleton":8,"minecraft:chicken":1,"minecraft:drowned":8,"minecraft:piglin_brute":2,"enemyexpansion:goblin":2,"minecraft:pig":9,"enemyexpansion:sprinter":1,"minecraft:wandering_trader":1,"minecraft:creeper":1,"minecraft:sheep":10,"minecraft:pillager":2,"minecraft:zombie":12,"enemyexpansion:huntsman":1,"alexsmobs:fly":4,"minecraft:cow":4},"minecraft:crafted":{"minecraft:wooden_sword":1,"minecraft:oak_planks":136,"minecraft:stone_shovel":4,"minecraft:furnace":2,"minecraft:glass":22,"travelersbackpack:white_sleeping_bag":1,"minecraft:iron_boots":1,"minecraft:iron_axe":19,"minecraft:stone_pickaxe":1,"minecraft:chest":15,"minecraft:oak_button":4,"minecraft:spruce_boat":1,"minecraft:wheat":1152,"minecraft:glistering_melon_slice":14,"minecraft:wooden_shovel":3,"biomesoplenty:jacaranda_planks":20,"minecraft:cooked_porkchop":6,"biomesoplenty:jacaranda_boat":1,"minecraft:crafting_table":5,"minecraft:spruce_planks":60,"travelersbackpack:backpack_tank":2,"travelersbackpack:standard":1,"minecraft:wooden_pickaxe":1,"minecraft:bucket":2,"minecraft:bread":384,"minecraft:air":0,"minecraft:iron_chestplate":1,"minecraft:wooden_hoe":1,"minecraft:gold_nugget":173,"minecraft:shield":3,"minecraft:stick":28,"minecraft:iron_ingot":199,"minecraft:iron_pickaxe":13,"minecraft:wooden_axe":5,"minecraft:stone_sword":1,"minecraft:iron_shovel":1,"minecraft:gold_ingot":18,"minecraft:torch":16},"minecraft:dropped":{"minecraft:iron_ingot":11,"occultism:datura_seeds":1,"minecraft:wheat_seeds":5,"minecraft:lilac":3,"minecraft:crossbow":1,"biomesoplenty:lavender":2,"minecraft:feather":2,"minecraft:iron_helmet":1,"minecraft:spectral_arrow":2,"minecraft:apple":2,"minecraft:stick":72,"minecraft:dirt":4,"minecraft:red_bed":1,"biomesoplenty:goldenrod":4,"minecraft:melon_slice":62,"minecraft:cooked_cod":2,"minecraft:gold_nugget":68,"minecraft:iron_axe":1,"alexsmobs:raccoon_tail":2,"minecraft:white_wool":2,"create:raw_zinc":13,"minecraft:spruce_sapling":2,"minecraft:bone":4,"minecraft:furnace":1,"minecraft:stone_sword":1,"minecraft:raw_iron":20,"minecraft:stone_shovel":2,"minecraft:rotten_flesh":28,"occultism:raw_silver":10,"minecraft:glowstone_dust":2,"minecraft:honey_bottle":7,"minecraft:oak_sign":2,"minecraft:hay_block":64,"minecraft:gunpowder":2,"minecraft:oak_button":4,"minecraft:oak_sapling":12,"minecraft:arrow":9,"minecraft:wooden_pickaxe":1},"minecraft:used":{"minecraft:stone_sword":67,"minecraft:iron_shovel":169,"minecraft:stone_shovel":525,"minecraft:chest":48,"minecraft:spruce_planks":34,"minecraft:shield":27,"minecraft:iron_sword":251,"minecraft:wooden_shovel":181,"minecraft:torch":25,"minecraft:dirt":285,"minecraft:mutton":13,"minecraft:spruce_boat":3,"minecraft:wooden_axe":324,"minecraft:lantern":3,"minecraft:iron_axe":2990,"minecraft:grass_block":42,"minecraft:iron_helmet":1,"minecraft:beef":3,"minecraft:hay_block":1,"minecraft:oak_sapling":240,"minecraft:furnace":7,"minecraft:cooked_cod":55,"minecraft:water_bucket":18,"minecraft:iron_ore":40,"minecraft:birch_planks":23,"minecraft:stone_pickaxe":131,"minecraft:wooden_pickaxe":34,"biomesoplenty:lavender":6,"biomesoplenty:goldenrod":1,"minecraft:crafting_table":13,"minecraft:red_bed":3,"minecraft:oak_log":63,"minecraft:wooden_hoe":59,"minecraft:apple":6,"minecraft:chicken":1,"minecraft:bread":16,"minecraft:iron_pickaxe":523,"travelersbackpack:white_sleeping_bag":4,"biomesoplenty:jacaranda_boat":3,"minecraft:soul_lantern":3,"minecraft:wooden_sword":19,"travelersbackpack:standard":2,"minecraft:cobblestone":23,"minecraft:porkchop":11,"minecraft:stripped_oak_wood":23,"minecraft:cooked_porkchop":4,"minecraft:bucket":32,"minecraft:experience_bottle":1}},"DataVersion":3465}