{"stats":{"minecraft:custom":{"minecraft:time_since_rest":1659,"minecraft:crouch_one_cm":182,"minecraft:sprint_one_cm":633,"minecraft:play_time":18706,"minecraft:deaths":1,"minecraft:walk_one_cm":19881,"minecraft:sneak_time":630,"minecraft:walk_under_water_one_cm":121,"minecraft:jump":60,"minecraft:damage_dealt":10,"minecraft:leave_game":2,"minecraft:walk_on_water_one_cm":1185,"minecraft:time_since_death":1631,"minecraft:total_world_time":18706,"minecraft:fly_one_cm":229532},"minecraft:picked_up":{"biomesoplenty:lavender":1},"minecraft:used":{"minecraft:soul_lantern":3,"minecraft:oak_log":55,"minecraft:water_bucket":12,"minecraft:grass_block":35,"minecraft:birch_planks":22,"minecraft:lantern":3,"minecraft:stripped_oak_wood":20,"minecraft:bucket":24,"minecraft:spruce_planks":19,"biomesoplenty:lavender":6}},"DataVersion":3465}