{"stats":{"minecraft:custom":{"minecraft:interact_with_furnace":6,"minecraft:mob_kills":8,"minecraft:interact_with_crafting_table":22,"minecraft:leave_game":3,"minecraft:time_since_death":73474,"minecraft:sleep_in_bed":2,"minecraft:time_since_rest":33601,"minecraft:sprint_one_cm":88944,"minecraft:damage_taken":310,"minecraft:walk_one_cm":195139,"minecraft:drop":16,"minecraft:damage_dealt":790,"minecraft:fly_one_cm":287200,"minecraft:open_chest":60,"minecraft:crouch_one_cm":318,"minecraft:play_time":90549,"minecraft:deaths":1,"minecraft:sneak_time":695,"minecraft:walk_under_water_one_cm":121,"minecraft:jump":704,"minecraft:walk_on_water_one_cm":1185,"minecraft:total_world_time":90549,"minecraft:fall_one_cm":8366},"minecraft:used":{"minecraft:water_bucket":12,"minecraft:stone_sword":4,"minecraft:birch_planks":23,"minecraft:stone_pickaxe":131,"minecraft:stone_shovel":397,"minecraft:chest":8,"minecraft:spruce_planks":20,"minecraft:wooden_pickaxe":34,"biomesoplenty:lavender":6,"minecraft:wooden_shovel":181,"minecraft:dirt":53,"minecraft:mutton":5,"minecraft:crafting_table":6,"minecraft:oak_log":63,"minecraft:wooden_axe":324,"minecraft:apple":2,"minecraft:lantern":3,"minecraft:grass_block":42,"minecraft:iron_pickaxe":3,"travelersbackpack:white_sleeping_bag":3,"minecraft:soul_lantern":3,"minecraft:wooden_sword":19,"minecraft:cobblestone":23,"minecraft:porkchop":3,"minecraft:furnace":2,"minecraft:stripped_oak_wood":23,"minecraft:bucket":24},"minecraft:picked_up":{"biomesoplenty:lavender":3,"minecraft:crafting_table":5,"minecraft:wooden_pickaxe":1,"biomesoplenty:jacaranda_sapling":6,"minecraft:oak_log":303,"minecraft:dirt":1435,"minecraft:bone":1,"minecraft:apple":2,"minecraft:wheat_seeds":7,"minecraft:spruce_planks":19,"minecraft:stripped_oak_wood":1,"minecraft:chest":5,"minecraft:furnace":1,"minecraft:stick":30,"minecraft:raw_iron":5,"minecraft:gravel":10,"minecraft:porkchop":3,"minecraft:spruce_sapling":60,"minecraft:spruce_log":113,"alexsmobs:animal_dictionary":2,"travelersbackpack:white_sleeping_bag":2,"minecraft:rotten_flesh":1,"minecraft:arrow":1,"minecraft:stone_shovel":2,"biomesoplenty:jacaranda_log":10,"alexsmobs:maggot":2,"minecraft:oak_sapling":20,"minecraft:mutton":7,"minecraft:coal":9,"minecraft:white_wool":3,"minecraft:cobblestone":249},"minecraft:killed":{"minecraft:pig":1,"minecraft:skeleton":1,"minecraft:sheep":3,"minecraft:zombie":1,"alexsmobs:fly":2},"minecraft:dropped":{"minecraft:wheat_seeds":1,"minecraft:stone_shovel":2,"minecraft:oak_sapling":12,"minecraft:wooden_pickaxe":1},"minecraft:crafted":{"minecraft:wooden_sword":1,"minecraft:oak_planks":20,"minecraft:wooden_shovel":3,"minecraft:stone_shovel":4,"minecraft:crafting_table":1,"minecraft:spruce_planks":52,"minecraft:wooden_pickaxe":1,"minecraft:furnace":1,"minecraft:air":0,"travelersbackpack:white_sleeping_bag":1,"minecraft:stick":4,"minecraft:iron_ingot":5,"minecraft:iron_pickaxe":1,"minecraft:stone_pickaxe":1,"minecraft:wooden_axe":5,"minecraft:chest":3,"minecraft:stone_sword":1},"minecraft:mined":{"minecraft:crafting_table":5,"minecraft:grass_block":463,"minecraft:chest":5,"travelersbackpack:white_sleeping_bag":2,"minecraft:cobblestone":4,"minecraft:spruce_leaves":49,"biomesoplenty:jacaranda_log":5,"minecraft:furnace":1,"minecraft:iron_ore":5,"minecraft:spruce_log":73,"minecraft:grass":11,"minecraft:oak_log":177,"minecraft:coal_ore":5,"minecraft:gravel":5,"minecraft:dirt":169,"minecraft:stone":148},"minecraft:broken":{"minecraft:stone_pickaxe":1,"minecraft:wooden_shovel":3,"minecraft:wooden_axe":4,"minecraft:stone_shovel":3}},"DataVersion":3465}