{"stats":{"minecraft:custom":{"minecraft:animals_bred":2,"minecraft:interact_with_crafting_table":207,"minecraft:open_barrel":22,"minecraft:leave_game":29,"minecraft:time_since_death":39649,"minecraft:sprint_one_cm":3354706,"minecraft:damage_blocked_by_shield":2300,"minecraft:drop":322,"minecraft:talked_to_villager":80,"minecraft:play_time":1235879,"minecraft:deaths":11,"minecraft:jump":15901,"minecraft:walk_on_water_one_cm":64598,"minecraft:interact_with_furnace":182,"minecraft:interact_with_loom":2,"minecraft:sleep_in_bed":38,"minecraft:damage_dealt":30564,"minecraft:crouch_one_cm":77025,"minecraft:interact_with_smoker":1,"minecraft:horse_one_cm":2975,"minecraft:interact_with_anvil":4,"minecraft:mob_kills":186,"minecraft:inspect_hopper":3,"minecraft:climb_one_cm":18144,"minecraft:walk_one_cm":2661446,"minecraft:sneak_time":23286,"minecraft:walk_under_water_one_cm":75608,"minecraft:boat_one_cm":391050,"minecraft:interact_with_blast_furnace":20,"minecraft:total_world_time":1235879,"minecraft:time_since_rest":39725,"minecraft:damage_taken":9207,"minecraft:swim_one_cm":65951,"minecraft:fly_one_cm":2648749,"minecraft:open_chest":1533,"minecraft:fall_one_cm":368480},"minecraft:dropped":{"minecraft:iron_sword":1,"occultism:datura_seeds":1,"minecraft:oak_log":126,"minecraft:diamond":1,"minecraft:crafting_table":1,"minecraft:crossbow":1,"minecraft:flint":1,"minecraft:dirt":5,"minecraft:red_bed":1,"minecraft:birch_fence":3,"alexsmobs:flying_fish":1,"minecraft:cooked_cod":2,"minecraft:snowball":48,"minecraft:gold_nugget":68,"minecraft:sand":1,"minecraft:iron_pickaxe":2,"alexsmobs:raccoon_tail":2,"minecraft:white_wool":2,"minecraft:bone":4,"minecraft:gravel":7,"minecraft:cobbled_deepslate":138,"alexscaves:cave_tablet":1,"minecraft:rotten_flesh":38,"occultism:raw_silver":10,"minecraft:glowstone_dust":2,"minecraft:honey_bottle":7,"minecraft:azure_bluet":1,"minecraft:gunpowder":2,"minecraft:birch_trapdoor":1,"minecraft:charcoal":2,"minecraft:ladder":4,"minecraft:arrow":28,"minecraft:iron_ingot":11,"minecraft:bread":193,"minecraft:wheat_seeds":10,"minecraft:lilac":9,"minecraft:oak_fence":1,"minecraft:poisonous_potato":1,"biomesoplenty:lavender":3,"minecraft:iron_helmet":1,"minecraft:feather":2,"minecraft:cobblestone":2,"minecraft:spectral_arrow":2,"minecraft:apple":2,"minecraft:granite":21,"minecraft:stick":76,"biomesoplenty:goldenrod":4,"minecraft:melon_slice":62,"minecraft:stripped_birch_log":2,"minecraft:iron_axe":1,"create:raw_zinc":13,"minecraft:spruce_sapling":3,"minecraft:furnace":1,"minecraft:stone_sword":1,"minecraft:raw_copper":3,"minecraft:tuff":53,"minecraft:raw_iron":20,"minecraft:stone_shovel":2,"moonsweaponry:wooden_scythe":1,"minecraft:oak_sign":2,"minecraft:potato":128,"minecraft:hay_block":64,"minecraft:oak_button":4,"minecraft:spruce_planks":4,"minecraft:diamond_pickaxe":1,"minecraft:andesite":1,"minecraft:oak_sapling":13,"minecraft:spruce_log":64,"minecraft:wooden_pickaxe":1},"minecraft:broken":{"minecraft:iron_shovel":31,"minecraft:wooden_shovel":3,"minecraft:iron_boots":1,"minecraft:iron_chestplate":1,"minecraft:iron_leggings":1,"minecraft:stone_pickaxe":4,"minecraft:diamond_pickaxe":1,"minecraft:wooden_axe":4,"minecraft:stone_shovel":4,"minecraft:iron_axe":11,"minecraft:iron_pickaxe":22,"minecraft:iron_helmet":1,"minecraft:wooden_hoe":1},"minecraft:crafted":{"securitycraft:mine":3,"minecraft:smooth_stone":31,"minecraft:oak_planks":396,"minecraft:cobblestone_slab":6,"minecraft:oak_sign":3,"minecraft:stone":656,"minecraft:cobblestone_stairs":416,"minecraft:bookshelf":1,"minecraft:glass":22,"minecraft:hopper":4,"minecraft:iron_boots":2,"minecraft:chest":40,"minecraft:oak_button":4,"minecraft:rail":16,"minecraft:oak_slab":12,"minecraft:wooden_shovel":3,"biomesoplenty:jacaranda_planks":20,"minecraft:cooked_porkchop":6,"minecraft:crafting_table":13,"minecraft:spruce_planks":1420,"travelersbackpack:standard":1,"minecraft:baked_potato":38,"minecraft:wooden_pickaxe":2,"minecraft:copper_ingot":24,"minecraft:fletching_table":3,"minecraft:hopper_minecart":2,"minecraft:spruce_trapdoor":188,"minecraft:lectern":1,"minecraft:iron_chestplate":2,"minecraft:wooden_hoe":1,"minecraft:diamond_pickaxe":2,"minecraft:shield":3,"minecraft:stick":48,"minecraft:iron_ingot":423,"minecraft:iron_pickaxe":22,"minecraft:snow_block":1440,"minecraft:stone_sword":1,"minecraft:gold_ingot":40,"minecraft:shears":1,"minecraft:wooden_sword":1,"minecraft:coal":288,"minecraft:stone_shovel":4,"minecraft:furnace":25,"minecraft:blast_furnace":2,"minecraft:bone_meal":75,"minecraft:spruce_fence":18,"minecraft:spruce_stairs":296,"travelersbackpack:white_sleeping_bag":1,"minecraft:iron_axe":19,"minecraft:iron_hoe":1,"minecraft:spruce_slab":390,"minecraft:stone_pickaxe":4,"minecraft:spruce_boat":2,"minecraft:redstone_block":31,"minecraft:minecart":2,"minecraft:glistering_melon_slice":14,"minecraft:wheat":1152,"minecraft:coal_block":49,"minecraft:spruce_sign":3,"biomesoplenty:jacaranda_boat":1,"occultism:silver_ingot":13,"travelersbackpack:backpack_tank":2,"minecraft:bucket":2,"securitycraft:cobblestone_mine":1,"minecraft:bread":384,"minecraft:air":0,"securitycraft:dirt_mine":2,"minecraft:gold_nugget":173,"minecraft:wooden_axe":5,"minecraft:iron_shovel":33,"minecraft:iron_leggings":1,"minecraft:torch":164},"minecraft:killed":{"minecraft:cave_spider":2,"minecraft:witch":3,"enemyexpansion:equestrian":2,"minecraft:spider":6,"minecraft:skeleton":33,"minecraft:chicken":1,"minecraft:piglin_brute":2,"minecraft:pig":10,"minecraft:zombie_villager":1,"minecraft:creeper":5,"minecraft:sheep":11,"enemyexpansion:meature":1,"minecraft:pillager":5,"minecraft:zombie":34,"enemyexpansion:botfly":7,"alexsmobs:fly":6,"minecraft:cow":4,"alexsmobs:raccoon":2,"alexsmobs:seagull":1,"enemyexpansion:direwolf":16,"enemyexpansion:goblin_fear":1,"minecraft:phantom":2,"minecraft:snow_golem":1,"minecraft:drowned":8,"enemyexpansion:goblin":2,"enemyexpansion:sprinter":3,"minecraft:wandering_trader":1,"enemyexpansion:huntsman":4,"minecraft:villager":2,"minecraft:enderman":2},"minecraft:used":{"minecraft:iron_shovel":8005,"minecraft:spruce_slab":1,"minecraft:ladder":1,"minecraft:oak_sign":4,"minecraft:chest":79,"minecraft:shield":58,"minecraft:iron_sword":649,"minecraft:iron_chestplate":1,"minecraft:mutton":13,"minecraft:tuff":13,"minecraft:snowball":4,"minecraft:spruce_boat":27,"minecraft:lantern":3,"minecraft:grass_block":43,"minecraft:iron_helmet":1,"minecraft:hopper_minecart":4,"minecraft:magma_block":1,"minecraft:hay_block":1,"minecraft:oak_sapling":240,"minecraft:furnace":33,"minecraft:cooked_cod":55,"minecraft:gray_bed":23,"minecraft:egg":1,"minecraft:potato":520,"minecraft:stone_pickaxe":524,"minecraft:oak_planks":27,"minecraft:wooden_pickaxe":47,"minecraft:composter":18,"biomesoplenty:lavender":6,"minecraft:sand":19,"biomesoplenty:goldenrod":1,"minecraft:blast_furnace":3,"minecraft:shears":2,"minecraft:birch_fence":2,"minecraft:bread":169,"minecraft:lectern":2,"biomesoplenty:jacaranda_boat":3,"minecraft:gravel":2,"minecraft:soul_lantern":3,"minecraft:wooden_sword":19,"minecraft:stripped_oak_wood":23,"minecraft:andesite":1,"minecraft:bone_meal":75,"minecraft:experience_bottle":1,"minecraft:stone_sword":67,"minecraft:carved_pumpkin":2,"minecraft:stone_shovel":525,"minecraft:spruce_planks":48,"minecraft:wooden_shovel":181,"minecraft:stone_hoe":52,"minecraft:torch":299,"minecraft:dirt":2552,"minecraft:anvil":1,"minecraft:hopper":2,"minecraft:granite":2,"biomesoplenty:jacaranda_slab":1,"minecraft:spruce_fence":17,"minecraft:iron_hoe":189,"minecraft:wooden_axe":324,"minecraft:iron_axe":3444,"minecraft:iron_boots":1,"minecraft:beef":3,"minecraft:cobbled_deepslate":29,"minecraft:pumpkin":3,"minecraft:iron_leggings":1,"minecraft:wheat_seeds":83,"minecraft:water_bucket":61,"minecraft:iron_ore":40,"minecraft:cobblestone_stairs":21,"minecraft:snow_block":5,"minecraft:birch_planks":23,"minecraft:spruce_sign":1,"minecraft:fletching_table":3,"minecraft:cobblestone_slab":2,"minecraft:rail":4,"minecraft:crafting_table":22,"minecraft:red_bed":7,"minecraft:white_bed":2,"minecraft:spruce_log":1,"minecraft:oak_log":68,"minecraft:wooden_hoe":59,"minecraft:diamond_pickaxe":2968,"minecraft:apple":6,"minecraft:chicken":1,"minecraft:iron_pickaxe":5503,"travelersbackpack:white_sleeping_bag":4,"minecraft:spruce_trapdoor":1,"minecraft:spruce_sapling":5,"minecraft:cobblestone":333,"travelersbackpack:standard":73,"minecraft:porkchop":11,"minecraft:cooked_porkchop":4,"minecraft:bucket":82,"minecraft:gray_wool":1},"minecraft:mined":{"minecraft:large_amethyst_bud":3,"create:deepslate_zinc_ore":74,"minecraft:spruce_planks":4,"minecraft:white_bed":2,"minecraft:farmland":1,"minecraft:cobblestone_stairs":4,"minecraft:sculk_vein":3,"minecraft:brewing_stand":1,"minecraft:carved_pumpkin":2,"minecraft:granite":9,"minecraft:grass_block":1345,"minecraft:composter":18,"minecraft:spawner":3,"luckytntmod:deepslate_uranium_ore":6,"minecraft:tall_seagrass":2,"minecraft:magma_block":19,"minecraft:glowstone":12,"minecraft:iron_ore":445,"minecraft:fire":31,"biomesoplenty:lavender":1,"minecraft:pumpkin":9,"minecraft:anvil":1,"minecraft:deepslate_lapis_ore":1,"minecraft:enchanting_table":1,"minecraft:sculk_shrieker":1,"minecraft:water_cauldron":3,"minecraft:dirt_path":32,"biomesoplenty:webbing":1,"occultism:silver_ore":18,"create:veridium":234,"minecraft:spruce_slab":1,"minecraft:deepslate_redstone_ore":73,"minecraft:red_bed":7,"minecraft:medium_amethyst_bud":1,"minecraft:amethyst_cluster":1,"minecraft:powder_snow":32,"minecraft:torch":87,"minecraft:blast_furnace":2,"minecraft:melon":18,"minecraft:chest":42,"create:scoria":28,"minecraft:mushroom_stem":15,"minecraft:cobblestone":63,"minecraft:oak_planks":4,"minecraft:wall_torch":57,"minecraft:cauldron":1,"biomesoplenty:goldenrod":5,"minecraft:seagrass":6,"minecraft:wheat":50,"minecraft:birch_trapdoor":2,"minecraft:lilac":3,"minecraft:jukebox":1,"minecraft:grass":162,"minecraft:oak_log":1451,"minecraft:loom":1,"minecraft:sand":130,"minecraft:dirt":1259,"minecraft:stonecutter":1,"minecraft:oak_leaves":23,"minecraft:deepslate":1597,"create:zinc_ore":28,"alexscaves:spelunkery_table":1,"minecraft:tuff":136,"minecraft:candle":1,"minecraft:deepslate_diamond_ore":19,"minecraft:stripped_birch_log":3,"luckytntmod:deepslate_gunpowder_ore":32,"minecraft:chiseled_bookshelf":1,"minecraft:ladder":2,"biomesoplenty:bush":9,"minecraft:spruce_fence":5,"create:ochrum":186,"occultism:silver_ore_deepslate":59,"travelersbackpack:white_sleeping_bag":4,"minecraft:spruce_leaves":516,"random_ore:deepslate_random_ore":3,"minecraft:sandstone":511,"minecraft:hay_block":130,"biomesoplenty:jacaranda_log":5,"minecraft:redstone_ore":1,"minecraft:spruce_sapling":1,"minecraft:furnace":11,"minecraft:snow":5746,"minecraft:andesite":12,"minecraft:gold_block":4,"minecraft:bell":1,"minecraft:bookshelf":3,"minecraft:potatoes":322,"minecraft:deepslate_iron_ore":30,"minecraft:vine":2,"minecraft:rail":4,"minecraft:stone":4458,"minecraft:birch_stairs":1,"minecraft:snow_block":17,"travelersbackpack:standard":4,"minecraft:crafting_table":12,"minecraft:emerald_ore":9,"minecraft:sculk_sensor":4,"minecraft:lectern":1,"minecraft:campfire":1,"minecraft:copper_ore":10,"minecraft:tall_grass":9,"minecraft:lapis_ore":4,"minecraft:dried_kelp_block":67,"minecraft:deepslate_gold_ore":39,"minecraft:sculk":7,"minecraft:diorite":16,"minecraft:gray_wool":2,"minecraft:gray_bed":25,"minecraft:spruce_log":1363,"minecraft:bee_nest":1,"minecraft:coal_ore":599,"minecraft:gravel":184,"minecraft:cobweb":16,"minecraft:mossy_stone_bricks":2,"minecraft:birch_fence":6,"luckytntmod:gunpowder_ore":109},"minecraft:killed_by":{"minecraft:creeper":1,"minecraft:witch":1,"minecraft:zombie":1,"enemyexpansion:invisicreeper":1,"minecraft:warden":1,"minecraft:phantom":1},"minecraft:picked_up":{"minecraft:wheat":22,"minecraft:anvil":2,"minecraft:lead":9,"alexscaves:cave_tablet":8,"minecraft:enchanted_book":1,"minecraft:brewing_stand":1,"minecraft:string":45,"minecraft:raw_copper":59,"minecraft:experience_bottle":1,"minecraft:oak_sign":3,"minecraft:gold_nugget":14,"minecraft:cobbled_deepslate":2191,"minecraft:bucket":13,"minecraft:spruce_planks":30,"minecraft:hopper_minecart":1,"minecraft:iron_pickaxe":5,"alexsmobs:raccoon_tail":2,"minecraft:melon_slice":144,"minecraft:furnace":16,"minecraft:stick":680,"minecraft:jukebox":2,"minecraft:birch_trapdoor":2,"minecraft:composter":18,"minecraft:oak_fence":1,"minecraft:torch":160,"alexsmobs:lobster_bucket":2,"minecraft:porkchop":21,"minecraft:diorite":16,"minecraft:cauldron":7,"enemyexpansion:meathead_helmet":1,"minecraft:rabbit_foot":23,"minecraft:honey_bottle":4,"minecraft:rotten_flesh":66,"create:scoria":81,"create:ochrum":181,"minecraft:carved_pumpkin":2,"create:veridium":232,"minecraft:snowball":5830,"alexsmobs:flying_fish":1,"minecraft:cobblestone":4966,"biomesoplenty:lavender":5,"minecraft:enchanting_table":1,"occultism:datura_seeds":7,"minecraft:magma_block":18,"minecraft:feather":2,"minecraft:lilac":9,"minecraft:magma_cream":22,"minecraft:water_bucket":1,"minecraft:andesite":12,"minecraft:potato":751,"minecraft:flint":16,"minecraft:tuff":136,"create:raw_zinc":158,"minecraft:lapis_lazuli":30,"minecraft:stripped_birch_log":3,"minecraft:dirt":4992,"minecraft:glass":52,"minecraft:bone":41,"minecraft:bow":1,"minecraft:stonecutter":1,"minecraft:wheat_seeds":123,"minecraft:raw_gold":39,"minecraft:bell":1,"minecraft:mossy_stone_bricks":4,"minecraft:glowstone_dust":41,"minecraft:oak_planks":9,"biomesoplenty:jacaranda_boat":2,"minecraft:poisonous_potato":4,"minecraft:sand":122,"minecraft:grass_block":2,"minecraft:loom":1,"minecraft:fermented_spider_eye":33,"alexsmobs:animal_dictionary":4,"travelersbackpack:white_sleeping_bag":6,"minecraft:sugar":51,"minecraft:diamond":34,"minecraft:spruce_boat":27,"minecraft:crossbow":1,"minecraft:granite":39,"minecraft:emerald":8,"minecraft:bread":721,"alexsmobs:maggot":17,"minecraft:oak_sapling":273,"minecraft:diamond_pickaxe":1,"minecraft:charcoal":2,"minecraft:crafting_table":13,"minecraft:azure_bluet":1,"minecraft:chicken":1,"minecraft:ladder":6,"minecraft:wooden_pickaxe":1,"moonsweaponry:wooden_scythe":1,"occultism:raw_silver":105,"minecraft:gold_block":4,"biomesoplenty:jacaranda_sapling":12,"minecraft:diamond_horse_armor":2,"minecraft:shield":1,"alexscaves:cave_codex":1,"minecraft:red_bed":8,"minecraft:iron_axe":13,"minecraft:birch_fence":7,"biomesoplenty:jacaranda_slab":1,"minecraft:candle":4,"minecraft:beef":11,"minecraft:light_gray_wool":3,"minecraft:lectern":1,"minecraft:sugar_cane":7,"minecraft:chest":45,"minecraft:phantom_membrane":2,"minecraft:egg":2,"minecraft:raw_iron":725,"minecraft:sandstone":508,"minecraft:spruce_fence":5,"minecraft:redstone":333,"luckytntmod:deepslate_uranium_ore":6,"minecraft:arrow":52,"minecraft:stone_shovel":3,"minecraft:cooked_cod":5,"biomesoplenty:jacaranda_log":18,"minecraft:hay_block":193,"alexscaves:spelunkery_table":2,"minecraft:saddle":3,"minecraft:glistering_melon_slice":54,"alexsmobs:flying_fish_bucket":2,"minecraft:mutton":19,"minecraft:white_wool":12,"enemyexpansion:horsehead_helmet":1,"biomesoplenty:goldenrod":5,"minecraft:leather":10,"minecraft:filled_map":2,"minecraft:oak_log":4230,"biomesoplenty:jacaranda_planks":3,"minecraft:gunpowder":576,"minecraft:cobblestone_stairs":4,"minecraft:white_banner":1,"minecraft:apple":63,"minecraft:iron_ingot":94,"minecraft:stripped_oak_wood":1,"minecraft:gray_bed":24,"minecraft:iron_sword":1,"minecraft:book":9,"minecraft:pumpkin":61,"minecraft:gravel":185,"minecraft:birch_stairs":1,"minecraft:amethyst_shard":4,"minecraft:spruce_sapling":866,"minecraft:blast_furnace":2,"minecraft:white_bed":2,"minecraft:spruce_log":3750,"biomesoplenty:flowering_oak_sapling":2,"travelersbackpack:standard":4,"minecraft:pumpkin_seeds":8,"minecraft:dried_kelp_block":182,"minecraft:gray_wool":2,"minecraft:coal":1055}},"DataVersion":3465}