{"stats":{"minecraft:killed":{"minecraft:cave_spider":2,"minecraft:witch":3,"minecraft:spider":6,"enemyexpansion:equestrian":2,"minecraft:skeleton":34,"minecraft:chicken":1,"minecraft:piglin_brute":2,"minecraft:pig":11,"minecraft:zombie_villager":1,"minecraft:creeper":5,"minecraft:sheep":13,"enemyexpansion:meature":3,"minecraft:pillager":5,"minecraft:zombie":50,"enemyexpansion:botfly":10,"alexsmobs:fly":7,"enemyexpansion:wasp":1,"minecraft:cow":10,"alexsmobs:raccoon":2,"alexscaves:vesper":1,"alexsmobs:seagull":1,"enemyexpansion:direwolf":17,"enemyexpansion:goblin_fear":1,"minecraft:phantom":2,"minecraft:snow_golem":1,"minecraft:drowned":8,"enemyexpansion:goblin":3,"minecraft:husk":5,"enemyexpansion:sprinter":3,"minecraft:wandering_trader":1,"enemyexpansion:huntsman":4,"minecraft:villager":2,"minecraft:enderman":3},"minecraft:used":{"minecraft:iron_shovel":8005,"minecraft:spruce_slab":1,"minecraft:oak_sign":4,"minecraft:ladder":1,"minecraft:shield":58,"minecraft:chest":84,"minecraft:stone":5,"minecraft:iron_sword":833,"minecraft:iron_chestplate":1,"minecraft:mutton":13,"minecraft:tuff":21,"minecraft:snowball":4,"minecraft:spruce_boat":31,"minecraft:grass_block":44,"minecraft:lantern":3,"minecraft:iron_helmet":1,"minecraft:hopper_minecart":4,"minecraft:magma_block":1,"minecraft:hay_block":1,"minecraft:oak_sapling":240,"minecraft:furnace":34,"minecraft:cooked_cod":55,"minecraft:gray_bed":23,"minecraft:egg":3,"minecraft:potato":534,"minecraft:diorite":6,"minecraft:oak_planks":27,"minecraft:stone_pickaxe":524,"minecraft:wooden_pickaxe":47,"minecraft:composter":18,"biomesoplenty:lavender":6,"minecraft:sand":19,"biomesoplenty:goldenrod":1,"minecraft:blast_furnace":4,"minecraft:shears":2,"minecraft:birch_fence":2,"minecraft:bread":185,"minecraft:lectern":17,"biomesoplenty:jacaranda_boat":3,"minecraft:gravel":4,"minecraft:soul_lantern":3,"minecraft:wooden_sword":19,"minecraft:stripped_oak_wood":23,"minecraft:andesite":1,"minecraft:bone_meal":75,"minecraft:golden_pickaxe":33,"minecraft:experience_bottle":1,"minecraft:oak_fence":44,"minecraft:stone_sword":67,"minecraft:stone_shovel":525,"minecraft:carved_pumpkin":2,"minecraft:spruce_planks":48,"minecraft:stone_hoe":78,"minecraft:wooden_shovel":181,"minecraft:torch":335,"minecraft:dirt":2553,"minecraft:anvil":1,"minecraft:white_carpet":5,"minecraft:hopper":2,"biomesoplenty:jacaranda_slab":1,"minecraft:granite":2,"minecraft:spruce_fence":30,"minecraft:iron_hoe":189,"minecraft:wooden_axe":324,"minecraft:iron_axe":3520,"minecraft:iron_boots":1,"minecraft:beef":3,"securitycraft:dirt_mine":1,"minecraft:cobbled_deepslate":104,"minecraft:pumpkin":3,"minecraft:iron_leggings":1,"minecraft:wheat_seeds":84,"minecraft:water_bucket":65,"minecraft:iron_ore":40,"minecraft:cobblestone_stairs":21,"minecraft:snow_block":5,"minecraft:birch_planks":23,"minecraft:baked_potato":52,"minecraft:spruce_sign":1,"minecraft:fletching_table":3,"minecraft:cobblestone_slab":5,"minecraft:rail":4,"minecraft:crafting_table":25,"minecraft:oak_slab":6,"minecraft:red_bed":7,"minecraft:white_bed":2,"minecraft:spruce_log":1,"minecraft:oak_log":68,"minecraft:wooden_hoe":129,"minecraft:diamond_pickaxe":3194,"minecraft:apple":6,"minecraft:chicken":1,"minecraft:iron_pickaxe":5753,"travelersbackpack:white_sleeping_bag":4,"minecraft:spruce_trapdoor":1,"minecraft:spruce_sapling":5,"minecraft:cobblestone":486,"travelersbackpack:standard":109,"minecraft:porkchop":11,"minecraft:cooked_porkchop":4,"minecraft:bucket":86,"minecraft:gray_wool":1},"minecraft:picked_up":{"minecraft:wheat":23,"minecraft:anvil":2,"minecraft:lead":14,"alexscaves:cave_tablet":8,"minecraft:potion":1,"minecraft:enchanted_book":1,"minecraft:brewing_stand":1,"minecraft:string":53,"minecraft:dark_oak_trapdoor":1,"minecraft:raw_copper":59,"minecraft:experience_bottle":1,"minecraft:oak_sign":3,"minecraft:gold_nugget":14,"minecraft:cobbled_deepslate":2250,"minecraft:bucket":29,"minecraft:spruce_planks":38,"minecraft:cobblestone_slab":3,"minecraft:iron_pickaxe":5,"minecraft:hopper_minecart":1,"alexsmobs:raccoon_tail":2,"minecraft:melon_slice":144,"minecraft:furnace":17,"minecraft:stick":682,"minecraft:jukebox":2,"minecraft:composter":19,"minecraft:birch_trapdoor":4,"minecraft:oak_fence":9,"minecraft:torch":186,"alexsmobs:lobster_bucket":2,"minecraft:porkchop":21,"minecraft:diorite":30,"minecraft:cauldron":7,"enemyexpansion:meathead_helmet":1,"minecraft:rabbit_foot":23,"minecraft:honey_bottle":4,"minecraft:rotten_flesh":78,"create:scoria":81,"create:ochrum":181,"minecraft:carved_pumpkin":2,"create:veridium":232,"minecraft:snowball":5830,"alexsmobs:flying_fish":1,"minecraft:cobblestone":5207,"biomesoplenty:lavender":5,"minecraft:enchanting_table":1,"occultism:datura_seeds":7,"minecraft:magma_block":18,"minecraft:feather":6,"minecraft:lilac":9,"minecraft:magma_cream":22,"minecraft:water_bucket":1,"minecraft:andesite":12,"minecraft:potato":751,"minecraft:flint":16,"minecraft:tuff":144,"create:raw_zinc":158,"minecraft:lapis_lazuli":30,"minecraft:stripped_birch_log":3,"minecraft:dirt":5001,"minecraft:glass":52,"minecraft:bone":43,"minecraft:bow":2,"minecraft:stonecutter":1,"minecraft:wheat_seeds":128,"alexscaves:guano":59,"minecraft:raw_gold":39,"minecraft:bell":1,"minecraft:mossy_stone_bricks":4,"minecraft:glowstone_dust":41,"alexscaves:porous_coprolith":3,"minecraft:oak_planks":9,"biomesoplenty:magic_sapling":2,"biomesoplenty:jacaranda_boat":2,"minecraft:poisonous_potato":4,"minecraft:sand":122,"minecraft:grass_block":3,"minecraft:loom":1,"minecraft:fermented_spider_eye":33,"alexsmobs:animal_dictionary":4,"travelersbackpack:white_sleeping_bag":6,"minecraft:sugar":51,"minecraft:diamond":49,"minecraft:spruce_boat":30,"minecraft:soul_lantern":1,"minecraft:crossbow":1,"minecraft:granite":39,"minecraft:emerald":8,"minecraft:bread":721,"alexsmobs:maggot":19,"minecraft:oak_sapling":273,"minecraft:diamond_pickaxe":1,"minecraft:charcoal":2,"minecraft:crafting_table":16,"minecraft:azure_bluet":1,"minecraft:chicken":1,"minecraft:ladder":6,"minecraft:wooden_pickaxe":1,"moonsweaponry:wooden_scythe":1,"occultism:raw_silver":105,"minecraft:gold_block":4,"biomesoplenty:jacaranda_sapling":12,"minecraft:diamond_horse_armor":2,"minecraft:shield":1,"alexscaves:cave_codex":1,"minecraft:red_bed":8,"minecraft:iron_axe":13,"minecraft:white_carpet":2,"minecraft:birch_fence":7,"biomesoplenty:jacaranda_slab":1,"minecraft:candle":4,"minecraft:beef":20,"minecraft:light_gray_wool":3,"minecraft:lectern":16,"minecraft:sugar_cane":7,"minecraft:chest":47,"minecraft:phantom_membrane":2,"minecraft:egg":5,"minecraft:raw_iron":789,"minecraft:sandstone":508,"alexscaves:guanostone":40,"minecraft:spruce_fence":18,"minecraft:redstone":360,"luckytntmod:deepslate_uranium_ore":6,"minecraft:arrow":54,"minecraft:stone_shovel":3,"minecraft:cooked_cod":5,"biomesoplenty:jacaranda_log":18,"minecraft:hay_block":229,"alexscaves:spelunkery_table":2,"minecraft:saddle":3,"minecraft:glistering_melon_slice":54,"alexsmobs:flying_fish_bucket":2,"minecraft:mutton":22,"minecraft:white_wool":14,"enemyexpansion:horsehead_helmet":1,"biomesoplenty:goldenrod":5,"minecraft:leather":19,"minecraft:filled_map":2,"minecraft:packed_mud":3,"minecraft:oak_log":4230,"biomesoplenty:jacaranda_planks":3,"minecraft:gunpowder":576,"minecraft:cobblestone_stairs":4,"minecraft:white_banner":1,"minecraft:apple":63,"minecraft:iron_ingot":94,"biomesoplenty:magic_log":15,"minecraft:stripped_oak_wood":1,"minecraft:gray_bed":28,"minecraft:iron_sword":3,"alexscaves:coprolith":56,"minecraft:book":9,"minecraft:pumpkin":61,"minecraft:dandelion":2,"minecraft:gravel":187,"minecraft:birch_stairs":1,"minecraft:amethyst_shard":4,"minecraft:spruce_sapling":866,"minecraft:blast_furnace":2,"minecraft:white_bed":3,"minecraft:spruce_log":3750,"biomesoplenty:flowering_oak_sapling":2,"travelersbackpack:standard":7,"minecraft:pumpkin_seeds":8,"minecraft:dried_kelp_block":214,"minecraft:gray_wool":2,"alexscaves:cave_map":1,"minecraft:stripped_dark_oak_log":1,"minecraft:coal":1055},"minecraft:mined":{"alexscaves:guanostone":41,"minecraft:large_amethyst_bud":3,"create:deepslate_zinc_ore":74,"minecraft:spruce_planks":10,"minecraft:white_bed":3,"minecraft:farmland":1,"minecraft:sculk_vein":3,"minecraft:cobblestone_stairs":4,"minecraft:jungle_leaves":1,"minecraft:brewing_stand":1,"minecraft:carved_pumpkin":2,"minecraft:granite":9,"minecraft:grass_block":1352,"minecraft:composter":19,"alexscaves:coprolith":60,"minecraft:spawner":4,"luckytntmod:deepslate_uranium_ore":6,"minecraft:tall_seagrass":2,"minecraft:magma_block":19,"minecraft:glowstone":12,"minecraft:dark_oak_trapdoor":1,"minecraft:iron_ore":509,"minecraft:fire":31,"biomesoplenty:lavender":1,"minecraft:pumpkin":9,"minecraft:anvil":1,"minecraft:deepslate_lapis_ore":1,"minecraft:enchanting_table":1,"minecraft:sculk_shrieker":1,"minecraft:water_cauldron":3,"minecraft:dirt_path":32,"biomesoplenty:webbing":1,"occultism:silver_ore":18,"create:veridium":234,"minecraft:spruce_slab":1,"minecraft:deepslate_redstone_ore":78,"minecraft:red_bed":7,"minecraft:medium_amethyst_bud":1,"minecraft:amethyst_cluster":1,"minecraft:powder_snow":32,"minecraft:torch":98,"minecraft:blast_furnace":2,"minecraft:melon":18,"minecraft:poppy":3,"minecraft:chest":44,"create:scoria":28,"minecraft:mushroom_stem":15,"minecraft:cobblestone":80,"minecraft:oak_planks":4,"minecraft:wall_torch":72,"minecraft:cauldron":1,"biomesoplenty:goldenrod":5,"minecraft:seagrass":6,"biomesoplenty:magic_leaves":1,"minecraft:wheat":51,"minecraft:birch_trapdoor":4,"minecraft:lilac":3,"minecraft:jukebox":1,"minecraft:grass":177,"minecraft:oak_log":1451,"minecraft:dirt":1262,"minecraft:loom":1,"minecraft:sand":130,"minecraft:stonecutter":1,"minecraft:oak_leaves":23,"minecraft:deepslate":1653,"create:zinc_ore":28,"alexscaves:spelunkery_table":1,"minecraft:tuff":144,"minecraft:deepslate_diamond_ore":19,"minecraft:candle":1,"minecraft:stripped_birch_log":3,"luckytntmod:deepslate_gunpowder_ore":32,"minecraft:chiseled_bookshelf":1,"minecraft:ladder":2,"biomesoplenty:bush":9,"minecraft:spruce_fence":18,"create:ochrum":186,"occultism:silver_ore_deepslate":59,"travelersbackpack:white_sleeping_bag":4,"minecraft:spruce_leaves":527,"random_ore:deepslate_random_ore":3,"minecraft:sandstone":511,"minecraft:hay_block":166,"biomesoplenty:jacaranda_log":5,"minecraft:redstone_ore":1,"minecraft:packed_mud":4,"minecraft:spruce_sapling":1,"minecraft:furnace":12,"minecraft:snow":5746,"minecraft:andesite":12,"minecraft:gold_block":4,"biomesoplenty:magic_log":15,"minecraft:bell":1,"alexscaves:guanostone_redstone_ore":2,"minecraft:bookshelf":3,"minecraft:cobblestone_slab":3,"minecraft:potatoes":322,"minecraft:deepslate_iron_ore":30,"minecraft:vine":2,"minecraft:rail":4,"minecraft:stone":4681,"minecraft:birch_stairs":1,"alexscaves:porous_coprolith":3,"minecraft:stripped_dark_oak_log":1,"minecraft:snow_block":17,"minecraft:dandelion":2,"travelersbackpack:standard":7,"minecraft:oak_fence":8,"minecraft:crafting_table":14,"minecraft:emerald_ore":9,"minecraft:sculk_sensor":4,"minecraft:campfire":1,"minecraft:lectern":16,"minecraft:copper_ore":10,"minecraft:tall_grass":9,"minecraft:lapis_ore":4,"minecraft:dried_kelp_block":99,"biomesoplenty:sprout":3,"minecraft:deepslate_gold_ore":39,"minecraft:sculk":7,"minecraft:diorite":30,"minecraft:gray_wool":2,"minecraft:white_carpet":2,"minecraft:gray_bed":30,"minecraft:spruce_log":1363,"minecraft:bee_nest":1,"minecraft:coal_ore":599,"minecraft:gravel":186,"minecraft:cobweb":23,"alexscaves:guano_layer":10,"minecraft:mossy_stone_bricks":2,"minecraft:birch_fence":6,"luckytntmod:gunpowder_ore":109},"minecraft:killed_by":{"minecraft:creeper":1,"minecraft:witch":1,"minecraft:zombie":1,"enemyexpansion:invisicreeper":1,"minecraft:husk":1,"minecraft:warden":1,"minecraft:phantom":1},"minecraft:broken":{"minecraft:iron_shovel":31,"minecraft:wooden_shovel":3,"minecraft:iron_boots":1,"minecraft:iron_chestplate":1,"minecraft:iron_leggings":1,"minecraft:stone_pickaxe":4,"minecraft:diamond_pickaxe":2,"minecraft:wooden_axe":4,"minecraft:stone_shovel":4,"minecraft:iron_axe":11,"minecraft:iron_pickaxe":23,"minecraft:iron_helmet":1,"minecraft:golden_pickaxe":1,"minecraft:wooden_hoe":2},"minecraft:crafted":{"minecraft:smooth_stone":31,"securitycraft:mine":9,"minecraft:oak_planks":480,"minecraft:cobblestone_slab":6,"minecraft:oak_sign":3,"minecraft:stone":663,"minecraft:cobblestone_stairs":416,"minecraft:bookshelf":1,"minecraft:deepslate_brick_stairs":380,"minecraft:glass":22,"minecraft:hopper":4,"minecraft:iron_boots":2,"minecraft:chest":42,"minecraft:oak_button":4,"minecraft:rail":16,"minecraft:oak_fence":39,"minecraft:raw_iron_block":10,"minecraft:oak_slab":12,"minecraft:wooden_shovel":3,"biomesoplenty:jacaranda_planks":20,"minecraft:cooked_porkchop":6,"minecraft:crafting_table":14,"minecraft:spruce_planks":1420,"travelersbackpack:standard":1,"minecraft:baked_potato":198,"minecraft:wooden_pickaxe":2,"minecraft:copper_ingot":24,"minecraft:fletching_table":3,"minecraft:gold_block":6,"minecraft:hopper_minecart":2,"minecraft:spruce_trapdoor":188,"minecraft:lectern":1,"minecraft:iron_chestplate":2,"minecraft:wooden_hoe":3,"minecraft:diamond_pickaxe":3,"minecraft:shield":3,"minecraft:stick":48,"minecraft:iron_ingot":423,"minecraft:iron_pickaxe":23,"minecraft:snow_block":1440,"minecraft:iron_block":22,"minecraft:stone_sword":1,"minecraft:gold_ingot":40,"minecraft:deepslate_bricks":1848,"minecraft:shears":1,"minecraft:wooden_sword":1,"minecraft:raw_iron":90,"minecraft:stone_shovel":4,"minecraft:coal":288,"minecraft:furnace":25,"minecraft:blast_furnace":2,"minecraft:bone_meal":75,"minecraft:spruce_fence":18,"minecraft:white_carpet":3,"minecraft:spruce_stairs":296,"travelersbackpack:white_sleeping_bag":1,"minecraft:polished_deepslate":1848,"minecraft:iron_axe":19,"minecraft:iron_hoe":1,"minecraft:spruce_slab":390,"minecraft:stone_pickaxe":4,"minecraft:spruce_boat":2,"minecraft:redstone_block":43,"minecraft:minecart":2,"minecraft:glistering_melon_slice":14,"minecraft:wheat":1152,"minecraft:coal_block":49,"minecraft:spruce_sign":3,"biomesoplenty:jacaranda_boat":1,"occultism:silver_ingot":13,"travelersbackpack:backpack_tank":2,"minecraft:deepslate_brick_slab":1404,"minecraft:bucket":2,"securitycraft:cobblestone_mine":1,"minecraft:bread":384,"minecraft:air":0,"securitycraft:dirt_mine":5,"minecraft:gold_nugget":173,"minecraft:wooden_axe":5,"minecraft:iron_shovel":33,"minecraft:iron_leggings":1,"minecraft:torch":164},"minecraft:custom":{"minecraft:animals_bred":5,"minecraft:interact_with_crafting_table":243,"minecraft:open_barrel":26,"minecraft:leave_game":39,"minecraft:time_since_death":95387,"minecraft:sprint_one_cm":4096248,"minecraft:damage_blocked_by_shield":2300,"minecraft:drop":343,"minecraft:talked_to_villager":110,"minecraft:play_time":1530171,"minecraft:deaths":13,"minecraft:jump":19067,"minecraft:walk_on_water_one_cm":74516,"minecraft:interact_with_furnace":223,"minecraft:interact_with_loom":3,"minecraft:sleep_in_bed":41,"minecraft:damage_dealt":38879,"minecraft:crouch_one_cm":85678,"minecraft:interact_with_smoker":1,"minecraft:horse_one_cm":2975,"minecraft:interact_with_anvil":8,"minecraft:mob_kills":228,"minecraft:inspect_hopper":3,"minecraft:climb_one_cm":25321,"minecraft:walk_one_cm":3067018,"minecraft:sneak_time":28021,"minecraft:walk_under_water_one_cm":100180,"minecraft:boat_one_cm":1339686,"minecraft:interact_with_blast_furnace":27,"minecraft:total_world_time":1530171,"minecraft:time_since_rest":95479,"minecraft:damage_taken":11983,"minecraft:swim_one_cm":93755,"minecraft:fly_one_cm":3171596,"minecraft:open_chest":1940,"minecraft:fall_one_cm":445628},"minecraft:dropped":{"minecraft:iron_sword":3,"occultism:datura_seeds":1,"minecraft:oak_log":126,"minecraft:diamond":1,"minecraft:crafting_table":2,"minecraft:crossbow":1,"minecraft:flint":1,"minecraft:dirt":5,"minecraft:red_bed":1,"minecraft:birch_fence":3,"alexsmobs:flying_fish":1,"minecraft:cooked_cod":2,"minecraft:snowball":48,"minecraft:gold_nugget":68,"alexscaves:cave_map":1,"minecraft:sand":1,"minecraft:iron_pickaxe":2,"alexsmobs:raccoon_tail":2,"minecraft:white_wool":2,"minecraft:bone":4,"minecraft:gravel":7,"securitycraft:dirt_mine":1,"minecraft:cobbled_deepslate":138,"alexscaves:cave_tablet":1,"minecraft:rotten_flesh":54,"occultism:raw_silver":10,"minecraft:glowstone_dust":2,"minecraft:honey_bottle":7,"minecraft:azure_bluet":1,"minecraft:gunpowder":2,"minecraft:birch_trapdoor":1,"minecraft:charcoal":2,"minecraft:ladder":4,"minecraft:arrow":28,"minecraft:beef":8,"minecraft:iron_ingot":11,"minecraft:bread":193,"minecraft:wheat_seeds":10,"minecraft:lilac":9,"minecraft:poisonous_potato":1,"biomesoplenty:lavender":3,"minecraft:iron_helmet":1,"minecraft:oak_fence":1,"minecraft:feather":2,"minecraft:cobblestone":3,"minecraft:spectral_arrow":2,"minecraft:apple":2,"minecraft:granite":21,"minecraft:stick":76,"biomesoplenty:goldenrod":4,"minecraft:melon_slice":62,"minecraft:potion":1,"minecraft:stripped_birch_log":2,"minecraft:iron_axe":1,"create:raw_zinc":13,"minecraft:spruce_sapling":3,"minecraft:furnace":1,"alexsmobs:maggot":2,"create:ochrum":85,"minecraft:stone_sword":1,"minecraft:raw_copper":3,"minecraft:tuff":53,"minecraft:raw_iron":20,"minecraft:stone_shovel":2,"moonsweaponry:wooden_scythe":1,"minecraft:oak_sign":2,"minecraft:potato":128,"minecraft:hay_block":64,"minecraft:oak_button":4,"minecraft:spruce_planks":8,"minecraft:diamond_pickaxe":1,"minecraft:andesite":1,"minecraft:oak_sapling":13,"minecraft:spruce_log":64,"minecraft:wooden_pickaxe":1}},"DataVersion":3465}