{"stats":{"minecraft:custom":{"minecraft:interact_with_anvil":1,"minecraft:mob_kills":100,"minecraft:interact_with_crafting_table":119,"minecraft:open_barrel":15,"minecraft:leave_game":14,"minecraft:time_since_death":391799,"minecraft:climb_one_cm":9461,"minecraft:sprint_one_cm":1853585,"minecraft:walk_one_cm":1420970,"minecraft:damage_blocked_by_shield":1135,"minecraft:drop":164,"minecraft:talked_to_villager":1,"minecraft:play_time":691704,"minecraft:sneak_time":1871,"minecraft:deaths":4,"minecraft:walk_under_water_one_cm":26910,"minecraft:boat_one_cm":82083,"minecraft:jump":9533,"minecraft:walk_on_water_one_cm":26178,"minecraft:total_world_time":691704,"minecraft:interact_with_furnace":56,"minecraft:sleep_in_bed":21,"minecraft:time_since_rest":105292,"minecraft:damage_taken":4154,"minecraft:damage_dealt":15727,"minecraft:swim_one_cm":17376,"minecraft:fly_one_cm":1787359,"minecraft:open_chest":833,"minecraft:crouch_one_cm":2234,"minecraft:interact_with_smoker":1,"minecraft:fall_one_cm":226926},"minecraft:killed_by":{"minecraft:creeper":1,"minecraft:witch":1},"minecraft:picked_up":{"minecraft:crafting_table":10,"minecraft:chicken":1,"minecraft:ladder":1,"minecraft:anvil":2,"moonsweaponry:wooden_scythe":1,"minecraft:lead":9,"minecraft:wooden_pickaxe":1,"occultism:raw_silver":40,"minecraft:enchanted_book":1,"minecraft:gold_block":2,"biomesoplenty:jacaranda_sapling":12,"minecraft:diamond_horse_armor":2,"minecraft:brewing_stand":1,"minecraft:string":37,"minecraft:red_bed":5,"minecraft:iron_axe":13,"minecraft:experience_bottle":1,"biomesoplenty:jacaranda_slab":1,"minecraft:oak_sign":2,"minecraft:gold_nugget":14,"minecraft:bucket":13,"minecraft:spruce_planks":30,"minecraft:beef":11,"minecraft:iron_pickaxe":3,"minecraft:light_gray_wool":3,"alexsmobs:raccoon_tail":2,"minecraft:melon_slice":144,"minecraft:sugar_cane":7,"minecraft:chest":44,"minecraft:furnace":11,"minecraft:raw_iron":491,"minecraft:stick":651,"minecraft:sandstone":508,"minecraft:jukebox":2,"minecraft:torch":60,"minecraft:spruce_fence":5,"alexsmobs:lobster_bucket":2,"minecraft:porkchop":20,"minecraft:redstone":24,"minecraft:cauldron":6,"minecraft:rabbit_foot":23,"minecraft:stone_shovel":3,"minecraft:arrow":20,"minecraft:honey_bottle":4,"minecraft:rotten_flesh":37,"minecraft:cooked_cod":5,"biomesoplenty:jacaranda_log":18,"create:scoria":81,"minecraft:hay_block":193,"minecraft:carved_pumpkin":2,"minecraft:saddle":3,"minecraft:glistering_melon_slice":54,"alexsmobs:flying_fish_bucket":2,"alexsmobs:flying_fish":1,"minecraft:mutton":19,"minecraft:snowball":5830,"minecraft:white_wool":12,"minecraft:cobblestone":2670,"biomesoplenty:lavender":5,"minecraft:enchanting_table":1,"occultism:datura_seeds":6,"minecraft:feather":2,"minecraft:lilac":3,"minecraft:magma_cream":22,"minecraft:water_bucket":1,"minecraft:leather":10,"biomesoplenty:goldenrod":5,"minecraft:filled_map":2,"minecraft:flint":15,"create:raw_zinc":82,"minecraft:oak_log":4200,"biomesoplenty:jacaranda_planks":3,"minecraft:gunpowder":4,"minecraft:dirt":4731,"minecraft:white_banner":1,"minecraft:glass":52,"minecraft:bone":25,"minecraft:apple":63,"minecraft:wheat_seeds":37,"minecraft:iron_ingot":87,"minecraft:stripped_oak_wood":1,"minecraft:mossy_stone_bricks":4,"minecraft:glowstone_dust":2,"minecraft:pumpkin":61,"biomesoplenty:jacaranda_boat":2,"minecraft:gravel":157,"minecraft:sand":122,"minecraft:spruce_sapling":856,"minecraft:spruce_log":3738,"minecraft:grass_block":1,"minecraft:fermented_spider_eye":33,"alexsmobs:animal_dictionary":4,"biomesoplenty:flowering_oak_sapling":2,"travelersbackpack:white_sleeping_bag":6,"travelersbackpack:standard":2,"minecraft:pumpkin_seeds":8,"minecraft:dried_kelp_block":182,"minecraft:sugar":51,"minecraft:diamond":15,"minecraft:spruce_boat":9,"minecraft:crossbow":1,"minecraft:emerald":2,"minecraft:bread":720,"alexsmobs:maggot":17,"minecraft:oak_sapling":272,"minecraft:coal":421},"minecraft:broken":{"minecraft:iron_shovel":31,"minecraft:wooden_shovel":3,"minecraft:stone_pickaxe":4,"minecraft:iron_axe":11,"minecraft:iron_pickaxe":11,"minecraft:wooden_axe":4,"minecraft:wooden_hoe":1,"minecraft:stone_shovel":4},"minecraft:mined":{"create:zinc_ore":23,"minecraft:spruce_planks":4,"minecraft:brewing_stand":1,"minecraft:carved_pumpkin":2,"biomesoplenty:bush":2,"minecraft:spruce_fence":5,"minecraft:grass_block":1280,"travelersbackpack:white_sleeping_bag":4,"minecraft:spruce_leaves":443,"minecraft:sandstone":511,"minecraft:spawner":3,"minecraft:hay_block":130,"minecraft:tall_seagrass":2,"biomesoplenty:jacaranda_log":5,"minecraft:furnace":7,"minecraft:iron_ore":295,"minecraft:fire":31,"minecraft:snow":5746,"biomesoplenty:lavender":1,"minecraft:pumpkin":9,"minecraft:anvil":1,"minecraft:gold_block":2,"minecraft:enchanting_table":1,"minecraft:dirt_path":32,"minecraft:water_cauldron":3,"occultism:silver_ore":10,"minecraft:stone":2199,"minecraft:red_bed":3,"minecraft:snow_block":17,"minecraft:powder_snow":1,"travelersbackpack:standard":2,"minecraft:crafting_table":10,"minecraft:torch":50,"minecraft:emerald_ore":2,"minecraft:melon":18,"minecraft:chest":41,"create:scoria":28,"minecraft:mushroom_stem":15,"minecraft:tall_grass":8,"minecraft:cobblestone":23,"minecraft:dried_kelp_block":67,"minecraft:wall_torch":1,"biomesoplenty:goldenrod":5,"minecraft:seagrass":6,"minecraft:lilac":3,"minecraft:spruce_log":1348,"minecraft:jukebox":1,"minecraft:bee_nest":1,"minecraft:grass":145,"minecraft:coal_ore":199,"minecraft:oak_log":1435,"minecraft:gravel":152,"minecraft:dirt":1052,"minecraft:sand":130,"minecraft:cobweb":10,"minecraft:mossy_stone_bricks":2,"minecraft:oak_leaves":7},"minecraft:killed":{"minecraft:cave_spider":2,"minecraft:witch":3,"alexsmobs:raccoon":1,"minecraft:spider":2,"enemyexpansion:equestrian":1,"alexsmobs:seagull":1,"enemyexpansion:direwolf":6,"enemyexpansion:goblin_fear":1,"minecraft:skeleton":13,"minecraft:chicken":1,"minecraft:snow_golem":1,"minecraft:drowned":8,"minecraft:piglin_brute":2,"enemyexpansion:goblin":2,"minecraft:pig":9,"enemyexpansion:sprinter":1,"minecraft:wandering_trader":1,"minecraft:creeper":3,"minecraft:sheep":11,"minecraft:pillager":2,"minecraft:zombie":15,"enemyexpansion:huntsman":1,"alexsmobs:fly":6,"minecraft:enderman":1,"minecraft:cow":4},"minecraft:crafted":{"minecraft:wooden_sword":1,"minecraft:oak_planks":248,"minecraft:stone_shovel":4,"minecraft:furnace":2,"minecraft:cobblestone_stairs":384,"minecraft:spruce_fence":18,"minecraft:glass":22,"minecraft:spruce_stairs":296,"travelersbackpack:white_sleeping_bag":1,"minecraft:iron_boots":1,"minecraft:iron_axe":19,"minecraft:spruce_slab":384,"minecraft:stone_pickaxe":4,"minecraft:chest":25,"minecraft:oak_button":4,"minecraft:spruce_boat":2,"minecraft:wheat":1152,"minecraft:glistering_melon_slice":14,"minecraft:wooden_shovel":3,"biomesoplenty:jacaranda_planks":20,"minecraft:cooked_porkchop":6,"minecraft:spruce_sign":3,"biomesoplenty:jacaranda_boat":1,"minecraft:crafting_table":9,"minecraft:spruce_planks":1384,"travelersbackpack:backpack_tank":2,"minecraft:wooden_pickaxe":2,"travelersbackpack:standard":1,"minecraft:bucket":2,"minecraft:bread":384,"minecraft:air":0,"minecraft:spruce_trapdoor":188,"minecraft:iron_chestplate":1,"minecraft:wooden_hoe":1,"minecraft:gold_nugget":173,"minecraft:shield":3,"minecraft:stick":36,"minecraft:iron_ingot":275,"minecraft:iron_pickaxe":13,"minecraft:wooden_axe":5,"minecraft:snow_block":1440,"minecraft:stone_sword":1,"minecraft:iron_shovel":33,"minecraft:gold_ingot":18,"minecraft:torch":116,"minecraft:shears":1},"minecraft:dropped":{"minecraft:iron_ingot":11,"occultism:datura_seeds":1,"minecraft:wheat_seeds":5,"minecraft:lilac":3,"minecraft:oak_log":126,"biomesoplenty:lavender":2,"minecraft:crossbow":1,"minecraft:feather":2,"minecraft:iron_helmet":1,"minecraft:cobblestone":2,"minecraft:spectral_arrow":2,"minecraft:apple":2,"minecraft:stick":72,"minecraft:flint":1,"minecraft:dirt":4,"minecraft:red_bed":1,"biomesoplenty:goldenrod":4,"alexsmobs:flying_fish":1,"minecraft:melon_slice":62,"minecraft:cooked_cod":2,"minecraft:snowball":48,"minecraft:gold_nugget":68,"minecraft:sand":1,"minecraft:iron_axe":1,"alexsmobs:raccoon_tail":2,"minecraft:white_wool":2,"create:raw_zinc":13,"minecraft:spruce_sapling":2,"minecraft:bone":4,"minecraft:furnace":1,"minecraft:stone_sword":1,"minecraft:raw_iron":20,"minecraft:stone_shovel":2,"minecraft:rotten_flesh":29,"moonsweaponry:wooden_scythe":1,"occultism:raw_silver":10,"minecraft:glowstone_dust":2,"minecraft:honey_bottle":7,"minecraft:oak_sign":2,"minecraft:hay_block":64,"minecraft:gunpowder":2,"minecraft:oak_button":4,"minecraft:spruce_planks":4,"minecraft:oak_sapling":12,"minecraft:spruce_log":64,"minecraft:arrow":11,"minecraft:wooden_pickaxe":1},"minecraft:used":{"minecraft:stone_sword":67,"minecraft:iron_shovel":7774,"minecraft:carved_pumpkin":2,"minecraft:stone_shovel":525,"minecraft:chest":68,"minecraft:spruce_planks":36,"minecraft:shield":36,"minecraft:iron_sword":309,"minecraft:wooden_shovel":181,"minecraft:torch":126,"minecraft:dirt":1961,"minecraft:mutton":13,"minecraft:anvil":1,"biomesoplenty:jacaranda_slab":1,"minecraft:snowball":4,"minecraft:spruce_fence":17,"minecraft:wooden_axe":324,"minecraft:spruce_boat":9,"minecraft:lantern":3,"minecraft:iron_axe":3173,"minecraft:grass_block":42,"minecraft:iron_helmet":1,"minecraft:beef":3,"minecraft:hay_block":1,"minecraft:oak_sapling":240,"minecraft:furnace":8,"minecraft:cooked_cod":55,"minecraft:pumpkin":3,"minecraft:water_bucket":18,"minecraft:iron_ore":40,"minecraft:snow_block":5,"minecraft:birch_planks":23,"minecraft:stone_pickaxe":524,"minecraft:wooden_pickaxe":47,"biomesoplenty:lavender":6,"minecraft:spruce_sign":1,"minecraft:sand":19,"biomesoplenty:goldenrod":1,"minecraft:red_bed":4,"minecraft:crafting_table":17,"minecraft:shears":2,"minecraft:oak_log":64,"minecraft:wooden_hoe":59,"minecraft:apple":6,"minecraft:chicken":1,"minecraft:bread":54,"minecraft:iron_pickaxe":2772,"travelersbackpack:white_sleeping_bag":4,"minecraft:gravel":1,"biomesoplenty:jacaranda_boat":3,"minecraft:spruce_sapling":3,"minecraft:soul_lantern":3,"minecraft:wooden_sword":19,"travelersbackpack:standard":25,"minecraft:cobblestone":25,"minecraft:porkchop":11,"minecraft:stripped_oak_wood":23,"minecraft:cooked_porkchop":4,"minecraft:bucket":32,"minecraft:experience_bottle":1}},"DataVersion":3465}