{"stats":{"minecraft:custom":{"minecraft:interact_with_furnace":1,"minecraft:mob_kills":6,"minecraft:interact_with_crafting_table":17,"minecraft:leave_game":2,"minecraft:time_since_death":49631,"minecraft:sleep_in_bed":2,"minecraft:time_since_rest":9758,"minecraft:sprint_one_cm":76968,"minecraft:damage_taken":235,"minecraft:walk_one_cm":127468,"minecraft:drop":16,"minecraft:damage_dealt":570,"minecraft:fly_one_cm":284565,"minecraft:open_chest":25,"minecraft:crouch_one_cm":318,"minecraft:play_time":66706,"minecraft:deaths":1,"minecraft:sneak_time":683,"minecraft:walk_under_water_one_cm":121,"minecraft:jump":589,"minecraft:walk_on_water_one_cm":1185,"minecraft:total_world_time":66706,"minecraft:fall_one_cm":7888},"minecraft:used":{"minecraft:water_bucket":12,"minecraft:birch_planks":23,"minecraft:stone_shovel":191,"minecraft:spruce_planks":20,"minecraft:chest":5,"minecraft:wooden_pickaxe":34,"biomesoplenty:lavender":6,"minecraft:wooden_shovel":181,"minecraft:dirt":17,"minecraft:mutton":3,"minecraft:crafting_table":5,"minecraft:oak_log":63,"minecraft:wooden_axe":324,"minecraft:apple":2,"minecraft:lantern":3,"minecraft:grass_block":42,"travelersbackpack:white_sleeping_bag":2,"minecraft:soul_lantern":3,"minecraft:wooden_sword":19,"minecraft:cobblestone":1,"minecraft:furnace":1,"minecraft:stripped_oak_wood":23,"minecraft:porkchop":3,"minecraft:bucket":24},"minecraft:picked_up":{"biomesoplenty:lavender":3,"minecraft:crafting_table":4,"minecraft:wooden_pickaxe":1,"biomesoplenty:jacaranda_sapling":3,"minecraft:oak_log":156,"minecraft:dirt":643,"minecraft:apple":2,"minecraft:wheat_seeds":3,"minecraft:stripped_oak_wood":1,"minecraft:chest":2,"minecraft:stick":30,"minecraft:porkchop":3,"minecraft:spruce_sapling":30,"minecraft:spruce_log":63,"alexsmobs:animal_dictionary":1,"travelersbackpack:white_sleeping_bag":1,"minecraft:stone_shovel":2,"biomesoplenty:jacaranda_log":5,"minecraft:oak_sapling":16,"minecraft:mutton":7,"minecraft:coal":4,"minecraft:white_wool":3,"minecraft:cobblestone":29},"minecraft:killed":{"minecraft:pig":1,"minecraft:sheep":3,"minecraft:skeleton":1,"alexsmobs:fly":1},"minecraft:dropped":{"minecraft:wheat_seeds":1,"minecraft:stone_shovel":2,"minecraft:oak_sapling":12,"minecraft:wooden_pickaxe":1},"minecraft:crafted":{"minecraft:wooden_sword":1,"minecraft:oak_planks":20,"minecraft:wooden_shovel":3,"minecraft:stone_shovel":2,"minecraft:crafting_table":1,"minecraft:spruce_planks":52,"minecraft:wooden_pickaxe":1,"minecraft:furnace":1,"travelersbackpack:white_sleeping_bag":1,"minecraft:stick":4,"minecraft:stone_sword":1,"minecraft:stone_pickaxe":1,"minecraft:wooden_axe":5,"minecraft:chest":3},"minecraft:mined":{"minecraft:crafting_table":4,"minecraft:grass_block":356,"minecraft:chest":2,"travelersbackpack:white_sleeping_bag":1,"minecraft:spruce_leaves":49,"biomesoplenty:jacaranda_log":5,"minecraft:spruce_log":73,"minecraft:grass":10,"minecraft:oak_log":177,"minecraft:coal_ore":4,"minecraft:dirt":63,"minecraft:stone":30},"minecraft:broken":{"minecraft:wooden_shovel":3,"minecraft:wooden_axe":4,"minecraft:stone_shovel":1}},"DataVersion":3465}