{"stats":{"minecraft:killed":{"minecraft:cave_spider":2,"minecraft:witch":3,"enemyexpansion:equestrian":2,"minecraft:spider":4,"minecraft:skeleton":23,"minecraft:chicken":1,"minecraft:piglin_brute":2,"minecraft:pig":9,"minecraft:creeper":5,"minecraft:sheep":11,"minecraft:pillager":5,"minecraft:zombie":22,"enemyexpansion:botfly":7,"alexsmobs:fly":6,"minecraft:cow":4,"alexsmobs:raccoon":1,"alexsmobs:seagull":1,"enemyexpansion:direwolf":7,"enemyexpansion:goblin_fear":1,"minecraft:phantom":2,"minecraft:drowned":8,"minecraft:snow_golem":1,"enemyexpansion:goblin":2,"enemyexpansion:sprinter":1,"minecraft:wandering_trader":1,"enemyexpansion:huntsman":1,"minecraft:villager":1,"minecraft:enderman":1},"minecraft:used":{"minecraft:iron_shovel":8005,"minecraft:spruce_slab":1,"minecraft:oak_sign":1,"minecraft:chest":73,"minecraft:shield":39,"minecraft:iron_sword":463,"minecraft:mutton":13,"minecraft:snowball":4,"minecraft:spruce_boat":24,"minecraft:lantern":3,"minecraft:grass_block":42,"minecraft:iron_helmet":1,"minecraft:hopper_minecart":4,"minecraft:magma_block":1,"minecraft:hay_block":1,"minecraft:oak_sapling":240,"minecraft:furnace":10,"minecraft:cooked_cod":55,"minecraft:gray_bed":11,"minecraft:potato":293,"minecraft:stone_pickaxe":524,"minecraft:oak_planks":4,"minecraft:wooden_pickaxe":47,"minecraft:composter":11,"biomesoplenty:lavender":6,"minecraft:sand":19,"biomesoplenty:goldenrod":1,"minecraft:shears":2,"minecraft:birch_fence":2,"minecraft:bread":114,"biomesoplenty:jacaranda_boat":3,"minecraft:gravel":1,"minecraft:soul_lantern":3,"minecraft:wooden_sword":19,"minecraft:stripped_oak_wood":23,"minecraft:experience_bottle":1,"minecraft:stone_sword":67,"minecraft:carved_pumpkin":2,"minecraft:stone_shovel":525,"minecraft:spruce_planks":48,"minecraft:wooden_shovel":181,"minecraft:stone_hoe":49,"minecraft:torch":230,"minecraft:dirt":2540,"minecraft:anvil":1,"minecraft:hopper":2,"biomesoplenty:jacaranda_slab":1,"minecraft:spruce_fence":17,"minecraft:iron_hoe":189,"minecraft:wooden_axe":324,"minecraft:iron_axe":3260,"minecraft:beef":3,"minecraft:cobbled_deepslate":27,"minecraft:pumpkin":3,"minecraft:wheat_seeds":19,"minecraft:water_bucket":56,"minecraft:iron_ore":40,"minecraft:cobblestone_stairs":14,"minecraft:snow_block":5,"minecraft:birch_planks":23,"minecraft:spruce_sign":1,"minecraft:rail":4,"minecraft:crafting_table":19,"minecraft:red_bed":7,"minecraft:white_bed":1,"minecraft:spruce_log":1,"minecraft:oak_log":67,"minecraft:wooden_hoe":59,"minecraft:diamond_pickaxe":853,"minecraft:apple":6,"minecraft:chicken":1,"minecraft:iron_pickaxe":4752,"travelersbackpack:white_sleeping_bag":4,"minecraft:spruce_sapling":5,"minecraft:cobblestone":178,"travelersbackpack:standard":44,"minecraft:porkchop":11,"minecraft:cooked_porkchop":4,"minecraft:bucket":77},"minecraft:mined":{"create:deepslate_zinc_ore":60,"minecraft:spruce_planks":4,"minecraft:white_bed":1,"minecraft:farmland":1,"minecraft:cobblestone_stairs":2,"minecraft:sculk_vein":3,"minecraft:brewing_stand":1,"minecraft:carved_pumpkin":2,"minecraft:granite":9,"minecraft:grass_block":1343,"minecraft:composter":12,"minecraft:spawner":3,"luckytntmod:deepslate_uranium_ore":5,"minecraft:tall_seagrass":2,"minecraft:magma_block":19,"minecraft:iron_ore":341,"minecraft:fire":31,"biomesoplenty:lavender":1,"minecraft:pumpkin":9,"minecraft:deepslate_lapis_ore":1,"minecraft:anvil":1,"minecraft:enchanting_table":1,"minecraft:water_cauldron":3,"minecraft:dirt_path":32,"occultism:silver_ore":14,"create:veridium":228,"minecraft:deepslate_redstone_ore":49,"minecraft:red_bed":7,"minecraft:powder_snow":32,"minecraft:torch":68,"minecraft:melon":18,"minecraft:chest":42,"create:scoria":28,"minecraft:mushroom_stem":15,"minecraft:cobblestone":53,"minecraft:oak_planks":4,"minecraft:wall_torch":36,"minecraft:cauldron":1,"biomesoplenty:goldenrod":5,"minecraft:seagrass":6,"minecraft:wheat":7,"minecraft:birch_trapdoor":2,"minecraft:lilac":3,"minecraft:jukebox":1,"minecraft:grass":162,"minecraft:oak_log":1442,"minecraft:loom":1,"minecraft:sand":130,"minecraft:dirt":1247,"minecraft:oak_leaves":23,"minecraft:deepslate":600,"create:zinc_ore":23,"minecraft:tuff":68,"minecraft:deepslate_diamond_ore":11,"minecraft:stripped_birch_log":3,"luckytntmod:deepslate_gunpowder_ore":32,"minecraft:ladder":2,"biomesoplenty:bush":8,"minecraft:spruce_fence":5,"occultism:silver_ore_deepslate":59,"travelersbackpack:white_sleeping_bag":4,"minecraft:spruce_leaves":516,"random_ore:deepslate_random_ore":3,"minecraft:sandstone":511,"minecraft:hay_block":130,"biomesoplenty:jacaranda_log":5,"minecraft:redstone_ore":1,"minecraft:spruce_sapling":1,"minecraft:furnace":7,"minecraft:snow":5746,"minecraft:gold_block":4,"minecraft:bell":1,"minecraft:rail":4,"minecraft:potatoes":78,"minecraft:deepslate_iron_ore":25,"minecraft:stone":3545,"minecraft:birch_stairs":1,"minecraft:snow_block":17,"travelersbackpack:standard":2,"minecraft:crafting_table":10,"minecraft:emerald_ore":4,"minecraft:sculk_sensor":2,"minecraft:campfire":1,"minecraft:tall_grass":9,"minecraft:dried_kelp_block":67,"minecraft:deepslate_gold_ore":22,"minecraft:sculk":6,"minecraft:diorite":8,"minecraft:gray_bed":19,"minecraft:spruce_log":1363,"minecraft:bee_nest":1,"minecraft:coal_ore":307,"minecraft:gravel":160,"minecraft:cobweb":10,"minecraft:mossy_stone_bricks":2,"minecraft:birch_fence":6},"minecraft:picked_up":{"minecraft:wheat":3,"minecraft:anvil":2,"minecraft:lead":9,"alexscaves:cave_tablet":8,"minecraft:enchanted_book":1,"minecraft:brewing_stand":1,"minecraft:string":38,"minecraft:raw_copper":20,"minecraft:experience_bottle":1,"minecraft:oak_sign":3,"minecraft:gold_nugget":14,"minecraft:cobbled_deepslate":1300,"minecraft:bucket":13,"minecraft:spruce_planks":30,"minecraft:hopper_minecart":1,"minecraft:iron_pickaxe":5,"alexsmobs:raccoon_tail":2,"minecraft:melon_slice":144,"minecraft:furnace":12,"minecraft:stick":680,"minecraft:jukebox":2,"minecraft:composter":12,"minecraft:birch_trapdoor":2,"minecraft:torch":113,"alexsmobs:lobster_bucket":2,"minecraft:porkchop":20,"minecraft:diorite":8,"minecraft:cauldron":7,"minecraft:rabbit_foot":23,"minecraft:honey_bottle":4,"minecraft:rotten_flesh":44,"create:scoria":81,"minecraft:carved_pumpkin":2,"create:veridium":226,"minecraft:snowball":5830,"alexsmobs:flying_fish":1,"minecraft:cobblestone":4034,"biomesoplenty:lavender":5,"minecraft:enchanting_table":1,"occultism:datura_seeds":7,"minecraft:magma_block":18,"minecraft:feather":2,"minecraft:lilac":9,"minecraft:magma_cream":22,"minecraft:water_bucket":1,"minecraft:potato":158,"minecraft:flint":15,"minecraft:tuff":68,"create:raw_zinc":140,"minecraft:stripped_birch_log":3,"minecraft:lapis_lazuli":7,"minecraft:dirt":4979,"minecraft:bone":30,"minecraft:glass":52,"minecraft:wheat_seeds":59,"minecraft:raw_gold":22,"minecraft:bell":1,"minecraft:mossy_stone_bricks":4,"minecraft:glowstone_dust":2,"minecraft:oak_planks":8,"biomesoplenty:jacaranda_boat":2,"minecraft:poisonous_potato":1,"minecraft:sand":122,"minecraft:grass_block":1,"minecraft:loom":1,"minecraft:fermented_spider_eye":33,"alexsmobs:animal_dictionary":4,"travelersbackpack:white_sleeping_bag":6,"minecraft:sugar":51,"minecraft:diamond":26,"minecraft:spruce_boat":24,"minecraft:crossbow":1,"minecraft:granite":9,"minecraft:emerald":4,"minecraft:bread":721,"alexsmobs:maggot":17,"minecraft:oak_sapling":273,"minecraft:diamond_pickaxe":1,"minecraft:charcoal":2,"minecraft:crafting_table":11,"minecraft:azure_bluet":1,"minecraft:chicken":1,"minecraft:ladder":5,"minecraft:wooden_pickaxe":1,"moonsweaponry:wooden_scythe":1,"occultism:raw_silver":101,"minecraft:gold_block":4,"biomesoplenty:jacaranda_sapling":12,"minecraft:diamond_horse_armor":2,"minecraft:shield":1,"alexscaves:cave_codex":1,"minecraft:red_bed":8,"minecraft:iron_axe":13,"minecraft:birch_fence":7,"biomesoplenty:jacaranda_slab":1,"minecraft:beef":11,"minecraft:light_gray_wool":3,"minecraft:chest":45,"minecraft:sugar_cane":7,"minecraft:phantom_membrane":2,"minecraft:egg":1,"minecraft:raw_iron":561,"minecraft:sandstone":508,"minecraft:spruce_fence":5,"minecraft:redstone":251,"luckytntmod:deepslate_uranium_ore":5,"biomesoplenty:jacaranda_log":18,"minecraft:arrow":39,"minecraft:stone_shovel":3,"minecraft:cooked_cod":5,"minecraft:hay_block":193,"alexscaves:spelunkery_table":1,"minecraft:saddle":3,"minecraft:glistering_melon_slice":54,"alexsmobs:flying_fish_bucket":2,"minecraft:mutton":19,"minecraft:white_wool":12,"enemyexpansion:horsehead_helmet":1,"biomesoplenty:goldenrod":5,"minecraft:leather":10,"minecraft:filled_map":2,"minecraft:oak_log":4222,"biomesoplenty:jacaranda_planks":3,"minecraft:gunpowder":150,"minecraft:cobblestone_stairs":2,"minecraft:white_banner":1,"minecraft:apple":63,"minecraft:iron_ingot":89,"minecraft:stripped_oak_wood":1,"minecraft:gray_bed":18,"minecraft:pumpkin":61,"minecraft:gravel":164,"minecraft:birch_stairs":1,"minecraft:spruce_sapling":866,"minecraft:white_bed":1,"minecraft:spruce_log":3750,"biomesoplenty:flowering_oak_sapling":2,"travelersbackpack:standard":2,"minecraft:pumpkin_seeds":8,"minecraft:dried_kelp_block":182,"minecraft:coal":622},"minecraft:killed_by":{"minecraft:creeper":1,"minecraft:witch":1,"minecraft:warden":1,"minecraft:phantom":1},"minecraft:broken":{"minecraft:iron_shovel":31,"minecraft:wooden_shovel":3,"minecraft:stone_pickaxe":4,"minecraft:wooden_axe":4,"minecraft:stone_shovel":4,"minecraft:iron_axe":11,"minecraft:iron_pickaxe":19,"minecraft:iron_helmet":1,"minecraft:wooden_hoe":1},"minecraft:crafted":{"securitycraft:mine":3,"minecraft:oak_planks":280,"minecraft:cobblestone_stairs":412,"minecraft:glass":22,"minecraft:hopper":4,"minecraft:iron_boots":1,"minecraft:chest":34,"minecraft:oak_button":4,"minecraft:rail":16,"minecraft:wooden_shovel":3,"biomesoplenty:jacaranda_planks":20,"minecraft:cooked_porkchop":6,"minecraft:crafting_table":11,"minecraft:spruce_planks":1420,"minecraft:wooden_pickaxe":2,"travelersbackpack:standard":1,"minecraft:copper_ingot":24,"minecraft:hopper_minecart":2,"minecraft:spruce_trapdoor":188,"minecraft:iron_chestplate":1,"minecraft:wooden_hoe":1,"minecraft:diamond_pickaxe":1,"minecraft:shield":3,"minecraft:stick":36,"minecraft:iron_ingot":332,"minecraft:iron_pickaxe":20,"minecraft:snow_block":1440,"minecraft:stone_sword":1,"minecraft:gold_ingot":18,"minecraft:shears":1,"minecraft:wooden_sword":1,"minecraft:stone_shovel":4,"minecraft:furnace":3,"minecraft:spruce_fence":18,"minecraft:spruce_stairs":296,"travelersbackpack:white_sleeping_bag":1,"minecraft:iron_axe":19,"minecraft:spruce_slab":390,"minecraft:iron_hoe":1,"minecraft:stone_pickaxe":4,"minecraft:spruce_boat":2,"minecraft:minecart":2,"minecraft:glistering_melon_slice":14,"minecraft:wheat":1152,"minecraft:spruce_sign":3,"biomesoplenty:jacaranda_boat":1,"travelersbackpack:backpack_tank":2,"minecraft:bucket":2,"securitycraft:cobblestone_mine":1,"minecraft:bread":384,"minecraft:air":0,"securitycraft:dirt_mine":2,"minecraft:gold_nugget":173,"minecraft:wooden_axe":5,"minecraft:iron_shovel":33,"minecraft:torch":164},"minecraft:custom":{"minecraft:interact_with_crafting_table":161,"minecraft:open_barrel":18,"minecraft:leave_game":28,"minecraft:time_since_death":120893,"minecraft:sprint_one_cm":2682674,"minecraft:damage_blocked_by_shield":1195,"minecraft:drop":196,"minecraft:talked_to_villager":49,"minecraft:play_time":1007788,"minecraft:deaths":6,"minecraft:jump":13242,"minecraft:walk_on_water_one_cm":62413,"minecraft:interact_with_furnace":84,"minecraft:sleep_in_bed":30,"minecraft:damage_dealt":21686,"minecraft:crouch_one_cm":54522,"minecraft:interact_with_smoker":1,"minecraft:horse_one_cm":2975,"minecraft:interact_with_anvil":1,"minecraft:mob_kills":138,"minecraft:inspect_hopper":2,"minecraft:climb_one_cm":13745,"minecraft:walk_one_cm":2103379,"minecraft:sneak_time":16841,"minecraft:walk_under_water_one_cm":73465,"minecraft:boat_one_cm":365706,"minecraft:total_world_time":1007788,"minecraft:time_since_rest":9115,"minecraft:damage_taken":6144,"minecraft:swim_one_cm":61548,"minecraft:fly_one_cm":2270049,"minecraft:open_chest":1294,"minecraft:fall_one_cm":294362},"minecraft:dropped":{"occultism:datura_seeds":1,"minecraft:oak_log":126,"minecraft:diamond":1,"minecraft:crafting_table":1,"minecraft:crossbow":1,"minecraft:flint":1,"minecraft:dirt":4,"minecraft:red_bed":1,"minecraft:birch_fence":3,"alexsmobs:flying_fish":1,"minecraft:cooked_cod":2,"minecraft:snowball":48,"minecraft:gold_nugget":68,"minecraft:sand":1,"minecraft:iron_pickaxe":2,"alexsmobs:raccoon_tail":2,"minecraft:white_wool":2,"minecraft:bone":4,"minecraft:gravel":7,"alexscaves:cave_tablet":1,"minecraft:rotten_flesh":30,"occultism:raw_silver":10,"minecraft:glowstone_dust":2,"minecraft:honey_bottle":7,"minecraft:azure_bluet":1,"minecraft:gunpowder":2,"minecraft:birch_trapdoor":1,"minecraft:charcoal":2,"minecraft:ladder":4,"minecraft:arrow":27,"minecraft:iron_ingot":11,"minecraft:bread":1,"minecraft:wheat_seeds":10,"minecraft:lilac":9,"minecraft:poisonous_potato":1,"biomesoplenty:lavender":3,"minecraft:iron_helmet":1,"minecraft:feather":2,"minecraft:cobblestone":2,"minecraft:spectral_arrow":2,"minecraft:apple":2,"minecraft:stick":76,"biomesoplenty:goldenrod":4,"minecraft:melon_slice":62,"minecraft:stripped_birch_log":2,"minecraft:iron_axe":1,"create:raw_zinc":13,"minecraft:spruce_sapling":3,"minecraft:furnace":1,"minecraft:stone_sword":1,"minecraft:tuff":8,"minecraft:raw_iron":20,"minecraft:stone_shovel":2,"moonsweaponry:wooden_scythe":1,"minecraft:oak_sign":2,"minecraft:hay_block":64,"minecraft:oak_button":4,"minecraft:spruce_planks":4,"minecraft:diamond_pickaxe":1,"minecraft:oak_sapling":13,"minecraft:spruce_log":64,"minecraft:wooden_pickaxe":1}},"DataVersion":3465}