{"stats":{"minecraft:mined":{"minecraft:spruce_planks":4,"minecraft:farmland":1,"minecraft:cobblestone_stairs":2,"minecraft:brewing_stand":1,"minecraft:carved_pumpkin":2,"minecraft:grass_block":1304,"minecraft:spawner":3,"minecraft:tall_seagrass":2,"minecraft:magma_block":19,"minecraft:iron_ore":316,"minecraft:fire":31,"biomesoplenty:lavender":1,"minecraft:pumpkin":9,"minecraft:anvil":1,"minecraft:enchanting_table":1,"minecraft:water_cauldron":3,"minecraft:dirt_path":32,"occultism:silver_ore":12,"minecraft:red_bed":3,"minecraft:powder_snow":1,"minecraft:torch":62,"minecraft:melon":18,"create:scoria":28,"minecraft:chest":42,"minecraft:mushroom_stem":15,"minecraft:cobblestone":36,"minecraft:wall_torch":23,"biomesoplenty:goldenrod":5,"minecraft:seagrass":6,"minecraft:lilac":3,"minecraft:jukebox":1,"minecraft:grass":152,"minecraft:oak_log":1435,"minecraft:sand":130,"minecraft:dirt":1194,"minecraft:oak_leaves":7,"create:zinc_ore":23,"biomesoplenty:bush":3,"minecraft:spruce_fence":5,"travelersbackpack:white_sleeping_bag":4,"minecraft:spruce_leaves":489,"minecraft:sandstone":511,"minecraft:hay_block":130,"biomesoplenty:jacaranda_log":5,"minecraft:spruce_sapling":1,"minecraft:furnace":7,"minecraft:snow":5746,"minecraft:gold_block":4,"minecraft:stone":3395,"minecraft:snow_block":17,"travelersbackpack:standard":2,"minecraft:crafting_table":10,"minecraft:emerald_ore":4,"minecraft:tall_grass":8,"minecraft:dried_kelp_block":67,"minecraft:spruce_log":1356,"minecraft:bee_nest":1,"minecraft:coal_ore":307,"minecraft:gravel":152,"minecraft:cobweb":10,"minecraft:mossy_stone_bricks":2},"minecraft:broken":{"minecraft:iron_shovel":31,"minecraft:wooden_shovel":3,"minecraft:stone_pickaxe":4,"minecraft:wooden_axe":4,"minecraft:stone_shovel":4,"minecraft:iron_axe":11,"minecraft:iron_pickaxe":16,"minecraft:wooden_hoe":1},"minecraft:used":{"minecraft:iron_shovel":7919,"minecraft:chest":71,"minecraft:shield":38,"minecraft:iron_sword":348,"minecraft:mutton":13,"minecraft:snowball":4,"minecraft:spruce_boat":11,"minecraft:lantern":3,"minecraft:grass_block":42,"minecraft:iron_helmet":1,"minecraft:hay_block":1,"minecraft:furnace":10,"minecraft:oak_sapling":240,"minecraft:cooked_cod":55,"minecraft:potato":74,"minecraft:stone_pickaxe":524,"minecraft:wooden_pickaxe":47,"biomesoplenty:lavender":6,"minecraft:sand":19,"biomesoplenty:goldenrod":1,"minecraft:shears":2,"minecraft:bread":75,"biomesoplenty:jacaranda_boat":3,"minecraft:gravel":1,"minecraft:soul_lantern":3,"minecraft:wooden_sword":19,"minecraft:stripped_oak_wood":23,"minecraft:experience_bottle":1,"minecraft:stone_sword":67,"minecraft:carved_pumpkin":2,"minecraft:stone_shovel":525,"minecraft:spruce_planks":36,"minecraft:wooden_shovel":181,"minecraft:torch":186,"minecraft:dirt":2505,"minecraft:anvil":1,"minecraft:spruce_fence":17,"biomesoplenty:jacaranda_slab":1,"minecraft:iron_hoe":189,"minecraft:wooden_axe":324,"minecraft:iron_axe":3173,"minecraft:beef":3,"minecraft:pumpkin":3,"minecraft:wheat_seeds":4,"minecraft:water_bucket":36,"minecraft:iron_ore":40,"minecraft:cobblestone_stairs":14,"minecraft:snow_block":5,"minecraft:birch_planks":23,"minecraft:spruce_sign":1,"minecraft:crafting_table":19,"minecraft:red_bed":4,"minecraft:oak_log":64,"minecraft:wooden_hoe":59,"minecraft:apple":6,"minecraft:chicken":1,"minecraft:iron_pickaxe":4174,"travelersbackpack:white_sleeping_bag":4,"minecraft:spruce_sapling":5,"minecraft:cobblestone":122,"travelersbackpack:standard":36,"minecraft:cooked_porkchop":4,"minecraft:porkchop":11,"minecraft:bucket":57},"minecraft:custom":{"minecraft:interact_with_crafting_table":138,"minecraft:open_barrel":15,"minecraft:leave_game":15,"minecraft:time_since_death":117624,"minecraft:sprint_one_cm":2177498,"minecraft:damage_blocked_by_shield":1185,"minecraft:drop":167,"minecraft:talked_to_villager":1,"minecraft:play_time":819038,"minecraft:deaths":5,"minecraft:jump":10882,"minecraft:walk_on_water_one_cm":33068,"minecraft:interact_with_furnace":74,"minecraft:sleep_in_bed":28,"minecraft:damage_dealt":17088,"minecraft:crouch_one_cm":2413,"minecraft:interact_with_smoker":1,"minecraft:mob_kills":107,"minecraft:interact_with_anvil":1,"minecraft:climb_one_cm":10305,"minecraft:walk_one_cm":1713627,"minecraft:sneak_time":2634,"minecraft:walk_under_water_one_cm":53549,"minecraft:boat_one_cm":148773,"minecraft:total_world_time":819038,"minecraft:time_since_rest":6022,"minecraft:damage_taken":4670,"minecraft:swim_one_cm":59851,"minecraft:fly_one_cm":1996343,"minecraft:open_chest":1036,"minecraft:fall_one_cm":254712},"minecraft:dropped":{"occultism:datura_seeds":1,"minecraft:oak_log":126,"minecraft:diamond":1,"minecraft:crossbow":1,"minecraft:flint":1,"minecraft:dirt":4,"minecraft:red_bed":1,"alexsmobs:flying_fish":1,"minecraft:cooked_cod":2,"minecraft:snowball":48,"minecraft:gold_nugget":68,"minecraft:sand":1,"minecraft:iron_pickaxe":2,"alexsmobs:raccoon_tail":2,"minecraft:white_wool":2,"minecraft:bone":4,"minecraft:rotten_flesh":29,"occultism:raw_silver":10,"minecraft:glowstone_dust":2,"minecraft:honey_bottle":7,"minecraft:gunpowder":2,"minecraft:arrow":11,"minecraft:iron_ingot":11,"minecraft:wheat_seeds":5,"minecraft:lilac":3,"biomesoplenty:lavender":2,"minecraft:iron_helmet":1,"minecraft:feather":2,"minecraft:cobblestone":2,"minecraft:spectral_arrow":2,"minecraft:apple":2,"minecraft:stick":72,"biomesoplenty:goldenrod":4,"minecraft:melon_slice":62,"minecraft:iron_axe":1,"create:raw_zinc":13,"minecraft:spruce_sapling":2,"minecraft:furnace":1,"minecraft:stone_sword":1,"minecraft:raw_iron":20,"minecraft:stone_shovel":2,"moonsweaponry:wooden_scythe":1,"minecraft:oak_sign":2,"minecraft:hay_block":64,"minecraft:oak_button":4,"minecraft:spruce_planks":4,"minecraft:oak_sapling":12,"minecraft:spruce_log":64,"minecraft:wooden_pickaxe":1},"minecraft:killed_by":{"minecraft:creeper":1,"minecraft:witch":1,"minecraft:phantom":1},"minecraft:killed":{"minecraft:cave_spider":2,"minecraft:witch":3,"enemyexpansion:equestrian":1,"minecraft:spider":2,"minecraft:skeleton":16,"minecraft:chicken":1,"minecraft:piglin_brute":2,"minecraft:pig":9,"minecraft:creeper":3,"minecraft:sheep":11,"minecraft:pillager":2,"minecraft:zombie":16,"alexsmobs:fly":6,"minecraft:cow":4,"alexsmobs:raccoon":1,"alexsmobs:seagull":1,"enemyexpansion:direwolf":7,"enemyexpansion:goblin_fear":1,"minecraft:phantom":2,"minecraft:drowned":8,"minecraft:snow_golem":1,"enemyexpansion:goblin":2,"enemyexpansion:sprinter":1,"minecraft:wandering_trader":1,"enemyexpansion:huntsman":1,"minecraft:enderman":1},"minecraft:picked_up":{"minecraft:anvil":2,"minecraft:lead":9,"minecraft:enchanted_book":1,"minecraft:brewing_stand":1,"minecraft:string":37,"minecraft:experience_bottle":1,"minecraft:oak_sign":2,"minecraft:gold_nugget":14,"minecraft:bucket":13,"minecraft:spruce_planks":30,"minecraft:iron_pickaxe":5,"alexsmobs:raccoon_tail":2,"minecraft:melon_slice":144,"minecraft:furnace":12,"minecraft:stick":676,"minecraft:jukebox":2,"minecraft:torch":93,"alexsmobs:lobster_bucket":2,"minecraft:porkchop":20,"minecraft:cauldron":6,"minecraft:rabbit_foot":23,"minecraft:rotten_flesh":37,"minecraft:honey_bottle":4,"create:scoria":81,"minecraft:carved_pumpkin":2,"minecraft:snowball":5830,"alexsmobs:flying_fish":1,"minecraft:cobblestone":3871,"biomesoplenty:lavender":5,"minecraft:enchanting_table":1,"occultism:datura_seeds":6,"minecraft:magma_block":18,"minecraft:feather":2,"minecraft:lilac":3,"minecraft:magma_cream":22,"minecraft:water_bucket":1,"minecraft:potato":1,"minecraft:flint":15,"create:raw_zinc":82,"minecraft:dirt":4894,"minecraft:bone":28,"minecraft:glass":52,"minecraft:wheat_seeds":37,"minecraft:mossy_stone_bricks":4,"minecraft:glowstone_dust":2,"minecraft:oak_planks":4,"biomesoplenty:jacaranda_boat":2,"minecraft:sand":122,"minecraft:grass_block":1,"minecraft:fermented_spider_eye":33,"alexsmobs:animal_dictionary":4,"travelersbackpack:white_sleeping_bag":6,"minecraft:sugar":51,"minecraft:diamond":15,"minecraft:spruce_boat":11,"minecraft:crossbow":1,"minecraft:bread":720,"minecraft:emerald":4,"alexsmobs:maggot":17,"minecraft:oak_sapling":272,"minecraft:crafting_table":10,"minecraft:chicken":1,"minecraft:ladder":1,"minecraft:wooden_pickaxe":1,"moonsweaponry:wooden_scythe":1,"occultism:raw_silver":42,"minecraft:gold_block":4,"biomesoplenty:jacaranda_sapling":12,"minecraft:diamond_horse_armor":2,"minecraft:shield":1,"minecraft:red_bed":5,"minecraft:iron_axe":13,"biomesoplenty:jacaranda_slab":1,"minecraft:beef":11,"minecraft:light_gray_wool":3,"minecraft:chest":45,"minecraft:sugar_cane":7,"minecraft:phantom_membrane":2,"minecraft:raw_iron":512,"minecraft:sandstone":508,"minecraft:spruce_fence":5,"minecraft:redstone":24,"biomesoplenty:jacaranda_log":18,"minecraft:cooked_cod":5,"minecraft:arrow":23,"minecraft:stone_shovel":3,"minecraft:hay_block":193,"minecraft:saddle":3,"minecraft:glistering_melon_slice":54,"alexsmobs:flying_fish_bucket":2,"minecraft:mutton":19,"minecraft:white_wool":12,"biomesoplenty:goldenrod":5,"minecraft:leather":10,"minecraft:filled_map":2,"minecraft:oak_log":4217,"biomesoplenty:jacaranda_planks":3,"minecraft:gunpowder":5,"minecraft:cobblestone_stairs":2,"minecraft:white_banner":1,"minecraft:apple":63,"minecraft:iron_ingot":89,"minecraft:stripped_oak_wood":1,"minecraft:pumpkin":61,"minecraft:gravel":157,"minecraft:spruce_sapling":865,"minecraft:spruce_log":3745,"biomesoplenty:flowering_oak_sapling":2,"travelersbackpack:standard":2,"minecraft:pumpkin_seeds":8,"minecraft:dried_kelp_block":182,"minecraft:coal":602},"minecraft:crafted":{"minecraft:oak_planks":272,"minecraft:cobblestone_stairs":412,"minecraft:glass":22,"minecraft:iron_boots":1,"minecraft:chest":27,"minecraft:oak_button":4,"minecraft:wooden_shovel":3,"biomesoplenty:jacaranda_planks":20,"minecraft:cooked_porkchop":6,"minecraft:crafting_table":11,"minecraft:spruce_planks":1384,"minecraft:wooden_pickaxe":2,"travelersbackpack:standard":1,"minecraft:spruce_trapdoor":188,"minecraft:wooden_hoe":1,"minecraft:iron_chestplate":1,"minecraft:shield":3,"minecraft:stick":36,"minecraft:iron_ingot":304,"minecraft:iron_pickaxe":18,"minecraft:stone_sword":1,"minecraft:snow_block":1440,"minecraft:gold_ingot":18,"minecraft:shears":1,"minecraft:wooden_sword":1,"minecraft:stone_shovel":4,"minecraft:furnace":3,"minecraft:spruce_fence":18,"minecraft:spruce_stairs":296,"travelersbackpack:white_sleeping_bag":1,"minecraft:iron_axe":19,"minecraft:iron_hoe":1,"minecraft:spruce_slab":384,"minecraft:stone_pickaxe":4,"minecraft:spruce_boat":2,"minecraft:glistering_melon_slice":14,"minecraft:wheat":1152,"minecraft:spruce_sign":3,"biomesoplenty:jacaranda_boat":1,"travelersbackpack:backpack_tank":2,"minecraft:bucket":2,"minecraft:bread":384,"minecraft:air":0,"minecraft:gold_nugget":173,"minecraft:wooden_axe":5,"minecraft:iron_shovel":33,"minecraft:torch":164}},"DataVersion":3465}