{"stats":{"minecraft:custom":{"minecraft:interact_with_anvil":1,"minecraft:mob_kills":84,"minecraft:interact_with_crafting_table":76,"minecraft:open_barrel":15,"minecraft:leave_game":9,"minecraft:time_since_death":122830,"minecraft:climb_one_cm":9461,"minecraft:sprint_one_cm":1332799,"minecraft:walk_one_cm":799446,"minecraft:damage_blocked_by_shield":765,"minecraft:drop":151,"minecraft:talked_to_villager":1,"minecraft:play_time":422735,"minecraft:sneak_time":1438,"minecraft:deaths":4,"minecraft:walk_under_water_one_cm":25549,"minecraft:boat_one_cm":12250,"minecraft:jump":7235,"minecraft:walk_on_water_one_cm":21650,"minecraft:total_world_time":422735,"minecraft:interact_with_furnace":43,"minecraft:sleep_in_bed":13,"minecraft:time_since_rest":10996,"minecraft:damage_taken":3315,"minecraft:damage_dealt":13123,"minecraft:swim_one_cm":16432,"minecraft:fly_one_cm":1359443,"minecraft:open_chest":494,"minecraft:crouch_one_cm":1433,"minecraft:interact_with_smoker":1,"minecraft:fall_one_cm":177584},"minecraft:killed_by":{"minecraft:creeper":1,"minecraft:witch":1},"minecraft:picked_up":{"minecraft:crafting_table":9,"minecraft:chicken":1,"minecraft:ladder":1,"minecraft:anvil":2,"minecraft:lead":7,"minecraft:wooden_pickaxe":1,"occultism:raw_silver":40,"biomesoplenty:jacaranda_sapling":12,"minecraft:gold_block":2,"minecraft:enchanted_book":1,"minecraft:diamond_horse_armor":2,"minecraft:brewing_stand":1,"minecraft:string":33,"minecraft:red_bed":5,"minecraft:iron_axe":13,"minecraft:experience_bottle":1,"minecraft:oak_sign":2,"minecraft:gold_nugget":14,"minecraft:bucket":13,"minecraft:spruce_planks":25,"minecraft:beef":11,"minecraft:iron_pickaxe":3,"minecraft:light_gray_wool":3,"alexsmobs:raccoon_tail":2,"minecraft:melon_slice":104,"minecraft:sugar_cane":7,"minecraft:chest":39,"minecraft:furnace":11,"minecraft:stick":637,"minecraft:raw_iron":456,"minecraft:jukebox":2,"minecraft:torch":16,"alexsmobs:lobster_bucket":2,"minecraft:porkchop":20,"minecraft:redstone":24,"minecraft:rabbit_foot":23,"minecraft:cauldron":6,"minecraft:cooked_cod":5,"minecraft:stone_shovel":3,"minecraft:arrow":17,"minecraft:honey_bottle":4,"minecraft:rotten_flesh":34,"biomesoplenty:jacaranda_log":18,"create:scoria":81,"minecraft:hay_block":193,"minecraft:glistering_melon_slice":54,"minecraft:saddle":3,"alexsmobs:flying_fish_bucket":2,"minecraft:mutton":18,"minecraft:white_wool":11,"minecraft:cobblestone":968,"biomesoplenty:lavender":5,"minecraft:enchanting_table":1,"occultism:datura_seeds":5,"minecraft:feather":2,"minecraft:lilac":3,"minecraft:magma_cream":22,"minecraft:water_bucket":1,"biomesoplenty:goldenrod":5,"minecraft:leather":10,"minecraft:filled_map":2,"minecraft:flint":5,"create:raw_zinc":82,"minecraft:oak_log":4193,"biomesoplenty:jacaranda_planks":3,"minecraft:gunpowder":4,"minecraft:dirt":3465,"minecraft:white_banner":1,"minecraft:glass":52,"minecraft:bone":24,"minecraft:apple":63,"minecraft:wheat_seeds":31,"minecraft:iron_ingot":87,"minecraft:stripped_oak_wood":1,"minecraft:mossy_stone_bricks":4,"minecraft:glowstone_dust":2,"minecraft:pumpkin":52,"biomesoplenty:jacaranda_boat":2,"minecraft:gravel":83,"minecraft:sand":64,"minecraft:spruce_sapling":833,"minecraft:fermented_spider_eye":33,"minecraft:spruce_log":3711,"alexsmobs:animal_dictionary":4,"biomesoplenty:flowering_oak_sapling":2,"travelersbackpack:white_sleeping_bag":6,"travelersbackpack:standard":1,"minecraft:sugar":51,"minecraft:dried_kelp_block":180,"minecraft:diamond":15,"minecraft:spruce_boat":3,"minecraft:crossbow":1,"minecraft:emerald":1,"minecraft:bread":720,"alexsmobs:maggot":15,"minecraft:oak_sapling":272,"minecraft:coal":370},"minecraft:broken":{"minecraft:iron_shovel":1,"minecraft:wooden_shovel":3,"minecraft:stone_pickaxe":1,"minecraft:iron_axe":10,"minecraft:iron_pickaxe":3,"minecraft:wooden_axe":4,"minecraft:wooden_hoe":1,"minecraft:stone_shovel":4},"minecraft:mined":{"create:zinc_ore":23,"minecraft:spruce_planks":3,"minecraft:brewing_stand":1,"biomesoplenty:bush":2,"minecraft:grass_block":675,"travelersbackpack:white_sleeping_bag":4,"minecraft:spruce_leaves":351,"minecraft:spawner":3,"minecraft:tall_seagrass":2,"minecraft:hay_block":130,"biomesoplenty:jacaranda_log":5,"minecraft:furnace":7,"minecraft:iron_ore":260,"minecraft:fire":31,"biomesoplenty:lavender":1,"minecraft:anvil":1,"minecraft:enchanting_table":1,"minecraft:gold_block":2,"minecraft:dirt_path":32,"minecraft:water_cauldron":3,"occultism:silver_ore":10,"minecraft:stone":495,"minecraft:red_bed":3,"travelersbackpack:standard":1,"minecraft:powder_snow":1,"minecraft:crafting_table":9,"minecraft:torch":11,"minecraft:emerald_ore":1,"minecraft:melon":10,"minecraft:chest":36,"create:scoria":28,"minecraft:mushroom_stem":15,"minecraft:tall_grass":8,"minecraft:cobblestone":23,"minecraft:dried_kelp_block":65,"minecraft:wall_torch":1,"biomesoplenty:goldenrod":5,"minecraft:seagrass":6,"minecraft:lilac":3,"minecraft:spruce_log":1310,"minecraft:jukebox":1,"minecraft:bee_nest":1,"minecraft:grass":131,"minecraft:oak_log":1428,"minecraft:coal_ore":148,"minecraft:sand":74,"minecraft:gravel":68,"minecraft:dirt":399,"minecraft:cobweb":10,"minecraft:mossy_stone_bricks":2,"minecraft:oak_leaves":7},"minecraft:killed":{"minecraft:cave_spider":2,"minecraft:witch":3,"alexsmobs:raccoon":1,"enemyexpansion:equestrian":1,"alexsmobs:seagull":1,"enemyexpansion:direwolf":6,"enemyexpansion:goblin_fear":1,"minecraft:skeleton":9,"minecraft:chicken":1,"minecraft:drowned":8,"minecraft:piglin_brute":2,"enemyexpansion:goblin":2,"minecraft:pig":9,"enemyexpansion:sprinter":1,"minecraft:wandering_trader":1,"minecraft:creeper":1,"minecraft:sheep":10,"minecraft:pillager":2,"minecraft:zombie":12,"enemyexpansion:huntsman":1,"alexsmobs:fly":4,"minecraft:cow":4},"minecraft:crafted":{"minecraft:wooden_sword":1,"minecraft:oak_planks":148,"minecraft:stone_shovel":4,"minecraft:furnace":2,"minecraft:glass":22,"travelersbackpack:white_sleeping_bag":1,"minecraft:iron_boots":1,"minecraft:iron_axe":19,"minecraft:stone_pickaxe":1,"minecraft:chest":16,"minecraft:oak_button":4,"minecraft:spruce_boat":1,"minecraft:wheat":1152,"minecraft:glistering_melon_slice":14,"minecraft:wooden_shovel":3,"biomesoplenty:jacaranda_planks":20,"minecraft:cooked_porkchop":6,"biomesoplenty:jacaranda_boat":1,"minecraft:crafting_table":6,"minecraft:spruce_planks":60,"travelersbackpack:backpack_tank":2,"travelersbackpack:standard":1,"minecraft:wooden_pickaxe":1,"minecraft:bucket":2,"minecraft:bread":384,"minecraft:air":0,"minecraft:iron_chestplate":1,"minecraft:wooden_hoe":1,"minecraft:gold_nugget":173,"minecraft:shield":3,"minecraft:stick":28,"minecraft:iron_ingot":199,"minecraft:iron_pickaxe":13,"minecraft:wooden_axe":5,"minecraft:stone_sword":1,"minecraft:iron_shovel":5,"minecraft:gold_ingot":18,"minecraft:torch":16},"minecraft:dropped":{"minecraft:iron_ingot":11,"occultism:datura_seeds":1,"minecraft:wheat_seeds":5,"minecraft:oak_log":125,"minecraft:lilac":3,"minecraft:crossbow":1,"biomesoplenty:lavender":2,"minecraft:feather":2,"minecraft:iron_helmet":1,"minecraft:cobblestone":2,"minecraft:spectral_arrow":2,"minecraft:apple":2,"minecraft:stick":72,"minecraft:dirt":4,"minecraft:red_bed":1,"biomesoplenty:goldenrod":4,"minecraft:melon_slice":62,"minecraft:cooked_cod":2,"minecraft:gold_nugget":68,"minecraft:iron_axe":1,"alexsmobs:raccoon_tail":2,"minecraft:white_wool":2,"create:raw_zinc":13,"minecraft:spruce_sapling":2,"minecraft:bone":4,"minecraft:furnace":1,"minecraft:stone_sword":1,"minecraft:raw_iron":20,"minecraft:stone_shovel":2,"minecraft:rotten_flesh":28,"occultism:raw_silver":10,"minecraft:glowstone_dust":2,"minecraft:honey_bottle":7,"minecraft:oak_sign":2,"minecraft:hay_block":64,"minecraft:gunpowder":2,"minecraft:oak_button":4,"minecraft:oak_sapling":12,"minecraft:spruce_log":64,"minecraft:arrow":11,"minecraft:wooden_pickaxe":1},"minecraft:used":{"minecraft:stone_sword":67,"minecraft:iron_shovel":623,"minecraft:stone_shovel":525,"minecraft:chest":54,"minecraft:spruce_planks":34,"minecraft:shield":28,"minecraft:iron_sword":256,"minecraft:wooden_shovel":181,"minecraft:torch":49,"minecraft:dirt":362,"minecraft:anvil":1,"minecraft:mutton":13,"minecraft:spruce_boat":4,"minecraft:wooden_axe":324,"minecraft:lantern":3,"minecraft:iron_axe":3028,"minecraft:grass_block":42,"minecraft:iron_helmet":1,"minecraft:beef":3,"minecraft:hay_block":1,"minecraft:oak_sapling":240,"minecraft:furnace":8,"minecraft:cooked_cod":55,"minecraft:water_bucket":18,"minecraft:iron_ore":40,"minecraft:birch_planks":23,"minecraft:stone_pickaxe":131,"minecraft:wooden_pickaxe":34,"biomesoplenty:lavender":6,"biomesoplenty:goldenrod":1,"minecraft:crafting_table":14,"minecraft:red_bed":4,"minecraft:oak_log":64,"minecraft:wooden_hoe":59,"minecraft:apple":6,"minecraft:chicken":1,"minecraft:bread":21,"minecraft:iron_pickaxe":871,"travelersbackpack:white_sleeping_bag":4,"biomesoplenty:jacaranda_boat":3,"minecraft:soul_lantern":3,"minecraft:wooden_sword":19,"travelersbackpack:standard":6,"minecraft:cobblestone":23,"minecraft:porkchop":11,"minecraft:stripped_oak_wood":23,"minecraft:cooked_porkchop":4,"minecraft:bucket":32,"minecraft:experience_bottle":1}},"DataVersion":3465}