{"stats":{"minecraft:mined":{"create:zinc_ore":9,"minecraft:tuff":1,"minecraft:sculk_vein":2,"luckytntmod:deepslate_gunpowder_ore":2,"biomesoplenty:jacaranda_fence":7,"minecraft:granite":63,"minecraft:grass_block":20,"occultism:silver_ore_deepslate":4,"minecraft:spruce_leaves":2,"minecraft:kelp":36,"random_ore:deepslate_random_ore":1,"biomesoplenty:jacaranda_log":201,"biomesoplenty:tall_lavender":3,"minecraft:furnace":13,"minecraft:iron_ore":112,"biomesoplenty:lavender":31,"minecraft:andesite":2,"minecraft:potatoes":3,"minecraft:cobblestone_slab":4,"minecraft:deepslate_iron_ore":33,"occultism:silver_ore":14,"minecraft:bamboo":1,"minecraft:stone":368,"biomesoplenty:jacaranda_leaves":95,"minecraft:kelp_plant":1,"biomesoplenty:jacaranda_planks":18,"biomesoplenty:jacaranda_slab":118,"travelersbackpack:standard":7,"minecraft:crafting_table":18,"minecraft:torch":17,"minecraft:chest":7,"minecraft:sculk_sensor":3,"minecraft:tall_grass":4,"minecraft:copper_ore":2,"minecraft:cobblestone":27,"minecraft:deepslate_gold_ore":3,"minecraft:sugar_cane":13,"minecraft:oak_planks":124,"minecraft:sculk":5,"minecraft:diorite":10,"minecraft:wall_torch":12,"minecraft:spruce_log":5,"minecraft:grass":37,"minecraft:oak_log":29,"minecraft:coal_ore":87,"minecraft:sand":35,"minecraft:dirt":151,"minecraft:oak_leaves":2,"minecraft:deepslate":40},"minecraft:broken":{"minecraft:wooden_pickaxe":1,"minecraft:stone_pickaxe":2,"minecraft:iron_axe":1,"minecraft:stone_axe":3,"minecraft:iron_pickaxe":1,"minecraft:stone_shovel":1},"minecraft:used":{"minecraft:iron_shovel":38,"minecraft:stone_shovel":134,"minecraft:chest":18,"minecraft:stone_hoe":49,"minecraft:rotten_flesh":2,"minecraft:torch":85,"minecraft:dirt":140,"minecraft:tuff":1,"minecraft:granite":16,"biomesoplenty:jacaranda_slab":1183,"minecraft:glass":18,"alexsmobs:maggot":1,"minecraft:lava_bucket":1,"minecraft:iron_axe":300,"minecraft:bamboo":4,"biomesoplenty:jacaranda_sapling":31,"alexsmobs:lobster_bucket":1,"minecraft:furnace":16,"minecraft:potato":51,"minecraft:cooked_beef":25,"biomesoplenty:jacaranda_fence":39,"minecraft:cobbled_deepslate":18,"minecraft:cooked_mutton":4,"minecraft:water_bucket":57,"minecraft:oak_planks":124,"minecraft:stone_pickaxe":276,"minecraft:wooden_pickaxe":59,"minecraft:sugar_cane":4,"minecraft:cobblestone_slab":36,"minecraft:crafting_table":19,"minecraft:shears":92,"biomesoplenty:jacaranda_planks":22,"minecraft:iron_pickaxe":491,"minecraft:spruce_sapling":5,"minecraft:stone_axe":363,"minecraft:cobblestone":331,"travelersbackpack:standard":12,"minecraft:cooked_porkchop":4,"minecraft:bucket":60,"alexsmobs:animal_dictionary":1,"biomesoplenty:jacaranda_leaves":82,"minecraft:bone_meal":12},"minecraft:dropped":{"minecraft:wheat_seeds":6,"alexsmobs:animal_dictionary":1,"minecraft:andesite":2,"minecraft:spider_eye":1,"minecraft:glass":20},"minecraft:custom":{"minecraft:mob_kills":55,"minecraft:interact_with_crafting_table":59,"minecraft:leave_game":7,"minecraft:time_since_death":198209,"minecraft:climb_one_cm":946,"minecraft:sprint_one_cm":504883,"minecraft:walk_one_cm":315662,"minecraft:drop":6,"minecraft:play_time":198209,"minecraft:sneak_time":28913,"minecraft:walk_under_water_one_cm":14008,"minecraft:jump":3952,"minecraft:walk_on_water_one_cm":41891,"minecraft:total_world_time":198209,"minecraft:interact_with_furnace":109,"minecraft:sleep_in_bed":5,"minecraft:time_since_rest":33643,"minecraft:damage_taken":1977,"minecraft:damage_dealt":8199,"minecraft:swim_one_cm":20834,"minecraft:fly_one_cm":900185,"minecraft:open_chest":189,"minecraft:crouch_one_cm":112135,"minecraft:fall_one_cm":142078},"minecraft:killed":{"alexsmobs:lobster":2,"alexsmobs:raccoon":2,"minecraft:spider":1,"alexsmobs:seagull":1,"minecraft:dolphin":1,"enemyexpansion:direwolf":1,"minecraft:phantom":2,"minecraft:skeleton":4,"minecraft:horse":3,"alexsmobs:bison":4,"alexsmobs:flying_fish":1,"minecraft:pig":2,"alexsmobs:seal":6,"minecraft:creeper":1,"minecraft:sheep":3,"enemyexpansion:crawler":1,"minecraft:zombie":10,"alexsmobs:fly":3,"minecraft:cow":7},"minecraft:picked_up":{"minecraft:crafting_table":18,"occultism:raw_silver":18,"biomesoplenty:jacaranda_sapling":103,"minecraft:string":1,"biomesoplenty:jacaranda_fence":7,"minecraft:raw_copper":8,"biomesoplenty:tall_lavender":2,"biomesoplenty:jacaranda_slab":118,"minecraft:cobbled_deepslate":40,"minecraft:beef":57,"minecraft:cobblestone_slab":6,"minecraft:sugar_cane":21,"minecraft:chest":7,"minecraft:furnace":13,"minecraft:egg":3,"minecraft:stick":84,"minecraft:raw_iron":199,"minecraft:torch":29,"minecraft:porkchop":4,"minecraft:diorite":10,"minecraft:arrow":6,"minecraft:rotten_flesh":14,"biomesoplenty:jacaranda_log":201,"minecraft:mutton":4,"minecraft:white_wool":3,"alexsmobs:flying_fish":3,"minecraft:cobblestone":394,"biomesoplenty:lavender":38,"occultism:datura_seeds":1,"minecraft:cooked_beef":8,"minecraft:andesite":4,"minecraft:leather":10,"minecraft:potato":9,"alexsmobs:bison_fur":5,"create:raw_zinc":9,"minecraft:tuff":1,"minecraft:oak_log":29,"biomesoplenty:jacaranda_planks":29,"minecraft:gunpowder":11,"minecraft:dirt":170,"minecraft:lapis_lazuli":12,"minecraft:glass":20,"minecraft:bone":5,"minecraft:apple":3,"minecraft:kelp":39,"minecraft:wheat_seeds":7,"minecraft:raw_gold":3,"minecraft:iron_ingot":46,"minecraft:bamboo":3,"minecraft:oak_planks":124,"enemyexpansion:phantom_eye":1,"minecraft:sand":34,"minecraft:spruce_sapling":1,"minecraft:ink_sac":6,"minecraft:spruce_log":5,"biomesoplenty:jacaranda_leaves":92,"alexsmobs:animal_dictionary":1,"minecraft:spider_eye":1,"biomesoplenty:flowering_oak_sapling":1,"travelersbackpack:standard":7,"minecraft:granite":56,"alexsmobs:maggot":4,"minecraft:oak_sapling":15,"minecraft:coal":254},"minecraft:crafted":{"minecraft:oak_planks":116,"minecraft:cobblestone_slab":30,"minecraft:stone_shovel":1,"minecraft:furnace":3,"minecraft:bone_meal":12,"minecraft:cooked_mutton":4,"minecraft:glass":32,"travelersbackpack:white_sleeping_bag":1,"minecraft:iron_boots":1,"minecraft:iron_axe":2,"minecraft:stone_pickaxe":3,"minecraft:chest":12,"minecraft:stone_hoe":1,"minecraft:cooked_beef":35,"biomesoplenty:jacaranda_planks":744,"minecraft:cooked_porkchop":4,"occultism:silver_ingot":18,"minecraft:crafting_table":1,"travelersbackpack:backpack_tank":2,"minecraft:wooden_pickaxe":1,"minecraft:iron_helmet":1,"travelersbackpack:standard":1,"minecraft:copper_ingot":8,"minecraft:stone_axe":3,"biomesoplenty:jacaranda_slab":1122,"minecraft:air":0,"biomesoplenty:jacaranda_fence":48,"minecraft:iron_chestplate":1,"minecraft:stick":24,"minecraft:iron_ingot":88,"minecraft:iron_pickaxe":2,"minecraft:iron_shovel":1,"minecraft:iron_leggings":1,"minecraft:gold_ingot":3,"minecraft:torch":80,"create:zinc_ingot":5,"minecraft:shears":1}},"DataVersion":3465}