{"stats":{"minecraft:custom":{"minecraft:interact_with_crafting_table":94,"minecraft:open_barrel":24,"minecraft:leave_game":23,"minecraft:time_since_death":45075,"minecraft:sprint_one_cm":988710,"minecraft:drop":62,"minecraft:play_time":490933,"minecraft:deaths":2,"minecraft:jump":6905,"minecraft:walk_on_water_one_cm":57443,"minecraft:enchant_item":5,"minecraft:interact_with_furnace":191,"minecraft:interact_with_loom":32,"minecraft:sleep_in_bed":10,"minecraft:damage_dealt":21351,"minecraft:crouch_one_cm":246774,"minecraft:horse_one_cm":908858,"minecraft:mob_kills":123,"minecraft:damage_dealt_resisted":142,"minecraft:climb_one_cm":5216,"minecraft:walk_one_cm":581779,"minecraft:sneak_time":69588,"minecraft:walk_under_water_one_cm":20560,"minecraft:boat_one_cm":400528,"minecraft:total_world_time":490933,"minecraft:time_since_rest":45142,"minecraft:damage_taken":3939,"minecraft:swim_one_cm":52824,"minecraft:fly_one_cm":1490297,"minecraft:open_chest":518,"minecraft:fall_one_cm":199094},"minecraft:dropped":{"minecraft:candle":1,"minecraft:baked_potato":20,"minecraft:crafting_table":1,"minecraft:cracked_deepslate_tiles":1,"alexscaves:cave_map":1,"minecraft:dark_oak_planks":1,"minecraft:bone":1,"minecraft:gravel":64,"alexsmobs:animal_dictionary":1,"minecraft:cobbled_deepslate":714,"alexscaves:cave_tablet":7,"minecraft:wheat":6,"minecraft:oak_planks":5,"minecraft:azure_bluet":1,"minecraft:carrot":11,"minecraft:warped_planks":6,"minecraft:poppy":3,"minecraft:gunpowder":73,"minecraft:beef":9,"minecraft:glass":20,"minecraft:wheat_seeds":22,"minecraft:mossy_cobblestone":1,"biomesoplenty:lavender":4,"minecraft:feather":5,"alexscaves:spelunkery_table":1,"minecraft:granite":11,"minecraft:spruce_stairs":2,"minecraft:melon_slice":4,"minecraft:potion":1,"minecraft:iron_axe":1,"minecraft:string":8,"create:raw_zinc":2,"minecraft:dandelion":1,"minecraft:raw_copper":23,"minecraft:tuff":20,"alexscaves:cave_codex":1,"minecraft:spruce_fence":5,"minecraft:oak_sign":8,"minecraft:shears":1,"minecraft:filled_map":2,"minecraft:potato":20,"minecraft:andesite":2,"minecraft:spider_eye":1},"minecraft:broken":{"minecraft:stone_pickaxe":2,"minecraft:stone_axe":3,"minecraft:stone_shovel":1,"minecraft:wooden_pickaxe":1,"minecraft:iron_axe":2,"minecraft:iron_pickaxe":6},"minecraft:crafted":{"minecraft:oak_planks":124,"minecraft:cobblestone_slab":30,"minecraft:oak_sign":3,"minecraft:bookshelf":12,"minecraft:cooked_mutton":4,"minecraft:glass":32,"minecraft:diamond_leggings":1,"minecraft:iron_boots":1,"minecraft:chest":15,"minecraft:stone_hoe":1,"minecraft:raw_iron_block":15,"minecraft:cooked_porkchop":4,"biomesoplenty:jacaranda_planks":748,"minecraft:crafting_table":3,"minecraft:spruce_planks":20,"minecraft:iron_helmet":2,"minecraft:wooden_pickaxe":1,"minecraft:baked_potato":150,"travelersbackpack:standard":1,"minecraft:copper_ingot":36,"biomesoplenty:jacaranda_slab":1122,"biomesoplenty:jacaranda_fence":48,"minecraft:iron_chestplate":1,"minecraft:book":11,"minecraft:paper":21,"minecraft:diamond_pickaxe":1,"minecraft:stick":28,"minecraft:iron_ingot":117,"minecraft:iron_pickaxe":6,"minecraft:gold_ingot":20,"minecraft:shears":1,"minecraft:stone_shovel":1,"minecraft:furnace":3,"minecraft:bone_meal":12,"alexscaves:cave_map":1,"travelersbackpack:white_sleeping_bag":1,"minecraft:iron_axe":2,"minecraft:iron_hoe":1,"minecraft:stone_pickaxe":3,"minecraft:diamond_boots":1,"minecraft:dark_oak_planks":12,"minecraft:cooked_beef":61,"minecraft:coal_block":4,"minecraft:diamond_sword":1,"occultism:silver_ingot":18,"minecraft:enchanting_table":1,"travelersbackpack:backpack_tank":2,"luckytntmod:uranium_ingot":7,"minecraft:stone_axe":4,"minecraft:air":0,"minecraft:oak_boat":1,"minecraft:iron_shovel":1,"minecraft:iron_leggings":1,"minecraft:torch":80,"create:zinc_ingot":24,"minecraft:diamond_chestplate":1},"minecraft:killed":{"alexsmobs:lobster":2,"minecraft:spider":1,"minecraft:dolphin":1,"minecraft:skeleton":10,"minecraft:silverfish":1,"minecraft:pig":2,"alexsmobs:seal":6,"minecraft:creeper":5,"minecraft:sheep":3,"minecraft:zombie":22,"enemyexpansion:vampire":2,"enemyexpansion:botfly":5,"alexsmobs:fly":3,"minecraft:cow":20,"enemyexpansion:trollenraged":1,"alexsmobs:raccoon":2,"enemyexpansion:intruder":1,"alexsmobs:seagull":6,"enemyexpansion:direwolf":1,"minecraft:phantom":2,"minecraft:horse":3,"enemyexpansion:faller":1,"alexsmobs:bison":7,"alexsmobs:flying_fish":1,"minecraft:husk":8,"enemyexpansion:crawler":1,"enemyexpansion:huntsman":1,"alexsmobs:crow":4},"minecraft:used":{"minecraft:iron_shovel":222,"minecraft:chest":24,"minecraft:rotten_flesh":2,"minecraft:tuff":1,"minecraft:glass":18,"minecraft:lava_bucket":1,"minecraft:coal_ore":34,"minecraft:lantern":1,"biomesoplenty:jacaranda_sapling":31,"minecraft:furnace":16,"minecraft:potato":123,"biomesoplenty:jacaranda_fence":39,"minecraft:diorite":14,"minecraft:stone_pickaxe":276,"minecraft:oak_planks":135,"occultism:datura_seeds":6,"minecraft:wooden_pickaxe":59,"minecraft:sugar_cane":16,"alexscaves:cave_book":21,"minecraft:shears":234,"biomesoplenty:jacaranda_planks":22,"minecraft:diamond_sword":98,"minecraft:andesite":1,"minecraft:oak_boat":6,"biomesoplenty:jacaranda_leaves":82,"minecraft:bone_meal":12,"minecraft:experience_bottle":2,"minecraft:enchanting_table":3,"minecraft:redstone_ore":16,"minecraft:stone_shovel":134,"minecraft:stone_hoe":49,"minecraft:torch":126,"minecraft:dirt":155,"minecraft:spruce_fence":2,"minecraft:granite":23,"biomesoplenty:jacaranda_slab":1186,"minecraft:iron_hoe":235,"minecraft:dark_oak_planks":11,"alexsmobs:maggot":1,"minecraft:bookshelf":12,"minecraft:iron_axe":423,"minecraft:bamboo":12,"alexscaves:spelunkery_table":2,"alexsmobs:lobster_bucket":1,"minecraft:cooked_beef":38,"minecraft:cobbled_deepslate":61,"minecraft:cooked_mutton":4,"minecraft:water_bucket":82,"minecraft:iron_ore":12,"minecraft:lead":1,"minecraft:baked_potato":27,"minecraft:cobblestone_slab":36,"minecraft:crafting_table":26,"occultism:datura":1,"minecraft:oak_log":1,"minecraft:diamond_pickaxe":731,"minecraft:iron_pickaxe":1501,"minecraft:map":2,"minecraft:spruce_sapling":5,"minecraft:stone_axe":419,"minecraft:cobblestone":506,"travelersbackpack:standard":20,"minecraft:cooked_porkchop":4,"minecraft:bucket":82,"alexsmobs:animal_dictionary":3,"minecraft:gray_wool":140,"minecraft:soul_torch":4},"minecraft:mined":{"create:deepslate_zinc_ore":13,"minecraft:spruce_planks":3,"minecraft:sculk_vein":3,"minecraft:obsidian":4,"minecraft:granite":81,"minecraft:grass_block":22,"minecraft:coal_block":2,"occultism:datura":2,"minecraft:oak_wall_sign":1,"minecraft:spawner":1,"luckytntmod:deepslate_uranium_ore":7,"biomesoplenty:tall_lavender":3,"minecraft:iron_ore":261,"minecraft:cobbled_deepslate":1,"minecraft:turtle_egg":2,"biomesoplenty:lavender":32,"minecraft:anvil":1,"minecraft:deepslate_lapis_ore":4,"minecraft:stripped_dark_oak_wood":2,"minecraft:azure_bluet":1,"minecraft:enchanting_table":2,"occultism:silver_ore":14,"biomesoplenty:jacaranda_leaves":97,"minecraft:deepslate_redstone_ore":46,"minecraft:smoker":1,"minecraft:red_bed":1,"minecraft:kelp_plant":1,"biomesoplenty:jacaranda_planks":18,"biomesoplenty:jacaranda_slab":118,"minecraft:torch":27,"minecraft:blast_furnace":4,"minecraft:melon":34,"minecraft:chest":10,"minecraft:cobblestone":45,"minecraft:white_candle":1,"minecraft:sugar_cane":33,"minecraft:oak_planks":136,"minecraft:bricks":1,"minecraft:wall_torch":19,"minecraft:stone_stairs":1,"minecraft:warped_planks":6,"minecraft:wheat":5,"minecraft:jukebox":3,"minecraft:tnt":3,"minecraft:grass":41,"minecraft:cracked_deepslate_tiles":1,"minecraft:oak_log":33,"minecraft:sand":35,"minecraft:dirt":169,"minecraft:oak_leaves":2,"minecraft:deepslate":935,"create:zinc_ore":12,"alexscaves:spelunkery_table":2,"minecraft:tuff":109,"minecraft:mossy_cobblestone":1,"minecraft:deepslate_diamond_ore":26,"luckytntmod:deepslate_gunpowder_ore":4,"biomesoplenty:jacaranda_fence":7,"minecraft:spruce_fence":1,"minecraft:brick_stairs":1,"occultism:silver_ore_deepslate":4,"minecraft:spruce_leaves":2,"minecraft:kelp":36,"random_ore:deepslate_random_ore":5,"minecraft:hay_block":167,"biomesoplenty:jacaranda_log":201,"minecraft:redstone_ore":16,"minecraft:furnace":13,"minecraft:carrots":2,"minecraft:andesite":3,"minecraft:gold_block":2,"minecraft:bookshelf":4,"minecraft:potatoes":85,"minecraft:cobblestone_slab":4,"minecraft:deepslate_iron_ore":37,"minecraft:bamboo":17,"minecraft:stone":604,"minecraft:oak_slab":1,"minecraft:stripped_dark_oak_log":3,"minecraft:dandelion":1,"travelersbackpack:standard":11,"minecraft:crafting_table":25,"minecraft:cornflower":1,"minecraft:sculk_sensor":3,"minecraft:tall_grass":4,"minecraft:copper_ore":5,"minecraft:dried_kelp_block":67,"minecraft:deepslate_gold_ore":20,"minecraft:sculk":8,"minecraft:diorite":48,"minecraft:spruce_stairs":3,"minecraft:gray_wool":142,"minecraft:red_terracotta":2,"minecraft:spruce_log":5,"minecraft:black_wool":1,"minecraft:coal_ore":121,"minecraft:gravel":161,"luckytntmod:gunpowder_ore":42},"minecraft:killed_by":{"alexsmobs:bison":1},"minecraft:picked_up":{"minecraft:wheat":6,"minecraft:anvil":1,"minecraft:lead":5,"minecraft:enchanted_book":4,"minecraft:potion":2,"minecraft:string":9,"minecraft:raw_copper":59,"minecraft:iron_leggings":1,"biomesoplenty:tall_lavender":2,"minecraft:experience_bottle":2,"minecraft:oak_sign":5,"minecraft:cobbled_deepslate":914,"minecraft:cobblestone_slab":6,"minecraft:melon_slice":183,"minecraft:coal_block":2,"minecraft:furnace":13,"minecraft:stick":84,"minecraft:jukebox":3,"minecraft:torch":47,"minecraft:spruce_stairs":2,"minecraft:porkchop":4,"minecraft:diorite":48,"minecraft:warped_planks":6,"minecraft:rotten_flesh":21,"occultism:datura":1,"minecraft:obsidian":4,"alexsmobs:flying_fish":3,"minecraft:cobblestone":646,"biomesoplenty:lavender":42,"minecraft:enchanting_table":2,"occultism:datura_seeds":6,"minecraft:feather":5,"minecraft:cooked_beef":8,"minecraft:andesite":5,"minecraft:smoker":1,"minecraft:tuff":109,"alexsmobs:bison_fur":5,"minecraft:potato":303,"minecraft:flint":17,"create:raw_zinc":26,"minecraft:dirt":190,"minecraft:lapis_lazuli":40,"minecraft:lantern":1,"minecraft:disc_fragment_5":4,"minecraft:bone":16,"minecraft:glass":20,"minecraft:wheat_seeds":23,"minecraft:raw_gold":20,"minecraft:bamboo":86,"minecraft:oak_planks":141,"minecraft:sand":34,"minecraft:ink_sac":6,"alexsmobs:animal_dictionary":1,"minecraft:mossy_cobblestone":1,"minecraft:white_candle":1,"minecraft:diamond":26,"minecraft:polished_blackstone_pressure_plate":1,"minecraft:granite":85,"minecraft:emerald":6,"alexsmobs:maggot":4,"minecraft:oak_sapling":15,"minecraft:crafting_table":25,"minecraft:azure_bluet":1,"occultism:raw_silver":18,"minecraft:gold_block":2,"biomesoplenty:jacaranda_sapling":103,"minecraft:diamond_horse_armor":3,"minecraft:cornflower":1,"biomesoplenty:jacaranda_fence":7,"minecraft:red_bed":1,"minecraft:iron_axe":1,"minecraft:compass":1,"biomesoplenty:jacaranda_slab":118,"minecraft:candle":2,"minecraft:echo_shard":3,"minecraft:beef":103,"minecraft:oak_boat":6,"minecraft:poppy":3,"minecraft:chest":10,"minecraft:sugar_cane":57,"minecraft:diamond_hoe":1,"minecraft:egg":3,"minecraft:raw_iron":357,"minecraft:spruce_fence":1,"minecraft:carrot":7,"minecraft:redstone":282,"luckytntmod:deepslate_uranium_ore":7,"minecraft:tnt":3,"minecraft:arrow":9,"biomesoplenty:jacaranda_log":201,"minecraft:hay_block":167,"alexscaves:spelunkery_table":2,"minecraft:stripped_dark_oak_wood":1,"minecraft:saddle":2,"minecraft:mutton":4,"minecraft:white_wool":3,"minecraft:cracked_deepslate_tiles":1,"minecraft:leather":21,"minecraft:filled_map":1,"minecraft:oak_log":32,"biomesoplenty:jacaranda_planks":29,"minecraft:gunpowder":183,"minecraft:apple":3,"minecraft:kelp":39,"minecraft:iron_ingot":46,"minecraft:book":15,"minecraft:sculk_catalyst":1,"minecraft:oak_slab":1,"enemyexpansion:phantom_eye":1,"minecraft:dandelion":1,"minecraft:gravel":150,"minecraft:spruce_sapling":1,"minecraft:blast_furnace":4,"minecraft:spruce_log":5,"biomesoplenty:jacaranda_leaves":92,"minecraft:spider_eye":1,"biomesoplenty:flowering_oak_sapling":1,"travelersbackpack:standard":11,"minecraft:dried_kelp_block":67,"minecraft:gray_wool":140,"alexscaves:cave_map":1,"minecraft:baked_potato":20,"minecraft:stripped_dark_oak_log":3,"minecraft:coal":327}},"DataVersion":3465}