{"stats":{"minecraft:mined":{"biomesoplenty:jacaranda_leaves":1,"minecraft:tuff":1,"minecraft:kelp_plant":1,"biomesoplenty:jacaranda_planks":7,"biomesoplenty:jacaranda_slab":18,"minecraft:sculk_vein":1,"luckytntmod:deepslate_gunpowder_ore":2,"travelersbackpack:standard":1,"minecraft:crafting_table":16,"minecraft:torch":10,"minecraft:granite":43,"minecraft:grass_block":5,"minecraft:chest":2,"occultism:silver_ore_deepslate":4,"minecraft:copper_ore":2,"minecraft:tall_grass":3,"minecraft:deepslate_gold_ore":3,"minecraft:sculk":3,"minecraft:kelp":7,"random_ore:deepslate_random_ore":1,"minecraft:diorite":10,"minecraft:wall_torch":5,"biomesoplenty:jacaranda_log":113,"biomesoplenty:tall_lavender":2,"minecraft:furnace":13,"minecraft:iron_ore":92,"biomesoplenty:lavender":30,"minecraft:andesite":2,"minecraft:grass":32,"minecraft:coal_ore":84,"minecraft:oak_log":13,"minecraft:deepslate_iron_ore":33,"minecraft:sand":35,"minecraft:dirt":71,"occultism:silver_ore":10,"minecraft:stone":290,"minecraft:oak_leaves":2,"minecraft:deepslate":18,"create:zinc_ore":5},"minecraft:used":{"minecraft:cooked_mutton":4,"minecraft:stone_pickaxe":276,"minecraft:stone_shovel":89,"minecraft:wooden_pickaxe":59,"minecraft:chest":2,"minecraft:rotten_flesh":2,"minecraft:torch":69,"minecraft:dirt":66,"minecraft:crafting_table":16,"biomesoplenty:jacaranda_planks":9,"minecraft:tuff":1,"biomesoplenty:jacaranda_slab":612,"minecraft:granite":8,"minecraft:iron_pickaxe":304,"biomesoplenty:jacaranda_sapling":28,"minecraft:stone_axe":246,"minecraft:cobblestone":131,"travelersbackpack:standard":2,"minecraft:furnace":13,"minecraft:cooked_porkchop":4,"alexsmobs:animal_dictionary":1,"minecraft:bone_meal":12,"minecraft:cooked_beef":11,"minecraft:cobbled_deepslate":18},"minecraft:broken":{"minecraft:stone_pickaxe":2,"minecraft:stone_axe":2,"minecraft:iron_pickaxe":1,"minecraft:wooden_pickaxe":1},"minecraft:dropped":{"minecraft:wheat_seeds":6,"alexsmobs:animal_dictionary":1,"minecraft:andesite":2,"minecraft:spider_eye":1,"minecraft:glass":20},"minecraft:custom":{"minecraft:interact_with_furnace":72,"minecraft:mob_kills":36,"minecraft:interact_with_crafting_table":40,"minecraft:leave_game":7,"minecraft:time_since_death":96209,"minecraft:time_since_rest":96209,"minecraft:sprint_one_cm":252078,"minecraft:damage_taken":1102,"minecraft:walk_one_cm":142996,"minecraft:drop":6,"minecraft:damage_dealt":6119,"minecraft:swim_one_cm":9238,"minecraft:fly_one_cm":501929,"minecraft:play_time":96209,"minecraft:open_chest":6,"minecraft:crouch_one_cm":38912,"minecraft:sneak_time":13677,"minecraft:walk_under_water_one_cm":6463,"minecraft:jump":2233,"minecraft:walk_on_water_one_cm":29967,"minecraft:total_world_time":96209,"minecraft:fall_one_cm":76871},"minecraft:killed":{"minecraft:pig":2,"alexsmobs:raccoon":2,"minecraft:spider":1,"alexsmobs:seal":2,"minecraft:dolphin":1,"minecraft:creeper":1,"minecraft:horse":3,"minecraft:sheep":3,"enemyexpansion:crawler":1,"minecraft:skeleton":3,"minecraft:zombie":9,"alexsmobs:bison":4,"alexsmobs:fly":1,"alexsmobs:flying_fish":1,"minecraft:cow":2},"minecraft:picked_up":{"biomesoplenty:lavender":30,"minecraft:crafting_table":16,"minecraft:cooked_beef":8,"minecraft:andesite":4,"minecraft:leather":6,"occultism:raw_silver":14,"alexsmobs:bison_fur":5,"biomesoplenty:jacaranda_sapling":64,"minecraft:tuff":1,"create:raw_zinc":5,"minecraft:oak_log":13,"biomesoplenty:jacaranda_planks":18,"minecraft:gunpowder":11,"minecraft:lapis_lazuli":12,"minecraft:string":1,"minecraft:dirt":74,"minecraft:raw_copper":8,"biomesoplenty:tall_lavender":1,"minecraft:glass":20,"minecraft:bone":4,"biomesoplenty:jacaranda_slab":18,"minecraft:kelp":13,"minecraft:wheat_seeds":6,"minecraft:cobbled_deepslate":18,"minecraft:raw_gold":3,"minecraft:iron_ingot":46,"minecraft:beef":45,"minecraft:chest":2,"minecraft:furnace":13,"minecraft:stick":59,"minecraft:raw_iron":179,"minecraft:torch":15,"minecraft:porkchop":4,"minecraft:sand":34,"minecraft:ink_sac":3,"minecraft:diorite":10,"minecraft:spider_eye":1,"alexsmobs:animal_dictionary":1,"travelersbackpack:standard":1,"minecraft:arrow":4,"minecraft:rotten_flesh":12,"biomesoplenty:jacaranda_log":113,"minecraft:granite":36,"alexsmobs:maggot":2,"minecraft:oak_sapling":6,"minecraft:mutton":4,"minecraft:coal":251,"alexsmobs:flying_fish":3,"minecraft:white_wool":3,"minecraft:cobblestone":290},"minecraft:crafted":{"minecraft:cooked_beef":23,"minecraft:oak_planks":52,"minecraft:stone_shovel":1,"biomesoplenty:jacaranda_planks":452,"minecraft:cooked_porkchop":4,"occultism:silver_ingot":9,"minecraft:crafting_table":1,"travelersbackpack:backpack_tank":2,"travelersbackpack:standard":1,"minecraft:iron_helmet":1,"minecraft:wooden_pickaxe":1,"minecraft:furnace":3,"minecraft:bone_meal":12,"minecraft:stone_axe":3,"biomesoplenty:jacaranda_slab":720,"minecraft:cooked_mutton":4,"minecraft:air":0,"minecraft:glass":32,"travelersbackpack:white_sleeping_bag":1,"minecraft:iron_boots":1,"minecraft:iron_chestplate":1,"minecraft:stick":24,"minecraft:iron_ingot":39,"minecraft:iron_pickaxe":2,"minecraft:stone_pickaxe":3,"minecraft:chest":3,"minecraft:gold_ingot":3,"minecraft:iron_leggings":1,"minecraft:torch":56}},"DataVersion":3465}