{"stats":{"minecraft:custom":{"minecraft:mob_kills":97,"minecraft:interact_with_crafting_table":88,"minecraft:open_barrel":4,"minecraft:damage_dealt_resisted":142,"minecraft:leave_game":21,"minecraft:time_since_death":19297,"minecraft:climb_one_cm":1328,"minecraft:sprint_one_cm":820789,"minecraft:walk_one_cm":494485,"minecraft:drop":36,"minecraft:play_time":408187,"minecraft:sneak_time":65281,"minecraft:deaths":1,"minecraft:walk_under_water_one_cm":15915,"minecraft:boat_one_cm":180,"minecraft:jump":6131,"minecraft:walk_on_water_one_cm":50262,"minecraft:enchant_item":5,"minecraft:total_world_time":408187,"minecraft:interact_with_furnace":189,"minecraft:interact_with_loom":32,"minecraft:sleep_in_bed":9,"minecraft:time_since_rest":1914,"minecraft:damage_taken":3554,"minecraft:damage_dealt":16092,"minecraft:swim_one_cm":22659,"minecraft:fly_one_cm":1292562,"minecraft:crouch_one_cm":227724,"minecraft:open_chest":474,"minecraft:fall_one_cm":183121,"minecraft:horse_one_cm":908858},"minecraft:dropped":{"minecraft:candle":1,"minecraft:wheat_seeds":6,"minecraft:baked_potato":20,"minecraft:crafting_table":1,"biomesoplenty:lavender":4,"alexscaves:spelunkery_table":1,"minecraft:granite":11,"minecraft:cracked_deepslate_tiles":1,"minecraft:iron_axe":1,"minecraft:string":8,"create:raw_zinc":2,"minecraft:cobbled_deepslate":714,"alexsmobs:animal_dictionary":1,"minecraft:raw_copper":23,"alexscaves:cave_tablet":7,"minecraft:oak_planks":5,"alexscaves:cave_codex":1,"minecraft:oak_sign":1,"minecraft:shears":1,"minecraft:andesite":2,"minecraft:spider_eye":1,"minecraft:glass":20},"minecraft:broken":{"minecraft:wooden_pickaxe":1,"minecraft:stone_pickaxe":2,"minecraft:iron_axe":2,"minecraft:stone_axe":3,"minecraft:iron_pickaxe":6,"minecraft:stone_shovel":1},"minecraft:crafted":{"minecraft:oak_planks":120,"minecraft:cobblestone_slab":30,"minecraft:stone_shovel":1,"minecraft:oak_sign":3,"minecraft:furnace":3,"minecraft:bone_meal":12,"minecraft:bookshelf":12,"alexscaves:cave_map":1,"minecraft:cooked_mutton":4,"minecraft:glass":32,"travelersbackpack:white_sleeping_bag":1,"minecraft:diamond_leggings":1,"minecraft:iron_boots":1,"minecraft:iron_axe":2,"minecraft:stone_pickaxe":3,"minecraft:diamond_boots":1,"minecraft:chest":15,"minecraft:stone_hoe":1,"minecraft:cooked_beef":61,"minecraft:diamond_sword":1,"biomesoplenty:jacaranda_planks":748,"minecraft:cooked_porkchop":4,"occultism:silver_ingot":18,"minecraft:crafting_table":2,"minecraft:enchanting_table":1,"minecraft:spruce_planks":20,"minecraft:baked_potato":150,"travelersbackpack:backpack_tank":2,"travelersbackpack:standard":1,"luckytntmod:uranium_ingot":7,"minecraft:wooden_pickaxe":1,"minecraft:iron_helmet":2,"minecraft:copper_ingot":36,"minecraft:stone_axe":3,"biomesoplenty:jacaranda_slab":1122,"minecraft:air":0,"biomesoplenty:jacaranda_fence":48,"minecraft:oak_boat":1,"minecraft:book":11,"minecraft:iron_chestplate":1,"minecraft:paper":21,"minecraft:diamond_pickaxe":1,"minecraft:stick":24,"minecraft:iron_ingot":117,"minecraft:iron_pickaxe":6,"minecraft:gold_ingot":20,"minecraft:iron_shovel":1,"minecraft:iron_leggings":1,"minecraft:torch":80,"create:zinc_ingot":24,"minecraft:shears":1,"minecraft:diamond_chestplate":1},"minecraft:used":{"minecraft:enchanting_table":3,"minecraft:iron_shovel":222,"minecraft:stone_shovel":134,"minecraft:chest":24,"minecraft:rotten_flesh":2,"minecraft:stone_hoe":49,"minecraft:torch":126,"minecraft:dirt":155,"minecraft:tuff":1,"biomesoplenty:jacaranda_slab":1186,"minecraft:granite":23,"minecraft:spruce_fence":2,"minecraft:glass":18,"alexsmobs:maggot":1,"minecraft:lava_bucket":1,"minecraft:bookshelf":12,"minecraft:iron_axe":423,"minecraft:bamboo":12,"biomesoplenty:jacaranda_sapling":31,"alexscaves:spelunkery_table":2,"alexsmobs:lobster_bucket":1,"minecraft:furnace":16,"minecraft:potato":123,"minecraft:cooked_beef":38,"biomesoplenty:jacaranda_fence":39,"minecraft:cobbled_deepslate":61,"minecraft:cooked_mutton":4,"minecraft:water_bucket":71,"minecraft:diorite":14,"minecraft:baked_potato":16,"minecraft:lead":1,"occultism:datura_seeds":6,"minecraft:oak_planks":135,"minecraft:stone_pickaxe":276,"minecraft:sugar_cane":16,"minecraft:wooden_pickaxe":59,"minecraft:cobblestone_slab":36,"minecraft:crafting_table":23,"alexscaves:cave_book":21,"occultism:datura":1,"minecraft:shears":234,"biomesoplenty:jacaranda_planks":22,"minecraft:oak_log":1,"minecraft:diamond_pickaxe":465,"minecraft:iron_pickaxe":1501,"minecraft:spruce_sapling":5,"minecraft:stone_axe":363,"minecraft:diamond_sword":26,"minecraft:cobblestone":464,"travelersbackpack:standard":20,"minecraft:cooked_porkchop":4,"minecraft:andesite":1,"minecraft:bucket":74,"biomesoplenty:jacaranda_leaves":82,"minecraft:oak_boat":1,"alexsmobs:animal_dictionary":3,"minecraft:gray_wool":140,"minecraft:bone_meal":12,"minecraft:experience_bottle":2,"minecraft:soul_torch":4},"minecraft:killed":{"enemyexpansion:trollenraged":1,"alexsmobs:lobster":2,"alexsmobs:raccoon":2,"enemyexpansion:intruder":1,"minecraft:spider":1,"alexsmobs:seagull":1,"minecraft:dolphin":1,"enemyexpansion:direwolf":1,"minecraft:phantom":2,"minecraft:horse":3,"minecraft:skeleton":8,"enemyexpansion:faller":1,"minecraft:silverfish":1,"alexsmobs:bison":7,"alexsmobs:flying_fish":1,"minecraft:pig":2,"alexsmobs:seal":6,"minecraft:creeper":5,"minecraft:sheep":3,"enemyexpansion:crawler":1,"minecraft:zombie":19,"enemyexpansion:vampire":2,"enemyexpansion:botfly":5,"enemyexpansion:huntsman":1,"alexsmobs:fly":3,"minecraft:cow":16},"minecraft:mined":{"create:zinc_ore":12,"alexscaves:spelunkery_table":2,"create:deepslate_zinc_ore":13,"minecraft:tuff":109,"minecraft:deepslate_diamond_ore":26,"minecraft:sculk_vein":3,"luckytntmod:deepslate_gunpowder_ore":4,"biomesoplenty:jacaranda_fence":7,"minecraft:obsidian":4,"minecraft:granite":81,"minecraft:grass_block":22,"occultism:silver_ore_deepslate":4,"minecraft:spruce_leaves":2,"occultism:datura":2,"minecraft:kelp":36,"random_ore:deepslate_random_ore":5,"minecraft:oak_wall_sign":1,"luckytntmod:deepslate_uranium_ore":7,"biomesoplenty:jacaranda_log":201,"biomesoplenty:tall_lavender":3,"minecraft:furnace":13,"minecraft:iron_ore":121,"minecraft:cobbled_deepslate":1,"biomesoplenty:lavender":32,"minecraft:andesite":3,"minecraft:deepslate_lapis_ore":4,"minecraft:enchanting_table":2,"minecraft:bookshelf":4,"minecraft:potatoes":79,"minecraft:deepslate_iron_ore":37,"minecraft:cobblestone_slab":4,"occultism:silver_ore":14,"minecraft:bamboo":17,"minecraft:stone":584,"biomesoplenty:jacaranda_leaves":97,"minecraft:deepslate_redstone_ore":46,"minecraft:oak_slab":1,"minecraft:kelp_plant":1,"biomesoplenty:jacaranda_planks":18,"biomesoplenty:jacaranda_slab":118,"travelersbackpack:standard":11,"minecraft:crafting_table":22,"minecraft:torch":27,"minecraft:chest":10,"minecraft:sculk_sensor":3,"minecraft:copper_ore":5,"minecraft:tall_grass":4,"minecraft:cobblestone":43,"minecraft:white_candle":1,"minecraft:deepslate_gold_ore":20,"minecraft:oak_planks":136,"minecraft:sugar_cane":25,"minecraft:sculk":8,"minecraft:diorite":46,"minecraft:wall_torch":19,"minecraft:gray_wool":142,"minecraft:spruce_log":5,"minecraft:tnt":3,"minecraft:cracked_deepslate_tiles":1,"minecraft:grass":38,"minecraft:coal_ore":87,"minecraft:oak_log":31,"minecraft:gravel":161,"minecraft:sand":35,"minecraft:dirt":169,"minecraft:oak_leaves":2,"minecraft:deepslate":935,"luckytntmod:gunpowder_ore":23},"minecraft:killed_by":{"alexsmobs:bison":1},"minecraft:picked_up":{"minecraft:crafting_table":22,"minecraft:lead":5,"occultism:raw_silver":18,"biomesoplenty:jacaranda_sapling":103,"minecraft:potion":1,"minecraft:enchanted_book":4,"minecraft:diamond_horse_armor":3,"minecraft:string":9,"biomesoplenty:jacaranda_fence":7,"minecraft:raw_copper":59,"minecraft:iron_axe":1,"minecraft:iron_leggings":1,"biomesoplenty:tall_lavender":2,"minecraft:compass":1,"minecraft:experience_bottle":2,"minecraft:oak_sign":1,"biomesoplenty:jacaranda_slab":118,"minecraft:candle":2,"minecraft:cobbled_deepslate":914,"minecraft:beef":94,"minecraft:echo_shard":3,"minecraft:oak_boat":1,"minecraft:cobblestone_slab":6,"minecraft:sugar_cane":39,"minecraft:chest":10,"minecraft:diamond_hoe":1,"minecraft:furnace":13,"minecraft:egg":3,"minecraft:raw_iron":217,"minecraft:stick":84,"minecraft:torch":47,"minecraft:porkchop":4,"minecraft:diorite":46,"minecraft:redstone":211,"luckytntmod:deepslate_uranium_ore":7,"minecraft:tnt":3,"minecraft:arrow":9,"minecraft:rotten_flesh":21,"biomesoplenty:jacaranda_log":201,"alexscaves:spelunkery_table":2,"occultism:datura":1,"minecraft:saddle":2,"minecraft:obsidian":4,"minecraft:mutton":4,"minecraft:white_wool":3,"alexsmobs:flying_fish":3,"minecraft:cobblestone":626,"minecraft:cracked_deepslate_tiles":1,"biomesoplenty:lavender":42,"minecraft:enchanting_table":2,"occultism:datura_seeds":6,"minecraft:cooked_beef":8,"minecraft:andesite":5,"minecraft:leather":15,"minecraft:potato":283,"minecraft:flint":17,"alexsmobs:bison_fur":5,"minecraft:tuff":109,"create:raw_zinc":26,"minecraft:oak_log":31,"biomesoplenty:jacaranda_planks":29,"minecraft:gunpowder":110,"minecraft:lapis_lazuli":40,"minecraft:dirt":190,"minecraft:disc_fragment_5":4,"minecraft:glass":20,"minecraft:bone":13,"minecraft:apple":3,"minecraft:kelp":39,"minecraft:wheat_seeds":7,"minecraft:raw_gold":20,"minecraft:iron_ingot":46,"minecraft:bamboo":86,"minecraft:oak_planks":141,"minecraft:book":15,"minecraft:sculk_catalyst":1,"minecraft:oak_slab":1,"enemyexpansion:phantom_eye":1,"minecraft:gravel":150,"minecraft:sand":34,"minecraft:spruce_sapling":1,"minecraft:ink_sac":6,"minecraft:spruce_log":5,"biomesoplenty:jacaranda_leaves":92,"minecraft:spider_eye":1,"alexsmobs:animal_dictionary":1,"biomesoplenty:flowering_oak_sapling":1,"travelersbackpack:standard":11,"minecraft:white_candle":1,"minecraft:diamond":26,"minecraft:granite":85,"minecraft:gray_wool":140,"minecraft:emerald":6,"alexsmobs:maggot":4,"minecraft:baked_potato":20,"minecraft:oak_sapling":15,"minecraft:coal":293}},"DataVersion":3465}