{"stats":{"minecraft:mined":{"create:zinc_ore":12,"alexscaves:spelunkery_table":1,"minecraft:tuff":38,"minecraft:deepslate_diamond_ore":11,"minecraft:sculk_vein":3,"luckytntmod:deepslate_gunpowder_ore":2,"biomesoplenty:jacaranda_fence":7,"minecraft:granite":81,"minecraft:grass_block":22,"occultism:silver_ore_deepslate":4,"minecraft:spruce_leaves":2,"minecraft:kelp":36,"random_ore:deepslate_random_ore":1,"biomesoplenty:jacaranda_log":201,"biomesoplenty:tall_lavender":3,"minecraft:furnace":13,"minecraft:iron_ore":121,"biomesoplenty:lavender":31,"minecraft:andesite":3,"minecraft:deepslate_lapis_ore":4,"minecraft:bookshelf":3,"minecraft:potatoes":41,"minecraft:deepslate_iron_ore":37,"minecraft:cobblestone_slab":4,"occultism:silver_ore":14,"minecraft:bamboo":17,"minecraft:stone":584,"biomesoplenty:jacaranda_leaves":96,"minecraft:deepslate_redstone_ore":16,"minecraft:oak_slab":1,"minecraft:kelp_plant":1,"biomesoplenty:jacaranda_planks":18,"biomesoplenty:jacaranda_slab":118,"travelersbackpack:standard":8,"minecraft:crafting_table":21,"minecraft:torch":22,"minecraft:chest":10,"minecraft:sculk_sensor":3,"minecraft:copper_ore":5,"minecraft:tall_grass":4,"minecraft:cobblestone":28,"minecraft:white_candle":1,"minecraft:deepslate_gold_ore":13,"minecraft:oak_planks":126,"minecraft:sugar_cane":13,"minecraft:sculk":8,"minecraft:diorite":46,"minecraft:wall_torch":18,"minecraft:gray_wool":142,"minecraft:spruce_log":5,"minecraft:cracked_deepslate_tiles":1,"minecraft:grass":37,"minecraft:oak_log":29,"minecraft:coal_ore":87,"minecraft:gravel":106,"minecraft:sand":35,"minecraft:dirt":157,"luckytntmod:gunpowder_ore":23,"minecraft:oak_leaves":2,"minecraft:deepslate":449},"minecraft:broken":{"minecraft:wooden_pickaxe":1,"minecraft:stone_pickaxe":2,"minecraft:iron_axe":1,"minecraft:stone_axe":3,"minecraft:iron_pickaxe":5,"minecraft:stone_shovel":1},"minecraft:used":{"minecraft:iron_shovel":152,"minecraft:stone_shovel":134,"minecraft:chest":24,"minecraft:stone_hoe":49,"minecraft:rotten_flesh":2,"minecraft:torch":114,"minecraft:dirt":143,"minecraft:tuff":1,"biomesoplenty:jacaranda_slab":1186,"minecraft:granite":23,"minecraft:glass":18,"alexsmobs:maggot":1,"minecraft:lava_bucket":1,"minecraft:iron_axe":366,"minecraft:bamboo":12,"alexscaves:spelunkery_table":1,"biomesoplenty:jacaranda_sapling":31,"alexsmobs:lobster_bucket":1,"minecraft:furnace":16,"minecraft:cooked_beef":33,"minecraft:potato":88,"biomesoplenty:jacaranda_fence":39,"minecraft:cobbled_deepslate":47,"minecraft:cooked_mutton":4,"minecraft:water_bucket":63,"minecraft:diorite":14,"occultism:datura_seeds":1,"minecraft:oak_planks":124,"minecraft:stone_pickaxe":276,"minecraft:wooden_pickaxe":59,"minecraft:cobblestone_slab":36,"minecraft:sugar_cane":16,"minecraft:crafting_table":22,"alexscaves:cave_book":13,"minecraft:shears":234,"biomesoplenty:jacaranda_planks":22,"minecraft:iron_pickaxe":1300,"minecraft:spruce_sapling":5,"minecraft:stone_axe":363,"minecraft:cobblestone":428,"travelersbackpack:standard":14,"minecraft:cooked_porkchop":4,"minecraft:andesite":1,"minecraft:bucket":66,"alexsmobs:animal_dictionary":3,"minecraft:gray_wool":140,"biomesoplenty:jacaranda_leaves":82,"minecraft:bone_meal":12,"minecraft:soul_torch":4,"minecraft:experience_bottle":2},"minecraft:custom":{"minecraft:mob_kills":63,"minecraft:interact_with_crafting_table":68,"minecraft:open_barrel":1,"minecraft:damage_dealt_resisted":142,"minecraft:leave_game":15,"minecraft:time_since_death":302862,"minecraft:climb_one_cm":946,"minecraft:sprint_one_cm":593326,"minecraft:walk_one_cm":373679,"minecraft:drop":11,"minecraft:play_time":302862,"minecraft:sneak_time":58094,"minecraft:walk_under_water_one_cm":14008,"minecraft:jump":4535,"minecraft:walk_on_water_one_cm":42045,"minecraft:total_world_time":302862,"minecraft:interact_with_furnace":131,"minecraft:interact_with_loom":14,"minecraft:sleep_in_bed":7,"minecraft:time_since_rest":19431,"minecraft:damage_taken":2520,"minecraft:damage_dealt":10740,"minecraft:swim_one_cm":20834,"minecraft:fly_one_cm":962911,"minecraft:crouch_one_cm":206832,"minecraft:open_chest":292,"minecraft:fall_one_cm":146652,"minecraft:horse_one_cm":367842},"minecraft:dropped":{"minecraft:candle":1,"minecraft:wheat_seeds":6,"minecraft:cracked_deepslate_tiles":1,"create:raw_zinc":2,"alexsmobs:animal_dictionary":1,"minecraft:cobbled_deepslate":8,"minecraft:shears":1,"minecraft:andesite":2,"minecraft:spider_eye":1,"minecraft:glass":20},"minecraft:killed":{"enemyexpansion:trollenraged":1,"alexsmobs:lobster":2,"alexsmobs:raccoon":2,"minecraft:spider":1,"minecraft:dolphin":1,"alexsmobs:seagull":1,"enemyexpansion:direwolf":1,"minecraft:phantom":2,"minecraft:skeleton":5,"minecraft:horse":3,"alexsmobs:bison":4,"alexsmobs:flying_fish":1,"minecraft:pig":2,"alexsmobs:seal":6,"minecraft:creeper":4,"minecraft:sheep":3,"enemyexpansion:crawler":1,"minecraft:zombie":10,"enemyexpansion:vampire":2,"enemyexpansion:huntsman":1,"alexsmobs:fly":3,"minecraft:cow":7},"minecraft:picked_up":{"minecraft:crafting_table":21,"minecraft:lead":1,"occultism:raw_silver":18,"biomesoplenty:jacaranda_sapling":103,"minecraft:potion":1,"minecraft:enchanted_book":4,"minecraft:diamond_horse_armor":3,"minecraft:string":1,"biomesoplenty:jacaranda_fence":7,"minecraft:raw_copper":25,"minecraft:iron_leggings":1,"biomesoplenty:tall_lavender":2,"minecraft:compass":1,"minecraft:experience_bottle":2,"biomesoplenty:jacaranda_slab":118,"minecraft:candle":2,"minecraft:cobbled_deepslate":445,"minecraft:beef":57,"minecraft:echo_shard":3,"minecraft:cobblestone_slab":6,"minecraft:sugar_cane":21,"minecraft:chest":10,"minecraft:furnace":13,"minecraft:diamond_hoe":1,"minecraft:egg":3,"minecraft:stick":84,"minecraft:raw_iron":212,"minecraft:torch":41,"minecraft:porkchop":4,"minecraft:diorite":46,"minecraft:redstone":72,"minecraft:arrow":6,"minecraft:rotten_flesh":14,"biomesoplenty:jacaranda_log":201,"alexscaves:spelunkery_table":1,"minecraft:saddle":2,"minecraft:mutton":4,"alexsmobs:flying_fish":3,"minecraft:white_wool":3,"minecraft:cobblestone":611,"minecraft:cracked_deepslate_tiles":1,"biomesoplenty:lavender":38,"occultism:datura_seeds":1,"minecraft:cooked_beef":8,"minecraft:andesite":5,"minecraft:leather":10,"minecraft:flint":8,"minecraft:potato":154,"alexsmobs:bison_fur":5,"minecraft:tuff":38,"create:raw_zinc":14,"minecraft:oak_log":29,"biomesoplenty:jacaranda_planks":29,"minecraft:gunpowder":110,"minecraft:lapis_lazuli":40,"minecraft:dirt":178,"minecraft:disc_fragment_5":4,"minecraft:glass":20,"minecraft:bone":11,"minecraft:apple":3,"minecraft:kelp":39,"minecraft:wheat_seeds":7,"minecraft:raw_gold":13,"minecraft:iron_ingot":46,"minecraft:bamboo":86,"minecraft:oak_planks":126,"minecraft:book":12,"minecraft:sculk_catalyst":1,"minecraft:oak_slab":1,"enemyexpansion:phantom_eye":1,"minecraft:gravel":94,"minecraft:sand":34,"minecraft:spruce_sapling":1,"minecraft:ink_sac":6,"minecraft:spruce_log":5,"biomesoplenty:jacaranda_leaves":92,"minecraft:spider_eye":1,"alexsmobs:animal_dictionary":1,"biomesoplenty:flowering_oak_sapling":1,"travelersbackpack:standard":8,"minecraft:white_candle":1,"minecraft:diamond":11,"minecraft:granite":74,"minecraft:gray_wool":140,"alexsmobs:maggot":4,"minecraft:oak_sapling":15,"minecraft:coal":269},"minecraft:crafted":{"minecraft:oak_planks":116,"minecraft:cobblestone_slab":30,"minecraft:stone_shovel":1,"minecraft:furnace":3,"minecraft:bone_meal":12,"minecraft:cooked_mutton":4,"minecraft:glass":32,"travelersbackpack:white_sleeping_bag":1,"minecraft:iron_boots":1,"minecraft:iron_axe":2,"minecraft:stone_pickaxe":3,"minecraft:chest":15,"minecraft:stone_hoe":1,"minecraft:cooked_beef":35,"biomesoplenty:jacaranda_planks":748,"minecraft:cooked_porkchop":4,"occultism:silver_ingot":18,"minecraft:crafting_table":2,"minecraft:spruce_planks":20,"minecraft:baked_potato":22,"travelersbackpack:backpack_tank":2,"minecraft:iron_helmet":1,"minecraft:wooden_pickaxe":1,"travelersbackpack:standard":1,"minecraft:copper_ingot":13,"minecraft:stone_axe":3,"biomesoplenty:jacaranda_slab":1122,"minecraft:air":0,"biomesoplenty:jacaranda_fence":48,"minecraft:iron_chestplate":1,"minecraft:stick":24,"minecraft:iron_ingot":105,"minecraft:iron_pickaxe":6,"minecraft:iron_leggings":1,"minecraft:iron_shovel":1,"minecraft:gold_ingot":13,"minecraft:torch":80,"create:zinc_ingot":8,"minecraft:shears":1}},"DataVersion":3465}