{"stats":{"minecraft:mined":{"create:zinc_ore":5,"minecraft:tuff":1,"minecraft:sculk_vein":1,"luckytntmod:deepslate_gunpowder_ore":2,"minecraft:granite":55,"minecraft:grass_block":20,"occultism:silver_ore_deepslate":4,"minecraft:kelp":33,"random_ore:deepslate_random_ore":1,"biomesoplenty:jacaranda_log":186,"biomesoplenty:tall_lavender":3,"minecraft:furnace":13,"minecraft:iron_ore":101,"biomesoplenty:lavender":31,"minecraft:andesite":2,"minecraft:deepslate_iron_ore":33,"occultism:silver_ore":14,"minecraft:stone":365,"biomesoplenty:jacaranda_leaves":1,"minecraft:kelp_plant":1,"biomesoplenty:jacaranda_planks":18,"biomesoplenty:jacaranda_slab":27,"travelersbackpack:standard":1,"minecraft:crafting_table":18,"minecraft:torch":13,"minecraft:chest":5,"minecraft:tall_grass":4,"minecraft:copper_ore":2,"minecraft:deepslate_gold_ore":3,"minecraft:oak_planks":95,"minecraft:sculk":3,"minecraft:diorite":10,"minecraft:wall_torch":5,"minecraft:grass":37,"minecraft:oak_log":29,"minecraft:coal_ore":84,"minecraft:sand":35,"minecraft:dirt":100,"minecraft:oak_leaves":2,"minecraft:deepslate":18},"minecraft:broken":{"minecraft:wooden_pickaxe":1,"minecraft:stone_pickaxe":2,"minecraft:stone_axe":3,"minecraft:iron_pickaxe":1,"minecraft:stone_shovel":1},"minecraft:used":{"minecraft:stone_shovel":134,"minecraft:chest":16,"minecraft:rotten_flesh":2,"minecraft:torch":70,"minecraft:dirt":68,"minecraft:tuff":1,"minecraft:granite":8,"biomesoplenty:jacaranda_slab":784,"minecraft:iron_axe":124,"biomesoplenty:jacaranda_sapling":28,"minecraft:furnace":16,"minecraft:cooked_beef":13,"minecraft:cobbled_deepslate":18,"minecraft:cooked_mutton":4,"minecraft:oak_planks":124,"minecraft:stone_pickaxe":276,"minecraft:wooden_pickaxe":59,"minecraft:crafting_table":19,"biomesoplenty:jacaranda_planks":20,"minecraft:iron_pickaxe":406,"minecraft:stone_axe":363,"minecraft:cobblestone":136,"travelersbackpack:standard":2,"minecraft:cooked_porkchop":4,"alexsmobs:animal_dictionary":1,"minecraft:bone_meal":12},"minecraft:dropped":{"minecraft:wheat_seeds":6,"alexsmobs:animal_dictionary":1,"minecraft:andesite":2,"minecraft:spider_eye":1,"minecraft:glass":20},"minecraft:custom":{"minecraft:mob_kills":46,"minecraft:interact_with_crafting_table":46,"minecraft:leave_game":7,"minecraft:time_since_death":120209,"minecraft:sprint_one_cm":294426,"minecraft:walk_one_cm":195278,"minecraft:drop":6,"minecraft:play_time":120209,"minecraft:sneak_time":18403,"minecraft:walk_under_water_one_cm":8930,"minecraft:jump":2549,"minecraft:walk_on_water_one_cm":33583,"minecraft:total_world_time":120209,"minecraft:interact_with_furnace":94,"minecraft:time_since_rest":120209,"minecraft:damage_taken":1305,"minecraft:damage_dealt":7319,"minecraft:swim_one_cm":9909,"minecraft:fly_one_cm":562664,"minecraft:open_chest":74,"minecraft:crouch_one_cm":60878,"minecraft:fall_one_cm":87390},"minecraft:killed":{"alexsmobs:raccoon":2,"minecraft:spider":1,"minecraft:dolphin":1,"minecraft:phantom":2,"minecraft:skeleton":3,"minecraft:horse":3,"alexsmobs:bison":4,"alexsmobs:flying_fish":1,"minecraft:pig":2,"alexsmobs:seal":5,"minecraft:creeper":1,"minecraft:sheep":3,"enemyexpansion:crawler":1,"minecraft:zombie":9,"alexsmobs:fly":1,"minecraft:cow":7},"minecraft:picked_up":{"minecraft:crafting_table":18,"occultism:raw_silver":18,"biomesoplenty:jacaranda_sapling":97,"minecraft:string":1,"minecraft:raw_copper":8,"biomesoplenty:tall_lavender":2,"biomesoplenty:jacaranda_slab":28,"minecraft:cobbled_deepslate":18,"minecraft:beef":57,"minecraft:chest":5,"minecraft:furnace":13,"minecraft:egg":3,"minecraft:stick":82,"minecraft:raw_iron":188,"minecraft:torch":18,"minecraft:porkchop":4,"minecraft:diorite":10,"minecraft:arrow":4,"minecraft:rotten_flesh":12,"biomesoplenty:jacaranda_log":186,"minecraft:mutton":4,"minecraft:white_wool":3,"alexsmobs:flying_fish":3,"minecraft:cobblestone":365,"biomesoplenty:lavender":38,"minecraft:cooked_beef":8,"minecraft:andesite":4,"minecraft:leather":10,"alexsmobs:bison_fur":5,"create:raw_zinc":5,"minecraft:tuff":1,"minecraft:oak_log":29,"biomesoplenty:jacaranda_planks":29,"minecraft:gunpowder":11,"minecraft:dirt":119,"minecraft:lapis_lazuli":12,"minecraft:glass":20,"minecraft:bone":4,"minecraft:apple":3,"minecraft:kelp":34,"minecraft:wheat_seeds":7,"minecraft:raw_gold":3,"minecraft:iron_ingot":46,"minecraft:oak_planks":94,"enemyexpansion:phantom_eye":1,"minecraft:sand":34,"minecraft:ink_sac":6,"alexsmobs:animal_dictionary":1,"minecraft:spider_eye":1,"biomesoplenty:flowering_oak_sapling":1,"travelersbackpack:standard":1,"minecraft:granite":48,"alexsmobs:maggot":2,"minecraft:oak_sapling":15,"minecraft:coal":251},"minecraft:crafted":{"minecraft:oak_planks":116,"minecraft:stone_shovel":1,"minecraft:furnace":3,"minecraft:bone_meal":12,"minecraft:cooked_mutton":4,"minecraft:glass":32,"travelersbackpack:white_sleeping_bag":1,"minecraft:iron_boots":1,"minecraft:iron_axe":1,"minecraft:stone_pickaxe":3,"minecraft:chest":12,"minecraft:cooked_beef":35,"biomesoplenty:jacaranda_planks":744,"minecraft:cooked_porkchop":4,"occultism:silver_ingot":13,"minecraft:crafting_table":1,"travelersbackpack:backpack_tank":2,"minecraft:wooden_pickaxe":1,"minecraft:iron_helmet":1,"travelersbackpack:standard":1,"minecraft:stone_axe":3,"biomesoplenty:jacaranda_slab":870,"minecraft:air":0,"minecraft:iron_chestplate":1,"minecraft:stick":24,"minecraft:iron_ingot":39,"minecraft:iron_pickaxe":2,"minecraft:iron_leggings":1,"minecraft:gold_ingot":3,"minecraft:torch":56,"create:zinc_ingot":5}},"DataVersion":3465}