{"stats":{"minecraft:mined":{"create:zinc_ore":12,"alexscaves:spelunkery_table":1,"minecraft:tuff":20,"minecraft:sculk_vein":3,"luckytntmod:deepslate_gunpowder_ore":2,"biomesoplenty:jacaranda_fence":7,"minecraft:granite":70,"minecraft:grass_block":22,"occultism:silver_ore_deepslate":4,"minecraft:spruce_leaves":2,"minecraft:kelp":36,"random_ore:deepslate_random_ore":1,"biomesoplenty:jacaranda_log":201,"biomesoplenty:tall_lavender":3,"minecraft:furnace":13,"minecraft:iron_ore":118,"biomesoplenty:lavender":31,"minecraft:andesite":2,"minecraft:bookshelf":3,"minecraft:potatoes":3,"minecraft:deepslate_iron_ore":33,"minecraft:cobblestone_slab":4,"occultism:silver_ore":14,"minecraft:bamboo":1,"minecraft:stone":451,"biomesoplenty:jacaranda_leaves":95,"minecraft:oak_slab":1,"minecraft:kelp_plant":1,"biomesoplenty:jacaranda_planks":18,"biomesoplenty:jacaranda_slab":118,"travelersbackpack:standard":7,"minecraft:crafting_table":19,"minecraft:torch":20,"minecraft:chest":10,"minecraft:sculk_sensor":3,"minecraft:copper_ore":3,"minecraft:tall_grass":4,"minecraft:cobblestone":27,"minecraft:white_candle":1,"minecraft:deepslate_gold_ore":13,"minecraft:oak_planks":126,"minecraft:sugar_cane":13,"minecraft:sculk":8,"minecraft:diorite":24,"minecraft:wall_torch":15,"minecraft:gray_wool":142,"minecraft:spruce_log":5,"minecraft:cracked_deepslate_tiles":1,"minecraft:grass":37,"minecraft:oak_log":29,"minecraft:coal_ore":87,"minecraft:sand":35,"minecraft:dirt":153,"minecraft:oak_leaves":2,"minecraft:deepslate":147},"minecraft:broken":{"minecraft:wooden_pickaxe":1,"minecraft:stone_pickaxe":2,"minecraft:iron_axe":1,"minecraft:stone_axe":3,"minecraft:iron_pickaxe":2,"minecraft:stone_shovel":1},"minecraft:used":{"minecraft:iron_shovel":41,"minecraft:stone_shovel":134,"minecraft:chest":18,"minecraft:stone_hoe":49,"minecraft:rotten_flesh":2,"minecraft:torch":97,"minecraft:dirt":143,"minecraft:tuff":1,"biomesoplenty:jacaranda_slab":1183,"minecraft:granite":23,"minecraft:glass":18,"alexsmobs:maggot":1,"minecraft:lava_bucket":1,"minecraft:iron_axe":315,"minecraft:bamboo":4,"alexscaves:spelunkery_table":1,"biomesoplenty:jacaranda_sapling":31,"alexsmobs:lobster_bucket":1,"minecraft:furnace":16,"minecraft:cooked_beef":31,"minecraft:potato":51,"biomesoplenty:jacaranda_fence":39,"minecraft:cobbled_deepslate":47,"minecraft:cooked_mutton":4,"minecraft:water_bucket":61,"minecraft:diorite":14,"minecraft:oak_planks":124,"minecraft:stone_pickaxe":276,"minecraft:wooden_pickaxe":59,"minecraft:cobblestone_slab":36,"minecraft:sugar_cane":4,"minecraft:crafting_table":20,"alexscaves:cave_book":2,"minecraft:shears":234,"biomesoplenty:jacaranda_planks":22,"minecraft:iron_pickaxe":745,"minecraft:spruce_sapling":5,"minecraft:stone_axe":363,"minecraft:cobblestone":412,"travelersbackpack:standard":12,"minecraft:cooked_porkchop":4,"minecraft:bucket":64,"alexsmobs:animal_dictionary":1,"minecraft:gray_wool":140,"biomesoplenty:jacaranda_leaves":82,"minecraft:bone_meal":12,"minecraft:experience_bottle":2},"minecraft:custom":{"minecraft:mob_kills":56,"minecraft:interact_with_crafting_table":60,"minecraft:open_barrel":1,"minecraft:leave_game":15,"minecraft:time_since_death":242862,"minecraft:climb_one_cm":946,"minecraft:sprint_one_cm":538158,"minecraft:walk_one_cm":335608,"minecraft:drop":11,"minecraft:play_time":242862,"minecraft:sneak_time":47666,"minecraft:walk_under_water_one_cm":14008,"minecraft:jump":4314,"minecraft:walk_on_water_one_cm":41903,"minecraft:total_world_time":242862,"minecraft:interact_with_furnace":109,"minecraft:interact_with_loom":4,"minecraft:sleep_in_bed":5,"minecraft:time_since_rest":78296,"minecraft:damage_taken":2453,"minecraft:damage_dealt":8399,"minecraft:swim_one_cm":20834,"minecraft:fly_one_cm":923519,"minecraft:crouch_one_cm":187585,"minecraft:open_chest":191,"minecraft:fall_one_cm":144802,"minecraft:horse_one_cm":367842},"minecraft:dropped":{"minecraft:candle":1,"minecraft:wheat_seeds":6,"minecraft:cracked_deepslate_tiles":1,"create:raw_zinc":2,"alexsmobs:animal_dictionary":1,"minecraft:cobbled_deepslate":8,"minecraft:shears":1,"minecraft:andesite":2,"minecraft:spider_eye":1,"minecraft:glass":20},"minecraft:killed":{"alexsmobs:lobster":2,"alexsmobs:raccoon":2,"minecraft:spider":1,"minecraft:dolphin":1,"alexsmobs:seagull":1,"enemyexpansion:direwolf":1,"minecraft:phantom":2,"minecraft:skeleton":5,"minecraft:horse":3,"alexsmobs:bison":4,"alexsmobs:flying_fish":1,"minecraft:pig":2,"alexsmobs:seal":6,"minecraft:creeper":1,"minecraft:sheep":3,"enemyexpansion:crawler":1,"minecraft:zombie":10,"alexsmobs:fly":3,"minecraft:cow":7},"minecraft:picked_up":{"minecraft:crafting_table":19,"minecraft:lead":1,"occultism:raw_silver":18,"biomesoplenty:jacaranda_sapling":103,"minecraft:potion":1,"minecraft:enchanted_book":4,"minecraft:diamond_horse_armor":3,"minecraft:string":1,"biomesoplenty:jacaranda_fence":7,"minecraft:raw_copper":13,"minecraft:iron_leggings":1,"biomesoplenty:tall_lavender":2,"minecraft:compass":1,"minecraft:experience_bottle":2,"biomesoplenty:jacaranda_slab":118,"minecraft:candle":2,"minecraft:cobbled_deepslate":143,"minecraft:beef":57,"minecraft:echo_shard":3,"minecraft:cobblestone_slab":6,"minecraft:sugar_cane":21,"minecraft:chest":10,"minecraft:furnace":13,"minecraft:diamond_hoe":1,"minecraft:egg":3,"minecraft:stick":84,"minecraft:raw_iron":205,"minecraft:torch":35,"minecraft:porkchop":4,"minecraft:diorite":24,"minecraft:arrow":6,"minecraft:rotten_flesh":14,"biomesoplenty:jacaranda_log":201,"alexscaves:spelunkery_table":1,"minecraft:saddle":2,"minecraft:mutton":4,"alexsmobs:flying_fish":3,"minecraft:white_wool":3,"minecraft:cobblestone":475,"minecraft:cracked_deepslate_tiles":1,"biomesoplenty:lavender":38,"occultism:datura_seeds":1,"minecraft:cooked_beef":8,"minecraft:andesite":4,"minecraft:leather":10,"minecraft:potato":9,"alexsmobs:bison_fur":5,"minecraft:tuff":20,"create:raw_zinc":14,"minecraft:oak_log":29,"biomesoplenty:jacaranda_planks":29,"minecraft:gunpowder":11,"minecraft:lapis_lazuli":12,"minecraft:dirt":174,"minecraft:disc_fragment_5":4,"minecraft:glass":20,"minecraft:bone":11,"minecraft:apple":3,"minecraft:kelp":39,"minecraft:wheat_seeds":7,"minecraft:raw_gold":13,"minecraft:iron_ingot":46,"minecraft:bamboo":3,"minecraft:oak_planks":126,"minecraft:book":12,"minecraft:sculk_catalyst":1,"minecraft:oak_slab":1,"enemyexpansion:phantom_eye":1,"minecraft:sand":34,"minecraft:spruce_sapling":1,"minecraft:ink_sac":6,"minecraft:spruce_log":5,"biomesoplenty:jacaranda_leaves":92,"minecraft:spider_eye":1,"alexsmobs:animal_dictionary":1,"biomesoplenty:flowering_oak_sapling":1,"travelersbackpack:standard":7,"minecraft:white_candle":1,"minecraft:granite":63,"minecraft:gray_wool":140,"alexsmobs:maggot":4,"minecraft:oak_sapling":15,"minecraft:coal":269},"minecraft:crafted":{"minecraft:oak_planks":116,"minecraft:cobblestone_slab":30,"minecraft:stone_shovel":1,"minecraft:furnace":3,"minecraft:bone_meal":12,"minecraft:cooked_mutton":4,"minecraft:glass":32,"travelersbackpack:white_sleeping_bag":1,"minecraft:iron_boots":1,"minecraft:iron_axe":2,"minecraft:stone_pickaxe":3,"minecraft:chest":12,"minecraft:stone_hoe":1,"minecraft:cooked_beef":35,"biomesoplenty:jacaranda_planks":744,"minecraft:cooked_porkchop":4,"occultism:silver_ingot":18,"minecraft:crafting_table":2,"travelersbackpack:backpack_tank":2,"minecraft:iron_helmet":1,"minecraft:wooden_pickaxe":1,"travelersbackpack:standard":1,"minecraft:copper_ingot":8,"minecraft:stone_axe":3,"biomesoplenty:jacaranda_slab":1122,"minecraft:air":0,"biomesoplenty:jacaranda_fence":48,"minecraft:iron_chestplate":1,"minecraft:stick":24,"minecraft:iron_ingot":88,"minecraft:iron_pickaxe":3,"minecraft:iron_leggings":1,"minecraft:iron_shovel":1,"minecraft:gold_ingot":3,"minecraft:torch":80,"create:zinc_ingot":5,"minecraft:shears":1}},"DataVersion":3465}