{"stats":{"minecraft:custom":{"minecraft:interact_with_furnace":31,"minecraft:mob_kills":10,"minecraft:interact_with_crafting_table":9,"minecraft:leave_game":5,"minecraft:time_since_death":67873,"minecraft:sleep_in_bed":1,"minecraft:climb_one_cm":3822,"minecraft:time_since_rest":49398,"minecraft:sprint_one_cm":185392,"minecraft:damage_taken":1320,"minecraft:walk_one_cm":153373,"minecraft:drop":15,"minecraft:damage_dealt":1861,"minecraft:swim_one_cm":503,"minecraft:fly_one_cm":270536,"minecraft:open_chest":65,"minecraft:crouch_one_cm":42147,"minecraft:play_time":71813,"minecraft:deaths":1,"minecraft:sneak_time":14399,"minecraft:walk_under_water_one_cm":1277,"minecraft:jump":1657,"minecraft:walk_on_water_one_cm":1068,"minecraft:total_world_time":71813,"minecraft:interact_with_smoker":9,"minecraft:fall_one_cm":77831,"minecraft:horse_one_cm":138},"minecraft:dropped":{"occultism:datura_seeds":1,"minecraft:wheat_seeds":1,"minecraft:baked_potato":40,"minecraft:rotten_flesh":9,"minecraft:diamond_sword":1,"minecraft:dirt":1,"minecraft:diorite":11},"minecraft:crafted":{"minecraft:wooden_sword":1,"minecraft:oak_planks":16,"biomesoplenty:jacaranda_planks":12,"minecraft:crafting_table":2,"minecraft:baked_potato":59,"minecraft:furnace":1,"minecraft:air":0,"minecraft:jungle_planks":4,"minecraft:stick":8,"minecraft:iron_ingot":6,"minecraft:iron_pickaxe":2,"minecraft:stone_pickaxe":1,"minecraft:torch":4},"minecraft:broken":{"minecraft:stone_pickaxe":1,"minecraft:iron_pickaxe":1},"minecraft:killed":{"minecraft:cave_spider":4,"minecraft:spider":1,"enemyexpansion:sprinter":1,"enemyexpansion:direwolf":2,"minecraft:zombie":2},"minecraft:used":{"minecraft:water_bucket":7,"minecraft:stone_pickaxe":134,"minecraft:baked_potato":24,"minecraft:oak_planks":1,"occultism:datura_seeds":1,"minecraft:torch":4,"minecraft:dirt":19,"minecraft:crafting_table":4,"minecraft:spruce_stairs":1,"minecraft:spruce_log":2,"biomesoplenty:jacaranda_planks":12,"minecraft:iron_axe":46,"minecraft:iron_pickaxe":250,"minecraft:diamond_chestplate":1,"minecraft:wooden_sword":6,"minecraft:diamond_sword":19,"minecraft:cobblestone":30,"minecraft:furnace":1,"minecraft:oak_sapling":10,"minecraft:bucket":8,"minecraft:egg":3,"minecraft:potato":72,"minecraft:diamond_leggings":1},"minecraft:mined":{"create:zinc_ore":6,"create:deepslate_zinc_ore":16,"biomesoplenty:jacaranda_planks":12,"minecraft:sculk_vein":17,"minecraft:crafting_table":3,"minecraft:granite":3,"minecraft:grass_block":4,"minecraft:jungle_log":1,"minecraft:sculk_sensor":2,"occultism:silver_ore_deepslate":2,"minecraft:cobblestone":26,"minecraft:spruce_leaves":3,"minecraft:deepslate_gold_ore":11,"occultism:datura":1,"random_ore:deepslate_random_ore":1,"minecraft:sculk":10,"minecraft:diorite":11,"minecraft:wall_torch":1,"luckytntmod:deepslate_uranium_ore":7,"minecraft:spruce_stairs":1,"biomesoplenty:jacaranda_log":3,"minecraft:furnace":1,"minecraft:iron_ore":18,"minecraft:spruce_log":2,"minecraft:deepslate_lapis_ore":2,"minecraft:grass":2,"minecraft:oak_log":30,"minecraft:potatoes":48,"minecraft:coal_ore":31,"minecraft:deepslate_iron_ore":27,"biomesoplenty:webbing":4,"minecraft:dirt":24,"occultism:silver_ore":1,"minecraft:stone":152,"minecraft:oak_leaves":6,"minecraft:deepslate":7,"luckytntmod:gunpowder_ore":27},"minecraft:killed_by":{"minecraft:skeleton":1},"minecraft:picked_up":{"occultism:datura_seeds":4,"minecraft:crafting_table":3,"minecraft:jungle_log":1,"minecraft:diamond_sword":1,"minecraft:potato":189,"occultism:raw_silver":3,"create:raw_zinc":22,"minecraft:oak_log":30,"biomesoplenty:jacaranda_planks":12,"minecraft:gunpowder":113,"minecraft:dirt":26,"minecraft:lapis_lazuli":11,"minecraft:string":1,"minecraft:raw_copper":3,"minecraft:apple":1,"minecraft:wheat_seeds":1,"minecraft:raw_gold":11,"minecraft:cobbled_deepslate":7,"minecraft:oak_planks":2,"minecraft:egg":3,"minecraft:furnace":1,"minecraft:stick":12,"minecraft:raw_iron":45,"minecraft:poisonous_potato":1,"minecraft:spruce_stairs":1,"minecraft:spruce_sapling":1,"minecraft:diorite":11,"minecraft:spruce_log":2,"luckytntmod:deepslate_uranium_ore":7,"minecraft:rotten_flesh":11,"biomesoplenty:jacaranda_log":3,"minecraft:granite":3,"occultism:datura":1,"minecraft:baked_potato":40,"minecraft:oak_sapling":10,"minecraft:coal":17,"minecraft:cobblestone":173}},"DataVersion":3465}