{"stats":{"minecraft:custom":{"minecraft:interact_with_furnace":30,"minecraft:mob_kills":10,"minecraft:interact_with_crafting_table":7,"minecraft:leave_game":3,"minecraft:time_since_death":45552,"minecraft:sleep_in_bed":1,"minecraft:climb_one_cm":3822,"minecraft:time_since_rest":27077,"minecraft:sprint_one_cm":140571,"minecraft:damage_taken":1140,"minecraft:walk_one_cm":128428,"minecraft:drop":14,"minecraft:damage_dealt":1729,"minecraft:swim_one_cm":503,"minecraft:fly_one_cm":217749,"minecraft:open_chest":65,"minecraft:crouch_one_cm":17071,"minecraft:play_time":49492,"minecraft:deaths":1,"minecraft:sneak_time":5142,"minecraft:walk_under_water_one_cm":680,"minecraft:jump":1272,"minecraft:walk_on_water_one_cm":436,"minecraft:total_world_time":49492,"minecraft:interact_with_smoker":9,"minecraft:fall_one_cm":59908,"minecraft:horse_one_cm":138},"minecraft:dropped":{"occultism:datura_seeds":1,"minecraft:wheat_seeds":1,"minecraft:baked_potato":40,"minecraft:rotten_flesh":9,"minecraft:diamond_sword":1,"minecraft:dirt":1},"minecraft:crafted":{"minecraft:wooden_sword":1,"minecraft:oak_planks":16,"biomesoplenty:jacaranda_planks":12,"minecraft:crafting_table":2,"minecraft:baked_potato":59,"minecraft:furnace":1,"minecraft:air":0,"minecraft:jungle_planks":4,"minecraft:stick":8,"minecraft:iron_ingot":3,"minecraft:stone_pickaxe":1,"minecraft:torch":4},"minecraft:killed":{"minecraft:cave_spider":4,"minecraft:spider":1,"enemyexpansion:sprinter":1,"enemyexpansion:direwolf":2,"minecraft:zombie":2},"minecraft:used":{"minecraft:water_bucket":1,"minecraft:stone_pickaxe":59,"minecraft:baked_potato":16,"occultism:datura_seeds":1,"minecraft:torch":3,"minecraft:dirt":19,"minecraft:crafting_table":2,"minecraft:spruce_stairs":1,"minecraft:spruce_log":2,"biomesoplenty:jacaranda_planks":12,"minecraft:iron_axe":41,"minecraft:diamond_chestplate":1,"minecraft:diamond_sword":19,"minecraft:wooden_sword":6,"minecraft:cobblestone":30,"minecraft:furnace":1,"minecraft:oak_sapling":10,"minecraft:bucket":2,"minecraft:egg":3,"minecraft:potato":72,"minecraft:diamond_leggings":1},"minecraft:mined":{"biomesoplenty:jacaranda_planks":12,"minecraft:grass_block":4,"minecraft:jungle_log":1,"minecraft:cobblestone":26,"minecraft:spruce_leaves":3,"occultism:datura":1,"minecraft:spruce_stairs":1,"biomesoplenty:jacaranda_log":3,"minecraft:iron_ore":6,"minecraft:spruce_log":2,"minecraft:grass":2,"minecraft:coal_ore":1,"minecraft:potatoes":48,"minecraft:oak_log":30,"biomesoplenty:webbing":4,"minecraft:dirt":18,"occultism:silver_ore":1,"minecraft:stone":21,"minecraft:oak_leaves":6},"minecraft:killed_by":{"minecraft:skeleton":1},"minecraft:picked_up":{"occultism:datura_seeds":4,"minecraft:jungle_log":1,"minecraft:diamond_sword":1,"minecraft:potato":189,"occultism:raw_silver":1,"minecraft:oak_log":30,"biomesoplenty:jacaranda_planks":12,"minecraft:string":1,"minecraft:dirt":20,"minecraft:apple":1,"minecraft:wheat_seeds":1,"minecraft:egg":3,"minecraft:stick":12,"minecraft:raw_iron":6,"minecraft:poisonous_potato":1,"minecraft:spruce_stairs":1,"minecraft:spruce_sapling":1,"minecraft:spruce_log":2,"minecraft:rotten_flesh":11,"biomesoplenty:jacaranda_log":3,"occultism:datura":1,"minecraft:baked_potato":40,"minecraft:oak_sapling":10,"minecraft:coal":1,"minecraft:cobblestone":47}},"DataVersion":3465}