{"stats":{"minecraft:custom":{"minecraft:time_since_rest":15077,"minecraft:interact_with_furnace":25,"minecraft:sprint_one_cm":93176,"minecraft:damage_taken":945,"minecraft:walk_one_cm":101535,"minecraft:mob_kills":10,"minecraft:drop":13,"minecraft:damage_dealt":1689,"minecraft:interact_with_crafting_table":5,"minecraft:fly_one_cm":143699,"minecraft:open_chest":56,"minecraft:crouch_one_cm":15257,"minecraft:play_time":37492,"minecraft:deaths":1,"minecraft:sneak_time":4544,"minecraft:jump":928,"minecraft:sleep_in_bed":1,"minecraft:leave_game":3,"minecraft:walk_on_water_one_cm":108,"minecraft:time_since_death":33552,"minecraft:interact_with_smoker":9,"minecraft:climb_one_cm":3822,"minecraft:total_world_time":37492,"minecraft:fall_one_cm":39918,"minecraft:horse_one_cm":138},"minecraft:dropped":{"minecraft:diamond_sword":1,"occultism:datura_seeds":1,"minecraft:wheat_seeds":1,"minecraft:baked_potato":40,"minecraft:rotten_flesh":9},"minecraft:crafted":{"minecraft:wooden_sword":1,"minecraft:oak_planks":8,"biomesoplenty:jacaranda_planks":12,"minecraft:crafting_table":1,"minecraft:stick":8,"minecraft:baked_potato":59,"minecraft:stone_pickaxe":1,"minecraft:air":0,"minecraft:jungle_planks":4},"minecraft:killed":{"minecraft:cave_spider":4,"minecraft:zombie":2,"minecraft:spider":1,"enemyexpansion:sprinter":1,"enemyexpansion:direwolf":2},"minecraft:used":{"minecraft:water_bucket":1,"minecraft:iron_axe":1,"minecraft:stone_pickaxe":36,"minecraft:baked_potato":12,"occultism:datura_seeds":1,"minecraft:cobblestone":30,"minecraft:diamond_chestplate":1,"minecraft:diamond_sword":19,"minecraft:wooden_sword":6,"minecraft:dirt":8,"minecraft:crafting_table":1,"minecraft:bucket":2,"minecraft:spruce_stairs":1,"minecraft:egg":2,"minecraft:potato":72,"minecraft:diamond_leggings":1,"minecraft:spruce_log":2,"biomesoplenty:jacaranda_planks":12},"minecraft:mined":{"minecraft:spruce_stairs":1,"biomesoplenty:jacaranda_log":3,"biomesoplenty:jacaranda_planks":12,"minecraft:spruce_log":2,"minecraft:grass":2,"minecraft:grass_block":4,"minecraft:potatoes":48,"minecraft:oak_log":2,"minecraft:jungle_log":1,"minecraft:dirt":6,"minecraft:stone":10,"minecraft:cobblestone":26,"minecraft:spruce_leaves":3,"occultism:datura":1},"minecraft:killed_by":{"minecraft:skeleton":1},"minecraft:picked_up":{"occultism:datura_seeds":4,"minecraft:jungle_log":1,"minecraft:diamond_sword":1,"minecraft:spruce_stairs":1,"minecraft:poisonous_potato":1,"minecraft:potato":189,"minecraft:oak_log":2,"minecraft:spruce_sapling":1,"biomesoplenty:jacaranda_planks":12,"minecraft:spruce_log":2,"minecraft:dirt":8,"minecraft:string":1,"minecraft:rotten_flesh":11,"biomesoplenty:jacaranda_log":3,"minecraft:wheat_seeds":1,"occultism:datura":1,"minecraft:baked_potato":40,"minecraft:cobblestone":36,"minecraft:egg":2}},"DataVersion":3465}