{"stats":{"minecraft:custom":{"minecraft:damage_taken":485,"minecraft:time_since_rest":5463,"minecraft:play_time":9347,"minecraft:walk_one_cm":19982,"minecraft:crouch_one_cm":7891,"minecraft:sprint_one_cm":19260,"minecraft:deaths":1,"minecraft:sneak_time":1735,"minecraft:mob_kills":2,"minecraft:drop":2,"minecraft:jump":249,"minecraft:damage_dealt":480,"minecraft:leave_game":3,"minecraft:time_since_death":5407,"minecraft:total_world_time":9347,"minecraft:interact_with_crafting_table":2,"minecraft:fall_one_cm":11308,"minecraft:fly_one_cm":41905,"minecraft:horse_one_cm":138},"minecraft:dropped":{"occultism:datura_seeds":1,"minecraft:wheat_seeds":1},"minecraft:crafted":{"minecraft:wooden_sword":1,"minecraft:oak_planks":8,"biomesoplenty:jacaranda_planks":12,"minecraft:crafting_table":1,"minecraft:stick":4},"minecraft:killed":{"minecraft:spider":1,"minecraft:zombie":1},"minecraft:used":{"minecraft:wooden_sword":6,"minecraft:crafting_table":1,"occultism:datura_seeds":1,"biomesoplenty:jacaranda_planks":12},"minecraft:mined":{"minecraft:grass":2,"minecraft:oak_log":2,"biomesoplenty:jacaranda_log":3,"minecraft:spruce_leaves":3,"occultism:datura":1,"minecraft:potatoes":35},"minecraft:killed_by":{"minecraft:skeleton":1},"minecraft:picked_up":{"occultism:datura_seeds":4,"minecraft:rotten_flesh":2,"biomesoplenty:jacaranda_log":3,"minecraft:wheat_seeds":1,"minecraft:potato":106,"occultism:datura":1,"minecraft:oak_log":2,"minecraft:spruce_sapling":1,"minecraft:string":1}},"DataVersion":3465}