{"stats":{"minecraft:custom":{"minecraft:time_since_rest":3077,"minecraft:interact_with_furnace":22,"minecraft:sprint_one_cm":60020,"minecraft:damage_taken":800,"minecraft:walk_one_cm":65522,"minecraft:mob_kills":3,"minecraft:drop":3,"minecraft:damage_dealt":874,"minecraft:interact_with_crafting_table":3,"minecraft:fly_one_cm":101072,"minecraft:open_chest":38,"minecraft:crouch_one_cm":11155,"minecraft:play_time":25492,"minecraft:deaths":1,"minecraft:sneak_time":3337,"minecraft:jump":599,"minecraft:sleep_in_bed":1,"minecraft:leave_game":3,"minecraft:walk_on_water_one_cm":49,"minecraft:time_since_death":21552,"minecraft:interact_with_smoker":9,"minecraft:climb_one_cm":3822,"minecraft:total_world_time":25492,"minecraft:fall_one_cm":27875,"minecraft:horse_one_cm":138},"minecraft:dropped":{"occultism:datura_seeds":1,"minecraft:wheat_seeds":1,"minecraft:baked_potato":40},"minecraft:crafted":{"minecraft:wooden_sword":1,"minecraft:oak_planks":8,"biomesoplenty:jacaranda_planks":12,"minecraft:crafting_table":1,"minecraft:stick":4,"minecraft:baked_potato":59,"minecraft:air":0},"minecraft:killed":{"minecraft:zombie":1,"minecraft:spider":1,"enemyexpansion:direwolf":1},"minecraft:used":{"minecraft:iron_axe":1,"minecraft:baked_potato":8,"occultism:datura_seeds":1,"minecraft:diamond_chestplate":1,"minecraft:diamond_sword":4,"minecraft:wooden_sword":6,"minecraft:dirt":6,"minecraft:crafting_table":1,"minecraft:spruce_stairs":1,"minecraft:egg":1,"minecraft:potato":72,"minecraft:diamond_leggings":1,"minecraft:spruce_log":2,"biomesoplenty:jacaranda_planks":12},"minecraft:mined":{"minecraft:spruce_stairs":1,"biomesoplenty:jacaranda_log":3,"biomesoplenty:jacaranda_planks":12,"minecraft:spruce_log":2,"minecraft:grass":2,"minecraft:grass_block":4,"minecraft:potatoes":48,"minecraft:oak_log":2,"minecraft:dirt":3,"minecraft:spruce_leaves":3,"occultism:datura":1},"minecraft:killed_by":{"minecraft:skeleton":1},"minecraft:picked_up":{"occultism:datura_seeds":4,"minecraft:spruce_stairs":1,"minecraft:poisonous_potato":1,"minecraft:potato":189,"minecraft:oak_log":2,"minecraft:spruce_sapling":1,"biomesoplenty:jacaranda_planks":12,"minecraft:spruce_log":2,"minecraft:dirt":6,"minecraft:string":1,"minecraft:rotten_flesh":2,"biomesoplenty:jacaranda_log":3,"minecraft:wheat_seeds":1,"occultism:datura":1,"minecraft:baked_potato":40,"minecraft:egg":1}},"DataVersion":3465}