{"stats":{"minecraft:killed":{"minecraft:cave_spider":189,"minecraft:witch":1,"minecraft:spider":14,"enemyexpansion:equestrian":4,"minecraft:skeleton":24,"minecraft:chicken":2,"minecraft:skeleton_horse":3,"aquaculture:carp":1,"minecraft:pig":2,"enemyexpansion:ladybug":1,"minecraft:zombie_villager":2,"alexsmobs:seal":2,"minecraft:sheep":5,"minecraft:pillager":9,"enemyexpansion:meature":2,"minecraft:zombie":34,"enemyexpansion:botfly":10,"alexsmobs:fly":4,"minecraft:cow":7,"alexsmobs:raccoon":1,"alexsmobs:seagull":4,"enemyexpansion:direwolf":9,"minecraft:horse":1,"alexsmobs:flying_fish":2,"alexsmobs:skunk":2,"enemyexpansion:sprinter":3,"alexsmobs:crocodile":1,"enemyexpansion:huntsman":3,"alexsmobs:crow":1,"minecraft:enderman":3,"enemyexpansion:slugger":1},"minecraft:used":{"minecraft:iron_shovel":510,"minecraft:spruce_slab":1,"overweight_farming:seedless_peeled_melon":3,"minecraft:oak_sign":5,"minecraft:shield":28,"minecraft:chest":21,"minecraft:iron_sword":558,"biomesoplenty:origin_sapling":1,"aquaculture:bluegill":1,"minecraft:iron_chestplate":2,"securitycraft:keypad_item":2,"enemyexpansion:meathead_helmet":1,"minecraft:carrot":6,"minecraft:honey_bottle":2,"minecraft:glass":25,"biomesoplenty:palm_sapling":4,"minecraft:lava_bucket":4,"minecraft:lantern":7,"aquaculture:perch_bucket":1,"aquaculture:bluegill_bucket":1,"minecraft:iron_helmet":3,"minecraft:item_frame":6,"minecraft:oak_sapling":1,"minecraft:furnace":8,"minecraft:cooked_cod":75,"minecraft:potato":362,"aquaculture:smallmouth_bass_bucket":2,"travelersbackpack:spider":13,"minecraft:spruce_door":9,"aquaculture:atlantic_herring":2,"occultism:datura_seeds":3,"minecraft:stone_pickaxe":119,"minecraft:oak_planks":53,"alexsmobs:flying_fish_boots":2,"securitycraft:keypad_frame":2,"minecraft:composter":1,"biomesoplenty:lavender":2,"minecraft:sugar_cane":21,"minecraft:cookie":1,"minecraft:loom":1,"minecraft:blast_furnace":9,"minecraft:crossbow":4,"securitycraft:universal_block_remover":2,"aquaculture:jellyfish_bucket":2,"minecraft:redstone_torch":1,"minecraft:stone_button":1,"minecraft:melon_slice":11,"minecraft:bread":81,"minecraft:cyan_bed":4,"minecraft:lectern":80,"minecraft:gravel":7,"minecraft:diamond_sword":460,"minecraft:chainmail_boots":1,"minecraft:grindstone":1,"aquaculture:smallmouth_bass":1,"minecraft:smithing_table":2,"aquaculture:gar_bucket":1,"minecraft:tropical_fish_bucket":1,"minecraft:oak_fence":34,"minecraft:oak_trapdoor":4,"minecraft:stone_sword":64,"minecraft:enchanting_table":2,"minecraft:flint_and_steel":1,"minecraft:armor_stand":4,"alexsmobs:flying_fish_bucket":4,"minecraft:redstone_ore":1,"minecraft:stone_shovel":51,"minecraft:spruce_planks":110,"securitycraft:keypad_door_item":2,"minecraft:dirt":656,"minecraft:stone_hoe":66,"travelersbackpack:bat":10,"minecraft:cooked_chicken":2,"minecraft:torch":130,"minecraft:brewing_stand":1,"minecraft:anvil":2,"alexscaves:ancient_sapling":2,"minecraft:hopper":7,"minecraft:yellow_carpet":8,"aquaculture:gold_fishing_rod":27,"minecraft:oak_fence_gate":3,"aquaculture:red_grouper":1,"minecraft:shroomlight":5,"minecraft:dark_oak_planks":1,"minecraft:flowering_azalea":1,"minecraft:bookshelf":19,"minecraft:iron_axe":539,"minecraft:polished_deepslate_wall":2,"minecraft:iron_boots":2,"overweight_farming:half_seeded_peeled_melon":1,"minecraft:golden_carrot":1,"minecraft:beef":1,"alexsmobs:lobster_bucket":1,"overweight_farming:vegetable_peels":2,"minecraft:cooked_beef":12,"minecraft:powder_snow_bucket":1,"minecraft:wheat_seeds":19,"minecraft:cooked_mutton":3,"minecraft:water_bucket":94,"minecraft:iron_ore":17,"minecraft:cyan_candle":17,"minecraft:baked_potato":68,"minecraft:cauldron":2,"minecraft:fletching_table":5,"minecraft:spruce_fence_gate":2,"biomesoplenty:hellbark_sapling":2,"minecraft:salmon":1,"minecraft:crafting_table":10,"minecraft:oak_slab":24,"aquaculture:carp_bucket":1,"minecraft:red_bed":6,"minecraft:white_bed":7,"minecraft:campfire":2,"occultism:datura":1,"biomesoplenty:orange_autumn_sapling":1,"minecraft:cake":1,"minecraft:smoker":2,"minecraft:flower_pot":1,"minecraft:diamond_pickaxe":884,"minecraft:apple":17,"aquaculture:carp":1,"minecraft:iron_pickaxe":385,"minecraft:suspicious_stew":4,"minecraft:map":1,"minecraft:spruce_trapdoor":2,"minecraft:spruce_sapling":1,"minecraft:stone_axe":133,"travelersbackpack:standard":3,"minecraft:cobblestone":223,"toolbelt:belt":11,"minecraft:white_banner":3,"minecraft:cooked_porkchop":3,"minecraft:bucket":115,"minecraft:pumpkin_pie":5,"alexsmobs:animal_dictionary":2,"minecraft:sea_pickle":2,"minecraft:diamond_leggings":1,"minecraft:jukebox":1},"minecraft:picked_up":{"minecraft:wheat":13,"minecraft:black_carpet":9,"travelersbackpack:bat":1,"minecraft:redstone_block":3,"minecraft:anvil":2,"minecraft:flower_pot":1,"minecraft:smithing_table":2,"minecraft:stone_slab":5,"biomesoplenty:orange_autumn_sapling":11,"minecraft:oak_stairs":5,"minecraft:potion":3,"travelersbackpack:spider":2,"overweight_farming:half_seeded_peeled_melon":1,"minecraft:brewing_stand":1,"minecraft:polished_deepslate_wall":6,"minecraft:string":214,"minecraft:raw_copper":26,"minecraft:armor_stand":1,"biomesoplenty:tall_lavender":3,"minecraft:experience_bottle":1,"minecraft:shroomlight":5,"minecraft:oak_sign":9,"minecraft:sea_pickle":2,"minecraft:gold_nugget":9,"minecraft:cobbled_deepslate":129,"minecraft:bucket":39,"minecraft:spruce_planks":50,"minecraft:redstone_torch":1,"minecraft:calcite":10,"minecraft:melon_slice":22,"minecraft:coal_block":2,"minecraft:furnace":12,"minecraft:golden_helmet":1,"minecraft:stick":93,"minecraft:beehive":3,"minecraft:jukebox":1,"minecraft:composter":1,"minecraft:oak_fence":14,"minecraft:torch":106,"minecraft:spruce_stairs":4,"minecraft:porkchop":3,"minecraft:diorite":9,"enemyexpansion:meathead_helmet":3,"minecraft:cauldron":2,"minecraft:honey_bottle":17,"minecraft:rotten_flesh":47,"create:scoria":17,"create:ochrum":108,"create:asurine":4,"occultism:datura":1,"create:veridium":2,"minecraft:end_rod":1,"minecraft:obsidian":8,"aquaculture:tin_can":1,"minecraft:iron_bars":1,"minecraft:cod":8,"alexsmobs:flying_fish":4,"minecraft:cobblestone":1031,"aquaculture:lockbox":1,"biomesoplenty:lavender":13,"occultism:datura_seeds":1,"minecraft:feather":13,"minecraft:cooked_beef":13,"minecraft:iron_door":1,"minecraft:water_bucket":6,"minecraft:andesite":32,"minecraft:smoker":2,"minecraft:potato":948,"minecraft:flint":3,"minecraft:tuff":12,"minecraft:wither_skeleton_skull":1,"minecraft:lapis_lazuli":330,"minecraft:dirt":839,"minecraft:lantern":10,"minecraft:leather_boots":1,"securitycraft:reinforced_stone_button":16,"minecraft:glass":10,"minecraft:bone":44,"minecraft:bow":3,"minecraft:wheat_seeds":68,"minecraft:raw_gold":4,"luckytntmod:uranium_ore":2,"minecraft:dark_oak_sign":2,"biomesoplenty:palm_sapling":1,"minecraft:fletching_table":4,"minecraft:cyan_candle":17,"minecraft:glowstone_dust":8,"minecraft:oak_planks":19,"aquaculture:atlantic_herring":2,"aquaculture:jellyfish":3,"minecraft:cooked_porkchop":4,"minecraft:poisonous_potato":1,"minecraft:sand":46,"minecraft:ink_sac":21,"minecraft:grass_block":3,"minecraft:loom":1,"minecraft:cyan_bed":4,"minecraft:jungle_slab":1,"minecraft:dark_oak_log":23,"biomesoplenty:hellbark_log":3,"create:crimsite":10,"minecraft:yellow_carpet":8,"minecraft:diamond":6,"minecraft:polished_blackstone_pressure_plate":1,"minecraft:granite":17,"minecraft:bone_meal":3,"minecraft:emerald":4,"minecraft:bread":5,"alexsmobs:maggot":3,"minecraft:oak_sapling":78,"minecraft:light_gray_carpet":9,"minecraft:charcoal":2,"minecraft:crafting_table":10,"minecraft:allium":3,"minecraft:chicken":2,"minecraft:leather_leggings":1,"minecraft:redstone_lamp":3,"occultism:raw_silver":2,"minecraft:diamond_horse_armor":1,"minecraft:cornflower":1,"minecraft:red_bed":6,"overweight_farming:vegetable_peels":2,"minecraft:iron_axe":2,"minecraft:compass":2,"minecraft:item_frame":3,"biomesoplenty:hellbark_sapling":1,"minecraft:cyan_carpet":3,"minecraft:blue_orchid":2,"minecraft:glass_pane":12,"aquaculture:bluegill":1,"minecraft:beef":14,"overweight_farming:seedless_peeled_melon":3,"minecraft:poppy":1,"minecraft:spruce_slab":1,"minecraft:lectern":80,"minecraft:sugar_cane":38,"minecraft:chest":8,"minecraft:egg":13,"minecraft:raw_iron":60,"minecraft:bowl":1,"aquaculture:driftwood":2,"minecraft:stone_button":1,"minecraft:cookie":1,"minecraft:carrot":9,"minecraft:redstone":94,"minecraft:dark_oak_planks":3,"minecraft:blue_carpet":6,"luckytntmod:deepslate_uranium_ore":8,"minecraft:arrow":29,"minecraft:cooked_cod":10,"minecraft:pumpkin_pie":1,"minecraft:hay_block":27,"aquaculture:carp":1,"minecraft:saddle":2,"alexsmobs:flying_fish_bucket":1,"minecraft:mutton":6,"minecraft:white_wool":21,"minecraft:rail":162,"enemyexpansion:horsehead_helmet":2,"minecraft:tripwire_hook":2,"minecraft:salmon":2,"biomesoplenty:goldenrod":3,"minecraft:leather":14,"minecraft:filled_map":8,"securitycraft:sc_manual":1,"minecraft:oak_log":209,"minecraft:gunpowder":45,"minecraft:white_banner":4,"minecraft:cooked_mutton":6,"minecraft:apple":13,"minecraft:gray_carpet":7,"securitycraft:electrified_iron_fence":2,"minecraft:iron_ingot":20,"minecraft:cooked_chicken":2,"minecraft:iron_sword":1,"minecraft:book":115,"minecraft:oak_slab":3,"aquaculture:smallmouth_bass":1,"minecraft:pumpkin":4,"minecraft:gravel":35,"aquaculture:red_grouper":1,"minecraft:spruce_sapling":6,"minecraft:blast_furnace":5,"minecraft:white_bed":4,"minecraft:spruce_log":38,"minecraft:spider_eye":9,"minecraft:spruce_door":7,"minecraft:leather_helmet":1,"biomesoplenty:flowering_oak_sapling":2,"minecraft:pumpkin_seeds":17,"minecraft:dried_kelp_block":3,"minecraft:stone_axe":1,"minecraft:iron_helmet":1,"minecraft:painting":1,"minecraft:terracotta":2,"securitycraft:keypad":2,"minecraft:baked_potato":110,"minecraft:melon_seeds":4,"minecraft:black_wool":2,"minecraft:stripped_dark_oak_log":2,"minecraft:coal":109,"minecraft:hopper":11,"minecraft:ender_pearl":2,"alexscaves:ancient_sapling":1},"minecraft:mined":{"minecraft:dark_oak_planks":1,"minecraft:blue_carpet":1,"minecraft:spruce_planks":47,"minecraft:white_bed":4,"minecraft:jungle_slab":1,"minecraft:potted_blue_orchid":1,"minecraft:brewing_stand":1,"minecraft:obsidian":9,"minecraft:granite":33,"minecraft:grass_block":279,"minecraft:yellow_carpet":3,"biomesoplenty:flowering_oak_leaves":6,"minecraft:coal_block":2,"minecraft:composter":1,"minecraft:hopper":9,"minecraft:oak_wall_sign":4,"minecraft:gilded_blackstone":2,"minecraft:spawner":2,"luckytntmod:deepslate_uranium_ore":8,"minecraft:tall_seagrass":5,"biomesoplenty:tall_lavender":3,"minecraft:glowstone":1,"minecraft:iron_ore":39,"minecraft:fire":13,"biomesoplenty:lavender":15,"minecraft:anvil":2,"minecraft:pumpkin":4,"minecraft:deepslate_lapis_ore":15,"minecraft:fletching_table":4,"biomesoplenty:hellbark_log":3,"minecraft:enchanting_table":1,"create:asurine":4,"minecraft:oak_sign":1,"minecraft:water_cauldron":2,"minecraft:dirt_path":3,"minecraft:oak_stairs":5,"minecraft:iron_bars":1,"occultism:silver_ore":2,"minecraft:white_banner":1,"create:veridium":2,"minecraft:spruce_slab":2,"minecraft:deepslate_redstone_ore":19,"minecraft:red_bed":6,"minecraft:smoker":2,"minecraft:blue_stained_glass":1,"minecraft:torch":45,"minecraft:blast_furnace":6,"minecraft:melon":4,"minecraft:calcite":2,"minecraft:poppy":1,"minecraft:chest":3,"create:scoria":17,"minecraft:mushroom_stem":1,"minecraft:glass":4,"minecraft:cobblestone":114,"minecraft:oak_planks":18,"minecraft:cyan_bed":3,"minecraft:sugar_cane":17,"minecraft:wall_torch":49,"biomesoplenty:goldenrod":1,"minecraft:seagrass":9,"minecraft:wheat":17,"minecraft:jukebox":1,"minecraft:grass":95,"biomesoplenty:clover":1,"minecraft:oak_log":213,"minecraft:loom":1,"minecraft:sand":43,"minecraft:dirt":452,"minecraft:wither_skeleton_skull":1,"minecraft:tripwire_hook":1,"minecraft:deepslate":94,"create:crimsite":5,"minecraft:polished_deepslate_wall":4,"minecraft:oak_leaves":33,"minecraft:cyan_candle":7,"biomesoplenty:palm_sapling":1,"minecraft:redstone_lamp":3,"minecraft:tuff":12,"minecraft:deepslate_diamond_ore":3,"minecraft:dark_oak_log":23,"minecraft:stone_button":1,"biomesoplenty:bush":29,"minecraft:allium":3,"create:ochrum":1,"minecraft:spruce_leaves":73,"minecraft:hay_block":27,"travelersbackpack:bat":1,"minecraft:redstone_ore":3,"minecraft:carrots":3,"minecraft:furnace":8,"overweight_farming:half_seeded_peeled_melon":1,"minecraft:andesite":32,"overweight_farming:seedless_peeled_melon":3,"minecraft:bookshelf":30,"minecraft:potatoes":188,"minecraft:shroomlight":5,"minecraft:deepslate_iron_ore":3,"minecraft:rail":1,"minecraft:lantern":7,"minecraft:stone":739,"travelersbackpack:spider":2,"minecraft:smithing_table":2,"minecraft:oak_slab":1,"minecraft:redstone_block":3,"minecraft:glass_pane":2,"minecraft:stripped_dark_oak_log":2,"minecraft:spruce_door":5,"minecraft:oak_fence":12,"minecraft:crafting_table":12,"minecraft:cornflower":1,"alexscaves:ancient_sapling":1,"minecraft:campfire":1,"minecraft:lectern":80,"minecraft:copper_ore":6,"minecraft:tall_grass":8,"minecraft:deepslate_coal_ore":7,"minecraft:dried_kelp_block":2,"minecraft:lapis_ore":14,"minecraft:deepslate_gold_ore":4,"minecraft:diorite":9,"minecraft:spruce_stairs":4,"minecraft:sea_pickle":2,"minecraft:beehive":1,"minecraft:spruce_log":40,"minecraft:white_wall_banner":1,"minecraft:black_wool":1,"minecraft:coal_ore":71,"minecraft:end_rod":1,"minecraft:cyan_carpet":1,"minecraft:gravel":32,"minecraft:cobweb":5,"minecraft:terracotta":2,"minecraft:deepslate_emerald_ore":4,"luckytntmod:uranium_ore":2,"luckytntmod:gunpowder_ore":6},"minecraft:killed_by":{"alexsmobs:crocodile":1,"minecraft:skeleton":1},"minecraft:broken":{"minecraft:iron_shovel":2,"minecraft:iron_boots":1,"minecraft:iron_chestplate":1,"minecraft:iron_sword":2,"minecraft:diamond_leggings":1,"minecraft:iron_axe":1,"minecraft:iron_pickaxe":1,"minecraft:iron_helmet":1},"minecraft:crafted":{"minecraft:grindstone":1,"minecraft:smooth_stone":15,"minecraft:oak_planks":808,"minecraft:stone":34,"securitycraft:keypad_item":2,"minecraft:bookshelf":19,"minecraft:heavy_weighted_pressure_plate":2,"travelersbackpack:bat":1,"securitycraft:laser_block":1,"minecraft:glass":46,"aquaculture:gold_fishing_rod":1,"minecraft:iron_boots":2,"biomesoplenty:hellbark_planks":12,"minecraft:chest":18,"minecraft:iron_door":3,"minecraft:stone_hoe":1,"minecraft:magenta_dye":1,"minecraft:oak_fence":30,"securitycraft:keypad_door_item":2,"minecraft:white_banner":1,"minecraft:item_frame":2,"minecraft:oak_slab":24,"minecraft:emerald":26,"minecraft:crafting_table":2,"minecraft:spruce_planks":151,"travelersbackpack:standard":1,"minecraft:iron_helmet":2,"minecraft:brush":1,"minecraft:spruce_door":6,"minecraft:copper_ingot":26,"minecraft:fletching_table":1,"minecraft:oak_wood":6,"minecraft:campfire":2,"minecraft:pumpkin_seeds":16,"minecraft:spruce_trapdoor":2,"minecraft:iron_chestplate":1,"minecraft:book":1,"minecraft:paper":3,"minecraft:diamond_pickaxe":1,"minecraft:shield":2,"minecraft:stone_slab":6,"minecraft:stick":860,"minecraft:iron_ingot":56,"minecraft:iron_pickaxe":1,"minecraft:stone_sword":1,"minecraft:gold_ingot":1,"minecraft:spruce_fence_gate":2,"minecraft:shears":2,"securitycraft:universal_block_reinforcer_lvl1":1,"toolbelt:belt":1,"minecraft:coal":18,"minecraft:stone_shovel":1,"minecraft:smooth_stone_slab":12,"minecraft:furnace":3,"minecraft:stone_button":16,"minecraft:blast_furnace":3,"securitycraft:keypad_frame":2,"minecraft:glass_pane":16,"minecraft:oak_trapdoor":8,"minecraft:flint_and_steel":1,"travelersbackpack:white_sleeping_bag":1,"minecraft:iron_axe":3,"securitycraft:universal_block_remover":1,"minecraft:stone_pickaxe":1,"minecraft:redstone_block":14,"alexsmobs:flying_fish_boots":1,"minecraft:dark_oak_planks":92,"travelersbackpack:spider":1,"minecraft:wheat":243,"minecraft:diamond_sword":1,"minecraft:iron_trapdoor":3,"occultism:silver_ingot":2,"minecraft:enchanting_table":1,"travelersbackpack:backpack_tank":2,"luckytntmod:uranium_ingot":8,"minecraft:iron_sword":2,"minecraft:stone_axe":1,"minecraft:enchanted_book":1,"minecraft:bread":85,"minecraft:air":0,"minecraft:oak_fence_gate":3,"securitycraft:door_indestructible_iron_item":2,"minecraft:white_wool":16,"minecraft:iron_shovel":2,"minecraft:armor_stand":3,"minecraft:white_bed":3,"minecraft:torch":4},"minecraft:custom":{"minecraft:interact_with_crafting_table":179,"minecraft:open_barrel":117,"minecraft:leave_game":27,"minecraft:time_since_death":6179,"minecraft:sprint_one_cm":2213163,"minecraft:damage_blocked_by_shield":670,"minecraft:drop":900,"minecraft:talked_to_villager":144,"minecraft:play_time":973304,"minecraft:deaths":7,"minecraft:jump":13035,"minecraft:interact_with_brewingstand":2,"minecraft:walk_on_water_one_cm":179644,"minecraft:interact_with_furnace":137,"minecraft:traded_with_villager":27,"minecraft:interact_with_loom":9,"minecraft:sleep_in_bed":26,"minecraft:damage_dealt":47070,"minecraft:player_kills":2,"minecraft:crouch_one_cm":20102,"minecraft:interact_with_smoker":12,"minecraft:horse_one_cm":5916593,"minecraft:interact_with_smithing_table":22,"minecraft:interact_with_anvil":21,"minecraft:mob_kills":351,"minecraft:inspect_hopper":15,"minecraft:fill_cauldron":2,"minecraft:interact_with_campfire":158,"minecraft:climb_one_cm":27466,"minecraft:walk_one_cm":2114065,"minecraft:sneak_time":16710,"minecraft:walk_under_water_one_cm":95575,"minecraft:interact_with_blast_furnace":73,"minecraft:total_world_time":973304,"minecraft:pot_flower":3,"minecraft:interact_with_grindstone":6,"minecraft:time_since_rest":6215,"minecraft:damage_taken":13287,"minecraft:swim_one_cm":206153,"minecraft:fly_one_cm":1692225,"minecraft:open_chest":1025,"minecraft:fall_one_cm":367255,"minecraft:fish_caught":14},"minecraft:dropped":{"minecraft:iron_sword":1,"minecraft:baked_potato":13,"minecraft:ender_pearl":1,"minecraft:glass_bottle":1,"minecraft:diamond":1,"minecraft:lantern":2,"minecraft:saddle":2,"travelersbackpack:standard":1,"minecraft:rail":125,"minecraft:cod":1,"minecraft:dirt":1,"alexsmobs:flying_fish":1,"biomesoplenty:flowering_oak_sapling":1,"minecraft:cooked_cod":26,"minecraft:bone_meal":2,"minecraft:cyan_carpet":2,"minecraft:bone":14,"minecraft:gravel":11,"minecraft:compass":2,"minecraft:sugar_cane":21,"minecraft:cobbled_deepslate":32,"minecraft:obsidian":4,"minecraft:rotten_flesh":5,"minecraft:beehive":1,"minecraft:honey_bottle":1,"minecraft:salmon":1,"enemyexpansion:meathead_helmet":1,"minecraft:hopper":5,"minecraft:chest":4,"minecraft:glass":1,"biomesoplenty:tall_lavender":2,"minecraft:egg":7,"minecraft:water_bucket":3,"minecraft:bread":1,"minecraft:oak_slab":3,"minecraft:wheat_seeds":6,"aquaculture:tin_can":1,"minecraft:golden_horse_armor":1,"biomesoplenty:lavender":9,"minecraft:oak_fence":5,"minecraft:cobblestone":25,"minecraft:book":18,"minecraft:spruce_door":2,"minecraft:grass_block":2,"minecraft:coal":13,"minecraft:stick":11,"biomesoplenty:goldenrod":2,"minecraft:iron_trapdoor":3,"minecraft:ink_sac":15,"minecraft:melon_slice":64,"minecraft:iron_door":1,"aquaculture:jellyfish":3,"minecraft:potion":2,"minecraft:white_banner":1,"minecraft:iron_axe":1,"minecraft:string":128,"minecraft:tripwire_hook":1,"minecraft:polished_deepslate_wall":4,"minecraft:lily_pad":1,"minecraft:bucket":32,"minecraft:spruce_sapling":1,"minecraft:redstone_block":1,"minecraft:furnace":3,"securitycraft:electrified_iron_fence":2,"minecraft:stone_sword":1,"minecraft:experience_bottle":2,"minecraft:glass_pane":12,"minecraft:pumpkin_seeds":24,"minecraft:filled_map":8,"minecraft:potato":522,"minecraft:allium":1,"minecraft:spruce_planks":4,"minecraft:oak_sapling":2,"minecraft:blue_orchid":1,"minecraft:bow":1,"minecraft:calcite":2}},"DataVersion":3465}