{"stats":{"minecraft:custom":{"minecraft:interact_with_crafting_table":107,"minecraft:open_barrel":72,"minecraft:leave_game":16,"minecraft:time_since_death":44584,"minecraft:sprint_one_cm":1269141,"minecraft:damage_blocked_by_shield":525,"minecraft:drop":281,"minecraft:talked_to_villager":23,"minecraft:play_time":598848,"minecraft:deaths":3,"minecraft:jump":8624,"minecraft:interact_with_brewingstand":2,"minecraft:walk_on_water_one_cm":165069,"minecraft:interact_with_furnace":72,"minecraft:interact_with_loom":8,"minecraft:sleep_in_bed":21,"minecraft:damage_dealt":31993,"minecraft:crouch_one_cm":14087,"minecraft:interact_with_smoker":7,"minecraft:horse_one_cm":4537719,"minecraft:interact_with_smithing_table":8,"minecraft:interact_with_anvil":8,"minecraft:mob_kills":230,"minecraft:inspect_hopper":9,"minecraft:fill_cauldron":2,"minecraft:interact_with_campfire":124,"minecraft:climb_one_cm":17895,"minecraft:walk_one_cm":1289314,"minecraft:sneak_time":9992,"minecraft:walk_under_water_one_cm":86043,"minecraft:interact_with_blast_furnace":22,"minecraft:total_world_time":598848,"minecraft:pot_flower":3,"minecraft:interact_with_grindstone":2,"minecraft:time_since_rest":24939,"minecraft:damage_taken":8879,"minecraft:swim_one_cm":193145,"minecraft:fly_one_cm":1170649,"minecraft:open_chest":516,"minecraft:fish_caught":14,"minecraft:fall_one_cm":266541},"minecraft:dropped":{"minecraft:iron_sword":1,"minecraft:baked_potato":12,"minecraft:glass_bottle":1,"minecraft:ender_pearl":1,"minecraft:lantern":1,"minecraft:saddle":1,"minecraft:cod":1,"minecraft:dirt":1,"alexsmobs:flying_fish":1,"biomesoplenty:flowering_oak_sapling":1,"minecraft:cooked_cod":26,"minecraft:bone_meal":2,"minecraft:cyan_carpet":2,"minecraft:bone":14,"minecraft:gravel":11,"minecraft:rotten_flesh":3,"minecraft:beehive":1,"minecraft:honey_bottle":1,"minecraft:salmon":1,"enemyexpansion:meathead_helmet":1,"minecraft:hopper":5,"minecraft:glass":1,"biomesoplenty:tall_lavender":2,"minecraft:egg":7,"minecraft:water_bucket":3,"minecraft:bread":1,"minecraft:oak_slab":3,"minecraft:wheat_seeds":6,"aquaculture:tin_can":1,"minecraft:golden_horse_armor":1,"biomesoplenty:lavender":9,"minecraft:oak_fence":5,"minecraft:cobblestone":25,"minecraft:grass_block":1,"biomesoplenty:goldenrod":2,"minecraft:iron_trapdoor":3,"minecraft:melon_slice":64,"aquaculture:jellyfish":3,"minecraft:polished_deepslate_wall":4,"minecraft:tripwire_hook":1,"minecraft:lily_pad":1,"minecraft:bucket":31,"minecraft:redstone_block":1,"minecraft:spruce_sapling":1,"minecraft:furnace":3,"minecraft:stone_sword":1,"minecraft:pumpkin_seeds":24,"minecraft:potato":34,"minecraft:allium":1,"minecraft:oak_sapling":2,"minecraft:blue_orchid":1,"minecraft:calcite":2},"minecraft:broken":{"minecraft:iron_shovel":2,"minecraft:iron_boots":1,"minecraft:iron_chestplate":1,"minecraft:iron_sword":1,"minecraft:iron_pickaxe":1},"minecraft:crafted":{"minecraft:grindstone":1,"minecraft:smooth_stone":3,"minecraft:oak_planks":296,"minecraft:stone":6,"minecraft:bookshelf":19,"minecraft:glass":36,"aquaculture:gold_fishing_rod":1,"minecraft:iron_boots":2,"biomesoplenty:hellbark_planks":12,"minecraft:chest":17,"minecraft:magenta_dye":1,"minecraft:stone_hoe":1,"minecraft:oak_fence":30,"minecraft:white_banner":1,"minecraft:oak_slab":24,"minecraft:item_frame":2,"minecraft:crafting_table":1,"minecraft:spruce_planks":135,"minecraft:iron_helmet":1,"travelersbackpack:standard":1,"minecraft:spruce_door":3,"minecraft:oak_wood":6,"minecraft:pumpkin_seeds":16,"minecraft:campfire":2,"minecraft:spruce_trapdoor":2,"minecraft:iron_chestplate":1,"minecraft:book":1,"minecraft:paper":3,"minecraft:diamond_pickaxe":1,"minecraft:shield":2,"minecraft:stone_slab":6,"minecraft:stick":56,"minecraft:iron_ingot":20,"minecraft:iron_pickaxe":1,"minecraft:stone_sword":1,"minecraft:gold_ingot":1,"minecraft:spruce_fence_gate":1,"minecraft:shears":1,"toolbelt:belt":1,"minecraft:coal":9,"minecraft:stone_shovel":1,"minecraft:smooth_stone_slab":6,"minecraft:flint_and_steel":1,"travelersbackpack:white_sleeping_bag":1,"minecraft:iron_axe":2,"minecraft:stone_pickaxe":1,"alexsmobs:flying_fish_boots":1,"minecraft:dark_oak_planks":92,"travelersbackpack:spider":1,"minecraft:wheat":243,"minecraft:diamond_sword":1,"minecraft:iron_trapdoor":3,"occultism:silver_ingot":2,"minecraft:enchanting_table":1,"travelersbackpack:backpack_tank":2,"minecraft:iron_sword":2,"minecraft:stone_axe":1,"minecraft:bread":85,"minecraft:air":0,"minecraft:oak_fence_gate":3,"minecraft:iron_shovel":2,"minecraft:armor_stand":1,"minecraft:torch":4},"minecraft:killed":{"minecraft:cave_spider":103,"enemyexpansion:equestrian":4,"minecraft:spider":14,"minecraft:skeleton":21,"minecraft:chicken":2,"minecraft:skeleton_horse":3,"aquaculture:carp":1,"minecraft:pig":2,"minecraft:zombie_villager":2,"alexsmobs:seal":2,"minecraft:sheep":5,"minecraft:pillager":3,"enemyexpansion:meature":2,"minecraft:zombie":24,"enemyexpansion:botfly":4,"alexsmobs:fly":4,"minecraft:cow":7,"alexsmobs:raccoon":1,"alexsmobs:seagull":4,"enemyexpansion:direwolf":5,"alexsmobs:flying_fish":2,"alexsmobs:skunk":2,"enemyexpansion:sprinter":2,"enemyexpansion:huntsman":2,"alexsmobs:crow":1,"minecraft:enderman":3,"enemyexpansion:slugger":1},"minecraft:used":{"minecraft:iron_shovel":510,"minecraft:spruce_slab":1,"overweight_farming:seedless_peeled_melon":3,"minecraft:oak_sign":5,"minecraft:shield":16,"minecraft:chest":15,"minecraft:iron_sword":490,"biomesoplenty:origin_sapling":1,"aquaculture:bluegill":1,"minecraft:iron_chestplate":2,"enemyexpansion:meathead_helmet":1,"minecraft:carrot":6,"minecraft:honey_bottle":2,"minecraft:glass":25,"biomesoplenty:palm_sapling":4,"minecraft:lava_bucket":1,"minecraft:lantern":7,"aquaculture:perch_bucket":1,"aquaculture:bluegill_bucket":1,"minecraft:iron_helmet":2,"minecraft:item_frame":3,"minecraft:furnace":4,"minecraft:cooked_cod":70,"minecraft:potato":176,"aquaculture:smallmouth_bass_bucket":2,"travelersbackpack:spider":6,"minecraft:spruce_door":5,"aquaculture:atlantic_herring":2,"minecraft:stone_pickaxe":119,"minecraft:oak_planks":48,"occultism:datura_seeds":3,"alexsmobs:flying_fish_boots":2,"minecraft:composter":1,"biomesoplenty:lavender":2,"minecraft:sugar_cane":14,"minecraft:loom":1,"minecraft:blast_furnace":6,"minecraft:crossbow":4,"aquaculture:jellyfish_bucket":2,"minecraft:redstone_torch":1,"minecraft:melon_slice":11,"minecraft:bread":59,"minecraft:lectern":1,"minecraft:diamond_sword":222,"minecraft:grindstone":1,"aquaculture:smallmouth_bass":1,"minecraft:smithing_table":1,"aquaculture:gar_bucket":1,"minecraft:tropical_fish_bucket":1,"minecraft:oak_fence":31,"minecraft:stone_sword":64,"minecraft:enchanting_table":1,"minecraft:flint_and_steel":1,"minecraft:armor_stand":1,"alexsmobs:flying_fish_bucket":4,"minecraft:stone_shovel":22,"minecraft:spruce_planks":103,"minecraft:stone_hoe":60,"minecraft:cooked_chicken":2,"minecraft:torch":100,"minecraft:brewing_stand":1,"minecraft:dirt":545,"minecraft:anvil":2,"alexscaves:ancient_sapling":2,"minecraft:hopper":7,"minecraft:yellow_carpet":6,"aquaculture:gold_fishing_rod":27,"minecraft:oak_fence_gate":3,"aquaculture:red_grouper":1,"minecraft:shroomlight":5,"minecraft:flowering_azalea":1,"minecraft:bookshelf":19,"minecraft:iron_axe":237,"minecraft:polished_deepslate_wall":2,"minecraft:iron_boots":2,"overweight_farming:half_seeded_peeled_melon":1,"minecraft:beef":1,"alexsmobs:lobster_bucket":1,"overweight_farming:vegetable_peels":2,"minecraft:cooked_beef":10,"minecraft:powder_snow_bucket":1,"minecraft:wheat_seeds":19,"minecraft:cooked_mutton":3,"minecraft:water_bucket":77,"minecraft:cyan_candle":17,"minecraft:baked_potato":24,"minecraft:cauldron":2,"minecraft:fletching_table":2,"minecraft:spruce_fence_gate":1,"biomesoplenty:hellbark_sapling":2,"minecraft:salmon":1,"minecraft:crafting_table":8,"minecraft:oak_slab":24,"aquaculture:carp_bucket":1,"minecraft:red_bed":6,"minecraft:campfire":2,"occultism:datura":1,"biomesoplenty:orange_autumn_sapling":1,"minecraft:cake":1,"minecraft:smoker":2,"minecraft:flower_pot":1,"minecraft:diamond_pickaxe":443,"minecraft:apple":7,"aquaculture:carp":1,"minecraft:iron_pickaxe":252,"minecraft:suspicious_stew":3,"minecraft:map":1,"minecraft:spruce_trapdoor":2,"minecraft:stone_axe":133,"minecraft:cobblestone":74,"travelersbackpack:standard":1,"toolbelt:belt":10,"minecraft:cooked_porkchop":3,"minecraft:bucket":96,"minecraft:pumpkin_pie":3,"alexsmobs:animal_dictionary":2,"minecraft:sea_pickle":2,"minecraft:diamond_leggings":1,"minecraft:jukebox":1},"minecraft:mined":{"minecraft:spruce_planks":40,"minecraft:jungle_slab":1,"minecraft:potted_blue_orchid":1,"minecraft:brewing_stand":1,"minecraft:obsidian":5,"minecraft:granite":10,"minecraft:grass_block":251,"minecraft:yellow_carpet":3,"biomesoplenty:flowering_oak_leaves":6,"minecraft:coal_block":1,"minecraft:composter":1,"minecraft:hopper":9,"minecraft:oak_wall_sign":4,"minecraft:gilded_blackstone":2,"minecraft:spawner":2,"luckytntmod:deepslate_uranium_ore":2,"biomesoplenty:tall_lavender":3,"minecraft:glowstone":1,"biomesoplenty:lavender":14,"minecraft:anvil":2,"minecraft:pumpkin":4,"minecraft:deepslate_lapis_ore":2,"minecraft:fletching_table":2,"biomesoplenty:hellbark_log":3,"create:asurine":4,"minecraft:oak_sign":1,"minecraft:water_cauldron":2,"minecraft:dirt_path":3,"minecraft:oak_stairs":5,"minecraft:iron_bars":1,"occultism:silver_ore":2,"minecraft:spruce_slab":2,"minecraft:red_bed":6,"minecraft:smoker":2,"minecraft:torch":32,"minecraft:blast_furnace":6,"minecraft:calcite":2,"minecraft:poppy":1,"minecraft:melon":4,"minecraft:chest":2,"minecraft:mushroom_stem":1,"minecraft:glass":4,"minecraft:cobblestone":67,"minecraft:oak_planks":18,"minecraft:sugar_cane":8,"minecraft:wall_torch":37,"biomesoplenty:goldenrod":1,"minecraft:seagrass":4,"minecraft:wheat":17,"minecraft:jukebox":1,"minecraft:grass":79,"minecraft:oak_log":84,"minecraft:loom":1,"minecraft:sand":36,"minecraft:dirt":402,"minecraft:tripwire_hook":1,"create:crimsite":5,"minecraft:polished_deepslate_wall":4,"minecraft:oak_leaves":21,"minecraft:cyan_candle":7,"minecraft:deepslate":38,"minecraft:redstone_lamp":3,"biomesoplenty:palm_sapling":1,"minecraft:tuff":11,"minecraft:deepslate_diamond_ore":2,"minecraft:dark_oak_log":23,"biomesoplenty:bush":9,"minecraft:allium":2,"create:ochrum":1,"minecraft:spruce_leaves":40,"minecraft:hay_block":27,"minecraft:furnace":7,"minecraft:carrots":3,"overweight_farming:half_seeded_peeled_melon":1,"minecraft:andesite":11,"overweight_farming:seedless_peeled_melon":3,"minecraft:bookshelf":29,"minecraft:potatoes":75,"minecraft:deepslate_iron_ore":3,"minecraft:shroomlight":5,"minecraft:lantern":7,"minecraft:stone":489,"travelersbackpack:spider":2,"minecraft:smithing_table":1,"minecraft:oak_slab":1,"minecraft:redstone_block":3,"minecraft:glass_pane":2,"minecraft:spruce_door":2,"minecraft:oak_fence":11,"minecraft:crafting_table":9,"minecraft:cornflower":1,"alexscaves:ancient_sapling":1,"minecraft:lectern":1,"minecraft:campfire":1,"minecraft:copper_ore":4,"minecraft:tall_grass":8,"minecraft:deepslate_coal_ore":6,"minecraft:dried_kelp_block":2,"minecraft:lapis_ore":14,"minecraft:diorite":5,"minecraft:spruce_stairs":4,"minecraft:sea_pickle":2,"minecraft:beehive":1,"minecraft:spruce_log":36,"minecraft:black_wool":1,"minecraft:coal_ore":33,"minecraft:cyan_carpet":1,"minecraft:gravel":14,"luckytntmod:uranium_ore":2,"minecraft:deepslate_emerald_ore":1,"luckytntmod:gunpowder_ore":6},"minecraft:killed_by":{"minecraft:skeleton":1},"minecraft:picked_up":{"minecraft:wheat":13,"minecraft:redstone_block":3,"minecraft:flower_pot":1,"minecraft:anvil":2,"minecraft:smithing_table":1,"biomesoplenty:orange_autumn_sapling":11,"minecraft:oak_stairs":5,"minecraft:potion":3,"travelersbackpack:spider":2,"overweight_farming:half_seeded_peeled_melon":1,"minecraft:brewing_stand":1,"minecraft:polished_deepslate_wall":6,"minecraft:string":16,"minecraft:raw_copper":17,"biomesoplenty:tall_lavender":3,"minecraft:shroomlight":5,"minecraft:oak_sign":9,"minecraft:sea_pickle":2,"minecraft:gold_nugget":9,"minecraft:cobbled_deepslate":41,"minecraft:bucket":28,"minecraft:spruce_planks":40,"minecraft:redstone_torch":1,"minecraft:calcite":6,"minecraft:melon_slice":22,"minecraft:coal_block":1,"minecraft:furnace":8,"minecraft:beehive":2,"minecraft:stick":38,"minecraft:jukebox":1,"minecraft:composter":1,"minecraft:oak_fence":11,"minecraft:torch":79,"minecraft:spruce_stairs":4,"minecraft:porkchop":3,"minecraft:diorite":5,"enemyexpansion:meathead_helmet":2,"minecraft:cauldron":2,"minecraft:rotten_flesh":36,"minecraft:honey_bottle":1,"create:ochrum":1,"create:asurine":4,"occultism:datura":1,"minecraft:obsidian":4,"minecraft:cod":8,"minecraft:iron_bars":1,"aquaculture:tin_can":1,"alexsmobs:flying_fish":4,"minecraft:cobblestone":539,"aquaculture:lockbox":1,"biomesoplenty:lavender":13,"occultism:datura_seeds":1,"minecraft:feather":7,"minecraft:cooked_beef":13,"minecraft:water_bucket":6,"minecraft:andesite":11,"minecraft:smoker":2,"minecraft:potato":245,"minecraft:flint":1,"minecraft:tuff":11,"minecraft:lapis_lazuli":99,"minecraft:dirt":717,"minecraft:lantern":9,"minecraft:bone":27,"minecraft:glass":2,"minecraft:bow":1,"minecraft:wheat_seeds":66,"luckytntmod:uranium_ore":2,"minecraft:dark_oak_sign":2,"biomesoplenty:palm_sapling":1,"minecraft:fletching_table":2,"minecraft:cyan_candle":17,"minecraft:glowstone_dust":4,"minecraft:oak_planks":18,"aquaculture:atlantic_herring":2,"aquaculture:jellyfish":3,"minecraft:cooked_porkchop":4,"minecraft:sand":36,"minecraft:ink_sac":3,"minecraft:grass_block":2,"minecraft:loom":1,"minecraft:cyan_bed":1,"minecraft:jungle_slab":1,"minecraft:dark_oak_log":23,"biomesoplenty:hellbark_log":3,"create:crimsite":5,"minecraft:yellow_carpet":6,"minecraft:diamond":2,"minecraft:polished_blackstone_pressure_plate":1,"minecraft:granite":9,"minecraft:bone_meal":2,"minecraft:emerald":1,"minecraft:bread":2,"alexsmobs:maggot":3,"minecraft:oak_sapling":17,"minecraft:charcoal":2,"minecraft:crafting_table":8,"minecraft:allium":3,"minecraft:chicken":2,"minecraft:redstone_lamp":3,"occultism:raw_silver":2,"minecraft:cornflower":1,"minecraft:red_bed":6,"overweight_farming:vegetable_peels":2,"minecraft:item_frame":1,"biomesoplenty:hellbark_sapling":1,"minecraft:cyan_carpet":3,"minecraft:blue_orchid":2,"aquaculture:bluegill":1,"minecraft:beef":14,"overweight_farming:seedless_peeled_melon":3,"minecraft:poppy":1,"minecraft:spruce_slab":1,"minecraft:lectern":1,"minecraft:sugar_cane":10,"minecraft:chest":2,"minecraft:egg":13,"minecraft:raw_iron":23,"aquaculture:driftwood":2,"minecraft:bowl":1,"minecraft:carrot":9,"minecraft:dark_oak_planks":2,"luckytntmod:deepslate_uranium_ore":2,"minecraft:arrow":22,"minecraft:cooked_cod":10,"minecraft:hay_block":27,"aquaculture:carp":1,"minecraft:saddle":1,"alexsmobs:flying_fish_bucket":1,"minecraft:mutton":6,"minecraft:white_wool":10,"enemyexpansion:horsehead_helmet":1,"minecraft:tripwire_hook":2,"minecraft:salmon":2,"biomesoplenty:goldenrod":3,"minecraft:leather":13,"securitycraft:sc_manual":1,"minecraft:oak_log":81,"minecraft:gunpowder":28,"minecraft:cooked_mutton":6,"minecraft:apple":5,"minecraft:iron_ingot":16,"minecraft:cooked_chicken":2,"minecraft:iron_sword":1,"minecraft:book":86,"minecraft:oak_slab":3,"aquaculture:smallmouth_bass":1,"minecraft:pumpkin":4,"minecraft:gravel":13,"aquaculture:red_grouper":1,"minecraft:spruce_sapling":4,"minecraft:blast_furnace":5,"minecraft:spruce_log":34,"minecraft:spruce_door":2,"minecraft:spider_eye":7,"biomesoplenty:flowering_oak_sapling":2,"minecraft:pumpkin_seeds":17,"minecraft:dried_kelp_block":2,"minecraft:iron_helmet":1,"minecraft:baked_potato":76,"minecraft:melon_seeds":4,"minecraft:black_wool":1,"minecraft:hopper":9,"minecraft:coal":58,"alexscaves:ancient_sapling":1,"minecraft:ender_pearl":2}},"DataVersion":3465}