{"stats":{"minecraft:custom":{"minecraft:interact_with_crafting_table":126,"minecraft:open_barrel":72,"minecraft:leave_game":20,"minecraft:time_since_death":175539,"minecraft:sprint_one_cm":1785982,"minecraft:damage_blocked_by_shield":660,"minecraft:drop":627,"minecraft:talked_to_villager":27,"minecraft:play_time":729803,"minecraft:deaths":3,"minecraft:jump":10646,"minecraft:interact_with_brewingstand":2,"minecraft:walk_on_water_one_cm":166332,"minecraft:interact_with_furnace":76,"minecraft:interact_with_loom":8,"minecraft:sleep_in_bed":21,"minecraft:damage_dealt":37312,"minecraft:player_kills":2,"minecraft:crouch_one_cm":15055,"minecraft:interact_with_smoker":9,"minecraft:horse_one_cm":4998102,"minecraft:interact_with_smithing_table":19,"minecraft:interact_with_anvil":16,"minecraft:mob_kills":268,"minecraft:inspect_hopper":10,"minecraft:fill_cauldron":2,"minecraft:interact_with_campfire":136,"minecraft:climb_one_cm":19268,"minecraft:walk_one_cm":1604490,"minecraft:sneak_time":11643,"minecraft:walk_under_water_one_cm":86595,"minecraft:interact_with_blast_furnace":42,"minecraft:total_world_time":729803,"minecraft:pot_flower":3,"minecraft:interact_with_grindstone":3,"minecraft:time_since_rest":155894,"minecraft:damage_taken":10796,"minecraft:swim_one_cm":193145,"minecraft:fly_one_cm":1386713,"minecraft:open_chest":676,"minecraft:fall_one_cm":317330,"minecraft:fish_caught":14},"minecraft:dropped":{"minecraft:iron_sword":1,"minecraft:baked_potato":12,"minecraft:glass_bottle":1,"minecraft:ender_pearl":1,"minecraft:lantern":2,"minecraft:saddle":2,"travelersbackpack:standard":1,"minecraft:cod":1,"minecraft:dirt":1,"alexsmobs:flying_fish":1,"biomesoplenty:flowering_oak_sapling":1,"minecraft:cooked_cod":26,"minecraft:bone_meal":2,"minecraft:cyan_carpet":2,"minecraft:bone":14,"minecraft:gravel":11,"minecraft:compass":1,"minecraft:sugar_cane":21,"minecraft:obsidian":4,"minecraft:rotten_flesh":5,"minecraft:beehive":1,"minecraft:honey_bottle":1,"minecraft:salmon":1,"enemyexpansion:meathead_helmet":1,"minecraft:hopper":5,"minecraft:glass":1,"biomesoplenty:tall_lavender":2,"minecraft:egg":7,"minecraft:water_bucket":3,"minecraft:bread":1,"minecraft:oak_slab":3,"minecraft:wheat_seeds":6,"aquaculture:tin_can":1,"minecraft:golden_horse_armor":1,"minecraft:book":18,"biomesoplenty:lavender":9,"minecraft:oak_fence":5,"minecraft:cobblestone":25,"minecraft:spruce_door":1,"minecraft:grass_block":1,"minecraft:coal":13,"biomesoplenty:goldenrod":2,"minecraft:iron_trapdoor":3,"minecraft:melon_slice":64,"minecraft:potion":2,"aquaculture:jellyfish":3,"minecraft:polished_deepslate_wall":4,"minecraft:tripwire_hook":1,"minecraft:lily_pad":1,"minecraft:bucket":32,"minecraft:redstone_block":1,"minecraft:spruce_sapling":1,"minecraft:furnace":3,"minecraft:stone_sword":1,"minecraft:experience_bottle":2,"minecraft:pumpkin_seeds":24,"minecraft:filled_map":2,"minecraft:potato":330,"minecraft:allium":1,"minecraft:spruce_planks":4,"minecraft:oak_sapling":2,"minecraft:bow":1,"minecraft:blue_orchid":1,"minecraft:calcite":2},"minecraft:broken":{"minecraft:iron_shovel":2,"minecraft:iron_boots":1,"minecraft:iron_chestplate":1,"minecraft:iron_sword":1,"minecraft:iron_pickaxe":1,"minecraft:iron_helmet":1},"minecraft:crafted":{"minecraft:grindstone":1,"minecraft:smooth_stone":3,"minecraft:oak_planks":296,"minecraft:stone":6,"minecraft:bookshelf":19,"travelersbackpack:bat":1,"securitycraft:laser_block":1,"minecraft:glass":39,"aquaculture:gold_fishing_rod":1,"minecraft:iron_boots":2,"biomesoplenty:hellbark_planks":12,"minecraft:chest":17,"minecraft:stone_hoe":1,"minecraft:magenta_dye":1,"minecraft:oak_fence":30,"minecraft:white_banner":1,"minecraft:oak_slab":24,"minecraft:item_frame":2,"minecraft:crafting_table":1,"minecraft:spruce_planks":135,"travelersbackpack:standard":1,"minecraft:iron_helmet":2,"minecraft:brush":1,"minecraft:spruce_door":3,"minecraft:copper_ingot":26,"minecraft:oak_wood":6,"minecraft:pumpkin_seeds":16,"minecraft:campfire":2,"minecraft:spruce_trapdoor":2,"minecraft:iron_chestplate":1,"minecraft:book":1,"minecraft:paper":3,"minecraft:diamond_pickaxe":1,"minecraft:shield":2,"minecraft:stone_slab":6,"minecraft:stick":56,"minecraft:iron_ingot":23,"minecraft:iron_pickaxe":1,"minecraft:stone_sword":1,"minecraft:gold_ingot":1,"minecraft:spruce_fence_gate":1,"minecraft:shears":1,"toolbelt:belt":1,"minecraft:coal":9,"minecraft:stone_shovel":1,"minecraft:smooth_stone_slab":6,"minecraft:glass_pane":16,"minecraft:flint_and_steel":1,"travelersbackpack:white_sleeping_bag":1,"minecraft:iron_axe":2,"minecraft:stone_pickaxe":1,"minecraft:redstone_block":14,"alexsmobs:flying_fish_boots":1,"minecraft:dark_oak_planks":92,"travelersbackpack:spider":1,"minecraft:wheat":243,"minecraft:diamond_sword":1,"minecraft:iron_trapdoor":3,"occultism:silver_ingot":2,"minecraft:enchanting_table":1,"travelersbackpack:backpack_tank":2,"luckytntmod:uranium_ingot":8,"minecraft:iron_sword":2,"minecraft:stone_axe":1,"minecraft:bread":85,"minecraft:air":0,"minecraft:oak_fence_gate":3,"minecraft:white_wool":16,"minecraft:iron_shovel":2,"minecraft:armor_stand":1,"minecraft:white_bed":1,"minecraft:torch":4},"minecraft:killed":{"minecraft:cave_spider":118,"enemyexpansion:equestrian":4,"minecraft:spider":14,"minecraft:skeleton":23,"minecraft:chicken":2,"minecraft:skeleton_horse":3,"aquaculture:carp":1,"minecraft:pig":2,"enemyexpansion:ladybug":1,"minecraft:zombie_villager":2,"alexsmobs:seal":2,"minecraft:sheep":5,"minecraft:pillager":7,"enemyexpansion:meature":2,"minecraft:zombie":30,"enemyexpansion:botfly":10,"alexsmobs:fly":4,"minecraft:cow":7,"alexsmobs:raccoon":1,"alexsmobs:seagull":4,"enemyexpansion:direwolf":8,"alexsmobs:flying_fish":2,"alexsmobs:skunk":2,"enemyexpansion:sprinter":3,"enemyexpansion:huntsman":2,"alexsmobs:crow":1,"minecraft:enderman":3,"enemyexpansion:slugger":1},"minecraft:used":{"minecraft:iron_shovel":510,"minecraft:spruce_slab":1,"overweight_farming:seedless_peeled_melon":3,"minecraft:oak_sign":5,"minecraft:shield":27,"minecraft:chest":15,"minecraft:iron_sword":505,"biomesoplenty:origin_sapling":1,"aquaculture:bluegill":1,"minecraft:iron_chestplate":2,"enemyexpansion:meathead_helmet":1,"minecraft:carrot":6,"minecraft:honey_bottle":2,"minecraft:glass":25,"biomesoplenty:palm_sapling":4,"minecraft:lava_bucket":4,"minecraft:lantern":7,"aquaculture:perch_bucket":1,"aquaculture:bluegill_bucket":1,"minecraft:iron_helmet":3,"minecraft:item_frame":3,"minecraft:oak_sapling":1,"minecraft:furnace":4,"minecraft:cooked_cod":75,"minecraft:potato":219,"aquaculture:smallmouth_bass_bucket":2,"travelersbackpack:spider":13,"minecraft:spruce_door":5,"aquaculture:atlantic_herring":2,"minecraft:stone_pickaxe":119,"minecraft:oak_planks":48,"occultism:datura_seeds":3,"alexsmobs:flying_fish_boots":2,"minecraft:composter":1,"biomesoplenty:lavender":2,"minecraft:sugar_cane":19,"minecraft:loom":1,"minecraft:blast_furnace":6,"minecraft:crossbow":4,"aquaculture:jellyfish_bucket":2,"minecraft:redstone_torch":1,"minecraft:cyan_bed":2,"minecraft:melon_slice":11,"minecraft:bread":81,"minecraft:lectern":2,"minecraft:diamond_sword":326,"minecraft:grindstone":1,"aquaculture:smallmouth_bass":1,"minecraft:smithing_table":2,"aquaculture:gar_bucket":1,"minecraft:tropical_fish_bucket":1,"minecraft:oak_fence":31,"minecraft:stone_sword":64,"minecraft:enchanting_table":2,"minecraft:flint_and_steel":1,"minecraft:armor_stand":1,"alexsmobs:flying_fish_bucket":4,"minecraft:stone_shovel":34,"minecraft:spruce_planks":103,"minecraft:stone_hoe":61,"travelersbackpack:bat":5,"minecraft:cooked_chicken":2,"minecraft:torch":111,"minecraft:brewing_stand":1,"minecraft:dirt":557,"minecraft:anvil":2,"alexscaves:ancient_sapling":2,"minecraft:hopper":7,"minecraft:yellow_carpet":8,"aquaculture:gold_fishing_rod":27,"minecraft:oak_fence_gate":3,"aquaculture:red_grouper":1,"minecraft:shroomlight":5,"minecraft:flowering_azalea":1,"minecraft:bookshelf":19,"minecraft:iron_axe":251,"minecraft:polished_deepslate_wall":2,"minecraft:iron_boots":2,"overweight_farming:half_seeded_peeled_melon":1,"minecraft:beef":1,"alexsmobs:lobster_bucket":1,"overweight_farming:vegetable_peels":2,"minecraft:cooked_beef":12,"minecraft:powder_snow_bucket":1,"minecraft:wheat_seeds":19,"minecraft:cooked_mutton":3,"minecraft:water_bucket":87,"minecraft:iron_ore":17,"minecraft:cyan_candle":17,"minecraft:baked_potato":35,"minecraft:cauldron":2,"minecraft:fletching_table":3,"minecraft:spruce_fence_gate":1,"biomesoplenty:hellbark_sapling":2,"minecraft:salmon":1,"minecraft:crafting_table":8,"minecraft:oak_slab":24,"aquaculture:carp_bucket":1,"minecraft:red_bed":6,"minecraft:white_bed":3,"minecraft:campfire":2,"occultism:datura":1,"biomesoplenty:orange_autumn_sapling":1,"minecraft:cake":1,"minecraft:smoker":2,"minecraft:flower_pot":1,"minecraft:diamond_pickaxe":783,"minecraft:apple":16,"aquaculture:carp":1,"minecraft:iron_pickaxe":270,"minecraft:suspicious_stew":3,"minecraft:map":1,"minecraft:spruce_trapdoor":2,"minecraft:stone_axe":133,"travelersbackpack:standard":3,"minecraft:cobblestone":108,"toolbelt:belt":10,"minecraft:cooked_porkchop":3,"minecraft:bucket":108,"minecraft:pumpkin_pie":3,"alexsmobs:animal_dictionary":2,"minecraft:sea_pickle":2,"minecraft:diamond_leggings":1,"minecraft:jukebox":1},"minecraft:mined":{"minecraft:white_bed":2,"minecraft:spruce_planks":46,"minecraft:jungle_slab":1,"minecraft:potted_blue_orchid":1,"minecraft:brewing_stand":1,"minecraft:obsidian":9,"minecraft:granite":31,"minecraft:grass_block":261,"minecraft:yellow_carpet":3,"biomesoplenty:flowering_oak_leaves":6,"minecraft:coal_block":1,"minecraft:composter":1,"minecraft:hopper":9,"minecraft:oak_wall_sign":4,"minecraft:gilded_blackstone":2,"minecraft:spawner":2,"luckytntmod:deepslate_uranium_ore":8,"biomesoplenty:tall_lavender":3,"minecraft:glowstone":1,"minecraft:iron_ore":17,"minecraft:fire":1,"biomesoplenty:lavender":14,"minecraft:anvil":2,"minecraft:pumpkin":4,"minecraft:deepslate_lapis_ore":11,"minecraft:fletching_table":3,"biomesoplenty:hellbark_log":3,"minecraft:enchanting_table":1,"create:asurine":4,"minecraft:oak_sign":1,"minecraft:water_cauldron":2,"minecraft:dirt_path":3,"minecraft:oak_stairs":5,"minecraft:iron_bars":1,"occultism:silver_ore":2,"minecraft:spruce_slab":2,"minecraft:deepslate_redstone_ore":13,"minecraft:red_bed":6,"minecraft:smoker":2,"minecraft:torch":36,"minecraft:blast_furnace":6,"minecraft:calcite":2,"minecraft:melon":4,"minecraft:poppy":1,"minecraft:chest":2,"create:scoria":17,"minecraft:mushroom_stem":1,"minecraft:glass":4,"minecraft:cobblestone":87,"minecraft:cyan_bed":1,"minecraft:oak_planks":18,"minecraft:sugar_cane":16,"minecraft:wall_torch":42,"biomesoplenty:goldenrod":1,"minecraft:seagrass":4,"minecraft:wheat":17,"minecraft:jukebox":1,"minecraft:grass":80,"minecraft:oak_log":84,"minecraft:loom":1,"minecraft:sand":36,"minecraft:dirt":411,"minecraft:tripwire_hook":1,"create:crimsite":5,"minecraft:polished_deepslate_wall":4,"minecraft:oak_leaves":22,"minecraft:cyan_candle":7,"minecraft:deepslate":94,"minecraft:redstone_lamp":3,"biomesoplenty:palm_sapling":1,"minecraft:tuff":12,"minecraft:deepslate_diamond_ore":3,"minecraft:dark_oak_log":23,"biomesoplenty:bush":9,"minecraft:allium":3,"create:ochrum":1,"minecraft:spruce_leaves":52,"minecraft:hay_block":27,"minecraft:redstone_ore":2,"minecraft:furnace":7,"minecraft:carrots":3,"overweight_farming:half_seeded_peeled_melon":1,"minecraft:andesite":32,"overweight_farming:seedless_peeled_melon":3,"minecraft:bookshelf":30,"minecraft:potatoes":105,"minecraft:shroomlight":5,"minecraft:deepslate_iron_ore":3,"minecraft:rail":1,"minecraft:lantern":7,"minecraft:stone":643,"travelersbackpack:spider":2,"minecraft:smithing_table":2,"minecraft:oak_slab":1,"minecraft:redstone_block":3,"minecraft:glass_pane":2,"minecraft:spruce_door":2,"minecraft:oak_fence":11,"minecraft:crafting_table":9,"minecraft:cornflower":1,"alexscaves:ancient_sapling":1,"minecraft:lectern":2,"minecraft:campfire":1,"minecraft:copper_ore":6,"minecraft:tall_grass":8,"minecraft:deepslate_coal_ore":6,"minecraft:dried_kelp_block":2,"minecraft:lapis_ore":14,"minecraft:diorite":9,"minecraft:spruce_stairs":4,"minecraft:sea_pickle":2,"minecraft:beehive":1,"minecraft:spruce_log":36,"minecraft:black_wool":1,"minecraft:coal_ore":37,"minecraft:cyan_carpet":1,"minecraft:gravel":25,"minecraft:cobweb":5,"minecraft:deepslate_emerald_ore":1,"luckytntmod:gunpowder_ore":6,"luckytntmod:uranium_ore":2},"minecraft:killed_by":{"minecraft:skeleton":1},"minecraft:picked_up":{"minecraft:wheat":13,"minecraft:redstone_block":3,"minecraft:flower_pot":1,"minecraft:anvil":2,"minecraft:smithing_table":2,"biomesoplenty:orange_autumn_sapling":11,"minecraft:oak_stairs":5,"minecraft:potion":3,"travelersbackpack:spider":2,"overweight_farming:half_seeded_peeled_melon":1,"minecraft:brewing_stand":1,"minecraft:polished_deepslate_wall":6,"minecraft:string":22,"minecraft:raw_copper":26,"biomesoplenty:tall_lavender":3,"minecraft:experience_bottle":1,"minecraft:shroomlight":5,"minecraft:oak_sign":9,"minecraft:sea_pickle":2,"minecraft:gold_nugget":9,"minecraft:cobbled_deepslate":97,"minecraft:bucket":28,"minecraft:spruce_planks":47,"minecraft:redstone_torch":1,"minecraft:calcite":6,"minecraft:melon_slice":22,"minecraft:coal_block":1,"minecraft:furnace":8,"minecraft:beehive":2,"minecraft:stick":38,"minecraft:jukebox":1,"minecraft:composter":1,"minecraft:oak_fence":12,"minecraft:torch":88,"minecraft:spruce_stairs":4,"minecraft:porkchop":3,"minecraft:diorite":6,"enemyexpansion:meathead_helmet":2,"minecraft:cauldron":2,"minecraft:rotten_flesh":46,"minecraft:honey_bottle":1,"create:scoria":17,"create:ochrum":1,"create:asurine":4,"occultism:datura":1,"minecraft:obsidian":8,"minecraft:cod":8,"minecraft:iron_bars":1,"aquaculture:tin_can":1,"alexsmobs:flying_fish":4,"minecraft:cobblestone":703,"aquaculture:lockbox":1,"biomesoplenty:lavender":13,"occultism:datura_seeds":1,"minecraft:feather":7,"minecraft:cooked_beef":13,"minecraft:water_bucket":6,"minecraft:andesite":32,"minecraft:smoker":2,"minecraft:potato":577,"minecraft:flint":2,"minecraft:tuff":12,"minecraft:lapis_lazuli":149,"minecraft:dirt":732,"minecraft:lantern":10,"minecraft:glass":3,"minecraft:bone":28,"minecraft:bow":2,"minecraft:wheat_seeds":66,"luckytntmod:uranium_ore":2,"minecraft:dark_oak_sign":2,"biomesoplenty:palm_sapling":1,"minecraft:fletching_table":3,"minecraft:cyan_candle":17,"minecraft:glowstone_dust":4,"minecraft:oak_planks":18,"aquaculture:atlantic_herring":2,"aquaculture:jellyfish":3,"minecraft:cooked_porkchop":4,"minecraft:sand":39,"minecraft:ink_sac":3,"minecraft:grass_block":2,"minecraft:loom":1,"minecraft:cyan_bed":2,"minecraft:jungle_slab":1,"minecraft:dark_oak_log":23,"biomesoplenty:hellbark_log":3,"create:crimsite":5,"minecraft:yellow_carpet":8,"minecraft:diamond":4,"minecraft:polished_blackstone_pressure_plate":1,"minecraft:granite":16,"minecraft:bone_meal":2,"minecraft:emerald":1,"minecraft:bread":4,"alexsmobs:maggot":3,"minecraft:oak_sapling":18,"minecraft:charcoal":2,"minecraft:crafting_table":8,"minecraft:allium":3,"minecraft:chicken":2,"minecraft:redstone_lamp":3,"occultism:raw_silver":2,"minecraft:cornflower":1,"minecraft:red_bed":6,"overweight_farming:vegetable_peels":2,"minecraft:compass":1,"minecraft:item_frame":1,"biomesoplenty:hellbark_sapling":1,"minecraft:cyan_carpet":3,"minecraft:blue_orchid":2,"aquaculture:bluegill":1,"minecraft:beef":14,"overweight_farming:seedless_peeled_melon":3,"minecraft:poppy":1,"minecraft:spruce_slab":1,"minecraft:lectern":2,"minecraft:sugar_cane":36,"minecraft:chest":2,"minecraft:egg":13,"minecraft:raw_iron":40,"minecraft:bowl":1,"aquaculture:driftwood":2,"minecraft:carrot":9,"minecraft:redstone":65,"minecraft:dark_oak_planks":2,"luckytntmod:deepslate_uranium_ore":8,"minecraft:arrow":25,"minecraft:cooked_cod":10,"minecraft:hay_block":27,"aquaculture:carp":1,"minecraft:saddle":1,"alexsmobs:flying_fish_bucket":1,"minecraft:mutton":6,"minecraft:rail":12,"minecraft:white_wool":10,"enemyexpansion:horsehead_helmet":1,"minecraft:tripwire_hook":2,"minecraft:salmon":2,"biomesoplenty:goldenrod":3,"minecraft:leather":13,"minecraft:filled_map":1,"securitycraft:sc_manual":1,"minecraft:oak_log":81,"minecraft:gunpowder":28,"minecraft:white_banner":1,"minecraft:cooked_mutton":6,"minecraft:apple":5,"minecraft:iron_ingot":16,"minecraft:cooked_chicken":2,"minecraft:iron_sword":1,"minecraft:book":89,"minecraft:oak_slab":3,"aquaculture:smallmouth_bass":1,"minecraft:pumpkin":4,"minecraft:gravel":29,"aquaculture:red_grouper":1,"minecraft:spruce_sapling":4,"minecraft:blast_furnace":5,"minecraft:white_bed":2,"minecraft:spruce_log":34,"minecraft:spruce_door":3,"minecraft:spider_eye":9,"biomesoplenty:flowering_oak_sapling":2,"minecraft:pumpkin_seeds":17,"minecraft:dried_kelp_block":2,"minecraft:iron_helmet":1,"minecraft:baked_potato":88,"minecraft:melon_seeds":4,"minecraft:black_wool":1,"minecraft:hopper":9,"minecraft:coal":62,"alexscaves:ancient_sapling":1,"minecraft:ender_pearl":2}},"DataVersion":3465}