{"stats":{"minecraft:mined":{"minecraft:spruce_planks":40,"minecraft:jungle_slab":1,"minecraft:potted_blue_orchid":1,"minecraft:brewing_stand":1,"minecraft:obsidian":5,"minecraft:grass_block":242,"minecraft:yellow_carpet":3,"biomesoplenty:flowering_oak_leaves":6,"minecraft:coal_block":1,"minecraft:composter":1,"minecraft:hopper":8,"minecraft:oak_wall_sign":4,"minecraft:gilded_blackstone":2,"biomesoplenty:tall_lavender":3,"minecraft:glowstone":1,"biomesoplenty:lavender":11,"minecraft:fletching_table":2,"minecraft:pumpkin":4,"minecraft:deepslate_lapis_ore":2,"minecraft:anvil":2,"biomesoplenty:hellbark_log":3,"create:asurine":4,"minecraft:dirt_path":3,"minecraft:oak_sign":1,"minecraft:water_cauldron":2,"minecraft:oak_stairs":5,"minecraft:iron_bars":1,"occultism:silver_ore":2,"minecraft:spruce_slab":1,"minecraft:red_bed":6,"minecraft:smoker":2,"minecraft:torch":25,"minecraft:blast_furnace":6,"minecraft:calcite":2,"minecraft:poppy":1,"minecraft:melon":4,"minecraft:chest":2,"minecraft:mushroom_stem":1,"minecraft:glass":4,"minecraft:cobblestone":16,"minecraft:sugar_cane":8,"minecraft:oak_planks":18,"minecraft:wall_torch":22,"biomesoplenty:goldenrod":1,"minecraft:seagrass":4,"minecraft:wheat":17,"minecraft:jukebox":1,"minecraft:grass":77,"minecraft:oak_log":82,"minecraft:loom":1,"minecraft:sand":36,"minecraft:dirt":375,"minecraft:oak_leaves":21,"minecraft:cyan_candle":7,"biomesoplenty:palm_sapling":1,"minecraft:redstone_lamp":3,"minecraft:deepslate_diamond_ore":2,"minecraft:dark_oak_log":23,"biomesoplenty:bush":9,"minecraft:allium":2,"create:ochrum":1,"minecraft:spruce_leaves":40,"minecraft:hay_block":27,"minecraft:furnace":7,"overweight_farming:half_seeded_peeled_melon":1,"overweight_farming:seedless_peeled_melon":3,"minecraft:potatoes":38,"minecraft:shroomlight":5,"minecraft:lantern":5,"minecraft:stone":368,"travelersbackpack:spider":1,"minecraft:smithing_table":1,"minecraft:oak_slab":1,"minecraft:redstone_block":3,"minecraft:glass_pane":2,"minecraft:spruce_door":2,"minecraft:oak_fence":11,"minecraft:crafting_table":7,"minecraft:cornflower":1,"alexscaves:ancient_sapling":1,"minecraft:tall_grass":8,"minecraft:deepslate_coal_ore":6,"minecraft:dried_kelp_block":2,"minecraft:lapis_ore":6,"minecraft:diorite":3,"minecraft:spruce_stairs":4,"minecraft:sea_pickle":1,"minecraft:beehive":1,"minecraft:spruce_log":36,"minecraft:black_wool":1,"minecraft:coal_ore":31,"minecraft:gravel":14,"minecraft:deepslate_emerald_ore":1,"luckytntmod:gunpowder_ore":6},"minecraft:broken":{"minecraft:iron_shovel":2,"minecraft:iron_sword":1,"minecraft:iron_pickaxe":1},"minecraft:used":{"minecraft:iron_shovel":510,"minecraft:spruce_slab":1,"overweight_farming:seedless_peeled_melon":3,"minecraft:oak_sign":5,"minecraft:shield":12,"minecraft:chest":12,"minecraft:iron_sword":310,"biomesoplenty:origin_sapling":1,"aquaculture:bluegill":1,"minecraft:iron_chestplate":1,"enemyexpansion:meathead_helmet":1,"minecraft:honey_bottle":2,"minecraft:glass":25,"biomesoplenty:palm_sapling":4,"minecraft:lava_bucket":1,"minecraft:lantern":5,"aquaculture:perch_bucket":1,"aquaculture:bluegill_bucket":1,"minecraft:iron_helmet":2,"minecraft:item_frame":2,"minecraft:furnace":4,"minecraft:cooked_cod":63,"minecraft:potato":123,"aquaculture:smallmouth_bass_bucket":2,"travelersbackpack:spider":3,"minecraft:spruce_door":5,"aquaculture:atlantic_herring":1,"minecraft:stone_pickaxe":119,"minecraft:oak_planks":41,"occultism:datura_seeds":3,"alexsmobs:flying_fish_boots":2,"minecraft:composter":1,"biomesoplenty:lavender":2,"minecraft:sugar_cane":14,"minecraft:loom":1,"minecraft:blast_furnace":6,"minecraft:crossbow":1,"aquaculture:jellyfish_bucket":2,"minecraft:melon_slice":11,"minecraft:bread":49,"minecraft:diamond_sword":97,"minecraft:grindstone":1,"aquaculture:smallmouth_bass":1,"minecraft:smithing_table":1,"aquaculture:gar_bucket":1,"minecraft:oak_fence":31,"minecraft:enchanting_table":1,"minecraft:flint_and_steel":1,"minecraft:stone_shovel":3,"alexsmobs:flying_fish_bucket":4,"minecraft:armor_stand":1,"minecraft:spruce_planks":103,"minecraft:stone_hoe":58,"minecraft:cooked_chicken":2,"minecraft:torch":74,"minecraft:brewing_stand":1,"minecraft:dirt":507,"minecraft:anvil":2,"alexscaves:ancient_sapling":2,"minecraft:hopper":3,"minecraft:yellow_carpet":6,"aquaculture:gold_fishing_rod":20,"minecraft:oak_fence_gate":3,"aquaculture:red_grouper":1,"minecraft:shroomlight":5,"minecraft:flowering_azalea":1,"minecraft:bookshelf":3,"minecraft:iron_axe":203,"minecraft:iron_boots":1,"overweight_farming:half_seeded_peeled_melon":1,"minecraft:beef":1,"alexsmobs:lobster_bucket":1,"overweight_farming:vegetable_peels":2,"minecraft:cooked_beef":4,"minecraft:powder_snow_bucket":1,"minecraft:wheat_seeds":19,"minecraft:cooked_mutton":3,"minecraft:water_bucket":70,"minecraft:cyan_candle":17,"minecraft:baked_potato":12,"minecraft:cauldron":2,"minecraft:fletching_table":2,"minecraft:spruce_fence_gate":1,"biomesoplenty:hellbark_sapling":2,"minecraft:salmon":1,"minecraft:oak_slab":24,"minecraft:crafting_table":7,"aquaculture:carp_bucket":1,"minecraft:red_bed":6,"minecraft:campfire":2,"biomesoplenty:orange_autumn_sapling":1,"minecraft:smoker":2,"minecraft:flower_pot":1,"minecraft:diamond_pickaxe":162,"minecraft:apple":7,"aquaculture:carp":1,"minecraft:iron_pickaxe":252,"minecraft:suspicious_stew":3,"minecraft:map":1,"minecraft:stone_axe":133,"minecraft:cobblestone":42,"travelersbackpack:standard":1,"toolbelt:belt":10,"minecraft:cooked_porkchop":3,"minecraft:bucket":88,"alexsmobs:animal_dictionary":2,"minecraft:sea_pickle":2,"minecraft:diamond_leggings":1,"minecraft:jukebox":1},"minecraft:custom":{"minecraft:interact_with_crafting_table":89,"minecraft:open_barrel":63,"minecraft:leave_game":9,"minecraft:time_since_death":91709,"minecraft:sprint_one_cm":1051436,"minecraft:damage_blocked_by_shield":405,"minecraft:drop":213,"minecraft:play_time":471738,"minecraft:deaths":2,"minecraft:jump":6636,"minecraft:interact_with_brewingstand":2,"minecraft:walk_on_water_one_cm":100295,"minecraft:interact_with_furnace":72,"minecraft:interact_with_loom":8,"minecraft:sleep_in_bed":19,"minecraft:damage_dealt":15825,"minecraft:crouch_one_cm":11274,"minecraft:interact_with_smoker":7,"minecraft:horse_one_cm":3593673,"minecraft:interact_with_smithing_table":7,"minecraft:mob_kills":99,"minecraft:interact_with_anvil":6,"minecraft:inspect_hopper":8,"minecraft:fill_cauldron":2,"minecraft:interact_with_campfire":89,"minecraft:climb_one_cm":17271,"minecraft:walk_one_cm":1046228,"minecraft:sneak_time":6311,"minecraft:walk_under_water_one_cm":71203,"minecraft:interact_with_blast_furnace":17,"minecraft:total_world_time":471738,"minecraft:pot_flower":3,"minecraft:interact_with_grindstone":2,"minecraft:time_since_rest":91732,"minecraft:damage_taken":6645,"minecraft:swim_one_cm":141055,"minecraft:fly_one_cm":940509,"minecraft:open_chest":431,"minecraft:fish_caught":11,"minecraft:fall_one_cm":218590},"minecraft:dropped":{"minecraft:iron_sword":1,"minecraft:glass_bottle":1,"minecraft:ender_pearl":1,"minecraft:lantern":1,"minecraft:saddle":1,"minecraft:dirt":1,"biomesoplenty:flowering_oak_sapling":1,"alexsmobs:flying_fish":1,"minecraft:cooked_cod":26,"minecraft:bone_meal":2,"minecraft:bone":14,"minecraft:gravel":11,"minecraft:rotten_flesh":2,"minecraft:beehive":1,"minecraft:honey_bottle":1,"enemyexpansion:meathead_helmet":1,"minecraft:hopper":5,"minecraft:glass":1,"biomesoplenty:tall_lavender":2,"minecraft:egg":7,"minecraft:water_bucket":3,"minecraft:oak_slab":3,"minecraft:wheat_seeds":3,"minecraft:golden_horse_armor":1,"biomesoplenty:lavender":6,"minecraft:oak_fence":5,"minecraft:cobblestone":25,"minecraft:grass_block":1,"biomesoplenty:goldenrod":2,"minecraft:melon_slice":64,"aquaculture:jellyfish":2,"minecraft:lily_pad":1,"minecraft:bucket":31,"minecraft:redstone_block":1,"minecraft:spruce_sapling":1,"minecraft:furnace":3,"minecraft:pumpkin_seeds":24,"minecraft:allium":1,"minecraft:oak_sapling":2,"minecraft:blue_orchid":1,"minecraft:calcite":2},"minecraft:killed":{"minecraft:cave_spider":2,"enemyexpansion:equestrian":2,"minecraft:spider":14,"minecraft:skeleton":13,"minecraft:chicken":2,"minecraft:skeleton_horse":3,"aquaculture:carp":1,"minecraft:pig":2,"minecraft:zombie_villager":2,"alexsmobs:seal":2,"minecraft:sheep":5,"minecraft:pillager":3,"enemyexpansion:meature":2,"minecraft:zombie":11,"enemyexpansion:botfly":4,"alexsmobs:fly":2,"minecraft:cow":7,"alexsmobs:raccoon":1,"alexsmobs:seagull":3,"enemyexpansion:direwolf":4,"alexsmobs:flying_fish":2,"alexsmobs:skunk":2,"enemyexpansion:sprinter":1,"enemyexpansion:huntsman":2,"alexsmobs:crow":1,"minecraft:enderman":3,"enemyexpansion:slugger":1},"minecraft:picked_up":{"minecraft:wheat":13,"minecraft:redstone_block":3,"minecraft:flower_pot":1,"minecraft:anvil":2,"minecraft:smithing_table":1,"biomesoplenty:orange_autumn_sapling":11,"minecraft:oak_stairs":5,"minecraft:potion":1,"travelersbackpack:spider":1,"overweight_farming:half_seeded_peeled_melon":1,"minecraft:brewing_stand":1,"minecraft:string":16,"biomesoplenty:tall_lavender":3,"minecraft:shroomlight":5,"minecraft:oak_sign":9,"minecraft:sea_pickle":2,"minecraft:gold_nugget":9,"minecraft:bucket":28,"minecraft:spruce_planks":40,"minecraft:calcite":2,"minecraft:melon_slice":22,"minecraft:coal_block":1,"minecraft:furnace":8,"minecraft:beehive":2,"minecraft:stick":38,"minecraft:jukebox":1,"minecraft:composter":1,"minecraft:oak_fence":11,"minecraft:torch":59,"minecraft:spruce_stairs":4,"minecraft:porkchop":3,"minecraft:diorite":3,"enemyexpansion:meathead_helmet":2,"minecraft:cauldron":2,"minecraft:honey_bottle":1,"minecraft:rotten_flesh":19,"create:ochrum":1,"create:asurine":4,"minecraft:obsidian":4,"minecraft:iron_bars":1,"minecraft:cod":7,"alexsmobs:flying_fish":4,"minecraft:cobblestone":370,"biomesoplenty:lavender":10,"occultism:datura_seeds":1,"minecraft:feather":7,"minecraft:cooked_beef":13,"minecraft:water_bucket":6,"minecraft:smoker":2,"minecraft:potato":125,"minecraft:flint":1,"minecraft:lapis_lazuli":57,"minecraft:dirt":688,"minecraft:lantern":7,"minecraft:bone":22,"minecraft:glass":2,"minecraft:wheat_seeds":64,"biomesoplenty:palm_sapling":1,"minecraft:cyan_candle":17,"minecraft:fletching_table":2,"minecraft:glowstone_dust":4,"minecraft:oak_planks":18,"aquaculture:atlantic_herring":1,"aquaculture:jellyfish":2,"minecraft:cooked_porkchop":4,"minecraft:sand":36,"minecraft:ink_sac":3,"minecraft:loom":1,"minecraft:grass_block":2,"minecraft:dark_oak_log":23,"minecraft:jungle_slab":1,"biomesoplenty:hellbark_log":3,"minecraft:yellow_carpet":6,"minecraft:diamond":2,"minecraft:polished_blackstone_pressure_plate":1,"minecraft:bone_meal":2,"minecraft:emerald":1,"minecraft:bread":2,"alexsmobs:maggot":2,"minecraft:oak_sapling":17,"minecraft:crafting_table":7,"minecraft:allium":3,"minecraft:chicken":2,"minecraft:redstone_lamp":3,"occultism:raw_silver":2,"minecraft:cornflower":1,"minecraft:red_bed":6,"overweight_farming:vegetable_peels":2,"biomesoplenty:hellbark_sapling":1,"minecraft:blue_orchid":2,"aquaculture:bluegill":1,"minecraft:beef":14,"overweight_farming:seedless_peeled_melon":3,"minecraft:poppy":1,"minecraft:spruce_slab":1,"minecraft:sugar_cane":10,"minecraft:chest":2,"minecraft:egg":12,"minecraft:raw_iron":20,"aquaculture:driftwood":1,"minecraft:bowl":1,"minecraft:arrow":13,"minecraft:cooked_cod":10,"minecraft:hay_block":27,"aquaculture:carp":1,"minecraft:saddle":1,"alexsmobs:flying_fish_bucket":1,"minecraft:mutton":6,"minecraft:white_wool":10,"minecraft:salmon":1,"biomesoplenty:goldenrod":3,"minecraft:leather":13,"securitycraft:sc_manual":1,"minecraft:oak_log":79,"minecraft:gunpowder":28,"minecraft:cooked_mutton":6,"minecraft:apple":5,"minecraft:cooked_chicken":2,"minecraft:iron_sword":1,"minecraft:oak_slab":3,"aquaculture:smallmouth_bass":1,"minecraft:pumpkin":4,"minecraft:gravel":13,"aquaculture:red_grouper":1,"minecraft:spruce_sapling":4,"minecraft:blast_furnace":5,"minecraft:spruce_log":34,"minecraft:spruce_door":2,"minecraft:spider_eye":7,"biomesoplenty:flowering_oak_sapling":2,"minecraft:pumpkin_seeds":17,"minecraft:dried_kelp_block":2,"minecraft:iron_helmet":1,"minecraft:baked_potato":51,"minecraft:black_wool":1,"minecraft:melon_seeds":4,"minecraft:hopper":8,"minecraft:coal":56,"alexscaves:ancient_sapling":1,"minecraft:ender_pearl":2},"minecraft:crafted":{"minecraft:grindstone":1,"minecraft:smooth_stone":3,"minecraft:oak_planks":284,"minecraft:stone":6,"minecraft:bookshelf":3,"minecraft:glass":36,"aquaculture:gold_fishing_rod":1,"minecraft:iron_boots":1,"biomesoplenty:hellbark_planks":12,"minecraft:chest":11,"minecraft:stone_hoe":1,"minecraft:magenta_dye":1,"minecraft:oak_fence":30,"minecraft:white_banner":1,"minecraft:oak_slab":24,"minecraft:item_frame":2,"minecraft:crafting_table":1,"minecraft:spruce_planks":135,"minecraft:iron_helmet":1,"travelersbackpack:standard":1,"minecraft:spruce_door":3,"minecraft:oak_wood":6,"minecraft:pumpkin_seeds":16,"minecraft:campfire":2,"minecraft:book":1,"minecraft:paper":3,"minecraft:diamond_pickaxe":1,"minecraft:shield":2,"minecraft:stick":48,"minecraft:stone_slab":6,"minecraft:iron_ingot":20,"minecraft:iron_pickaxe":1,"minecraft:gold_ingot":1,"minecraft:spruce_fence_gate":1,"minecraft:shears":1,"toolbelt:belt":1,"minecraft:stone_shovel":1,"minecraft:coal":9,"minecraft:smooth_stone_slab":6,"minecraft:flint_and_steel":1,"travelersbackpack:white_sleeping_bag":1,"minecraft:iron_axe":1,"minecraft:stone_pickaxe":1,"alexsmobs:flying_fish_boots":1,"minecraft:dark_oak_planks":92,"travelersbackpack:spider":1,"minecraft:wheat":243,"minecraft:diamond_sword":1,"occultism:silver_ingot":2,"minecraft:enchanting_table":1,"travelersbackpack:backpack_tank":2,"minecraft:iron_sword":1,"minecraft:stone_axe":1,"minecraft:bread":85,"minecraft:air":0,"minecraft:oak_fence_gate":3,"minecraft:iron_shovel":2,"minecraft:armor_stand":1,"minecraft:torch":4}},"DataVersion":3465}