{"stats":{"minecraft:custom":{"minecraft:interact_with_smithing_table":1,"minecraft:interact_with_anvil":4,"minecraft:mob_kills":42,"minecraft:inspect_hopper":5,"minecraft:interact_with_crafting_table":46,"minecraft:open_barrel":54,"minecraft:fill_cauldron":2,"minecraft:interact_with_campfire":14,"minecraft:leave_game":6,"minecraft:time_since_death":70193,"minecraft:climb_one_cm":9742,"minecraft:sprint_one_cm":539145,"minecraft:damage_blocked_by_shield":225,"minecraft:walk_one_cm":501455,"minecraft:drop":90,"minecraft:play_time":205170,"minecraft:sneak_time":2960,"minecraft:deaths":1,"minecraft:walk_under_water_one_cm":28896,"minecraft:jump":3651,"minecraft:interact_with_brewingstand":2,"minecraft:interact_with_blast_furnace":3,"minecraft:walk_on_water_one_cm":25596,"minecraft:total_world_time":205170,"minecraft:interact_with_furnace":67,"minecraft:interact_with_loom":4,"minecraft:pot_flower":3,"minecraft:interact_with_grindstone":2,"minecraft:sleep_in_bed":13,"minecraft:time_since_rest":36,"minecraft:damage_taken":3153,"minecraft:damage_dealt":5950,"minecraft:swim_one_cm":25356,"minecraft:fly_one_cm":559924,"minecraft:open_chest":201,"minecraft:crouch_one_cm":4786,"minecraft:interact_with_smoker":1,"minecraft:fall_one_cm":134391},"minecraft:picked_up":{"minecraft:wheat":4,"minecraft:crafting_table":4,"minecraft:allium":2,"minecraft:redstone_block":3,"minecraft:flower_pot":1,"minecraft:chicken":2,"minecraft:anvil":2,"minecraft:redstone_lamp":3,"minecraft:smithing_table":1,"overweight_farming:half_seeded_peeled_melon":1,"minecraft:brewing_stand":1,"minecraft:cornflower":1,"overweight_farming:vegetable_peels":2,"minecraft:string":2,"minecraft:red_bed":5,"biomesoplenty:tall_lavender":1,"minecraft:blue_orchid":2,"minecraft:shroomlight":5,"minecraft:oak_sign":9,"minecraft:gold_nugget":9,"minecraft:bucket":28,"minecraft:spruce_planks":8,"minecraft:beef":3,"overweight_farming:seedless_peeled_melon":3,"minecraft:calcite":2,"minecraft:poppy":1,"minecraft:melon_slice":22,"minecraft:coal_block":1,"minecraft:chest":1,"minecraft:furnace":4,"minecraft:egg":9,"minecraft:beehive":2,"minecraft:stick":23,"minecraft:raw_iron":20,"minecraft:jukebox":1,"minecraft:composter":1,"minecraft:oak_fence":1,"minecraft:torch":43,"minecraft:porkchop":3,"minecraft:cauldron":2,"minecraft:honey_bottle":1,"minecraft:arrow":7,"minecraft:rotten_flesh":5,"minecraft:cooked_cod":3,"minecraft:hay_block":3,"minecraft:saddle":1,"aquaculture:carp":1,"minecraft:mutton":6,"minecraft:iron_bars":1,"alexsmobs:flying_fish":1,"minecraft:white_wool":8,"minecraft:cobblestone":167,"biomesoplenty:lavender":1,"occultism:datura_seeds":1,"minecraft:feather":5,"minecraft:cooked_beef":3,"minecraft:water_bucket":6,"minecraft:leather":8,"minecraft:smoker":1,"minecraft:potato":4,"minecraft:oak_log":78,"minecraft:gunpowder":28,"minecraft:lapis_lazuli":57,"minecraft:dirt":341,"minecraft:lantern":5,"minecraft:cooked_mutton":6,"minecraft:bone":14,"minecraft:apple":1,"minecraft:wheat_seeds":27,"minecraft:cooked_chicken":2,"minecraft:cyan_candle":3,"minecraft:glowstone_dust":4,"minecraft:iron_sword":1,"minecraft:oak_planks":2,"minecraft:cooked_porkchop":4,"minecraft:pumpkin":4,"minecraft:gravel":4,"minecraft:sand":36,"minecraft:spruce_sapling":2,"minecraft:blast_furnace":1,"minecraft:ink_sac":3,"minecraft:grass_block":1,"minecraft:spruce_log":33,"minecraft:loom":1,"minecraft:spruce_door":2,"minecraft:spider_eye":2,"biomesoplenty:flowering_oak_sapling":2,"minecraft:pumpkin_seeds":2,"minecraft:dried_kelp_block":2,"minecraft:diamond":2,"minecraft:polished_blackstone_pressure_plate":1,"minecraft:iron_helmet":1,"minecraft:bone_meal":1,"minecraft:hopper":6,"minecraft:melon_seeds":4,"minecraft:emerald":1,"alexsmobs:maggot":2,"minecraft:oak_sapling":16,"minecraft:black_wool":1,"minecraft:coal":29},"minecraft:broken":{"minecraft:iron_shovel":1},"minecraft:mined":{"minecraft:spruce_planks":8,"minecraft:deepslate_diamond_ore":2,"minecraft:potted_blue_orchid":1,"minecraft:brewing_stand":1,"biomesoplenty:bush":4,"minecraft:allium":1,"minecraft:grass_block":97,"biomesoplenty:flowering_oak_leaves":6,"minecraft:coal_block":1,"minecraft:spruce_leaves":34,"minecraft:hopper":6,"minecraft:composter":1,"minecraft:oak_wall_sign":4,"minecraft:gilded_blackstone":2,"minecraft:hay_block":3,"biomesoplenty:tall_lavender":1,"minecraft:glowstone":1,"minecraft:furnace":4,"overweight_farming:half_seeded_peeled_melon":1,"biomesoplenty:lavender":1,"minecraft:pumpkin":4,"overweight_farming:seedless_peeled_melon":3,"minecraft:deepslate_lapis_ore":2,"minecraft:anvil":2,"minecraft:potatoes":1,"minecraft:shroomlight":5,"minecraft:oak_sign":1,"minecraft:water_cauldron":2,"minecraft:iron_bars":1,"minecraft:lantern":3,"minecraft:stone":165,"minecraft:smithing_table":1,"minecraft:redstone_block":3,"minecraft:glass_pane":2,"minecraft:red_bed":5,"minecraft:smoker":1,"minecraft:spruce_door":2,"minecraft:oak_fence":1,"minecraft:crafting_table":4,"minecraft:cornflower":1,"minecraft:torch":20,"minecraft:blast_furnace":2,"minecraft:calcite":2,"minecraft:poppy":1,"minecraft:melon":4,"minecraft:chest":1,"minecraft:deepslate_coal_ore":6,"minecraft:glass":3,"minecraft:cobblestone":1,"minecraft:dried_kelp_block":2,"minecraft:lapis_ore":6,"minecraft:oak_planks":2,"minecraft:wall_torch":14,"minecraft:seagrass":3,"minecraft:beehive":1,"minecraft:wheat":7,"minecraft:spruce_log":35,"minecraft:jukebox":1,"minecraft:grass":40,"minecraft:black_wool":1,"minecraft:oak_log":81,"minecraft:coal_ore":23,"minecraft:loom":1,"minecraft:gravel":4,"minecraft:sand":36,"minecraft:dirt":232,"minecraft:deepslate_emerald_ore":1,"minecraft:cyan_candle":1,"minecraft:oak_leaves":16,"minecraft:redstone_lamp":3,"luckytntmod:gunpowder_ore":6},"minecraft:killed":{"minecraft:cave_spider":1,"alexsmobs:raccoon":1,"enemyexpansion:equestrian":1,"minecraft:spider":2,"alexsmobs:seagull":1,"enemyexpansion:direwolf":2,"minecraft:skeleton":7,"minecraft:chicken":2,"minecraft:skeleton_horse":3,"alexsmobs:flying_fish":1,"aquaculture:carp":1,"minecraft:pig":2,"minecraft:zombie_villager":1,"alexsmobs:seal":2,"minecraft:sheep":3,"minecraft:zombie":6,"alexsmobs:fly":2,"alexsmobs:crow":1,"minecraft:enderman":1,"minecraft:cow":1},"minecraft:crafted":{"minecraft:grindstone":1,"minecraft:oak_planks":280,"minecraft:coal":9,"minecraft:stone":3,"minecraft:glass":36,"travelersbackpack:white_sleeping_bag":1,"minecraft:iron_boots":1,"minecraft:iron_axe":1,"minecraft:stone_pickaxe":1,"minecraft:chest":6,"minecraft:stone_hoe":1,"minecraft:oak_fence":15,"minecraft:wheat":27,"minecraft:oak_slab":24,"minecraft:item_frame":1,"minecraft:spruce_planks":131,"travelersbackpack:backpack_tank":2,"travelersbackpack:standard":1,"minecraft:iron_sword":1,"minecraft:spruce_door":3,"minecraft:oak_wood":6,"minecraft:pumpkin_seeds":16,"minecraft:campfire":2,"minecraft:stone_axe":1,"minecraft:bread":9,"minecraft:air":0,"minecraft:oak_fence_gate":1,"minecraft:diamond_pickaxe":1,"minecraft:shield":1,"minecraft:stick":24,"minecraft:stone_slab":6,"minecraft:iron_ingot":20,"minecraft:iron_pickaxe":1,"minecraft:iron_shovel":1,"minecraft:gold_ingot":1,"minecraft:spruce_fence_gate":1,"minecraft:torch":4,"minecraft:shears":1},"minecraft:dropped":{"minecraft:water_bucket":3,"minecraft:iron_sword":1,"minecraft:wheat_seeds":3,"minecraft:glass_bottle":1,"minecraft:golden_horse_armor":1,"minecraft:cobblestone":25,"minecraft:lantern":1,"minecraft:saddle":1,"minecraft:dirt":1,"biomesoplenty:flowering_oak_sapling":1,"minecraft:bone_meal":1,"minecraft:lily_pad":1,"minecraft:bucket":30,"minecraft:spruce_sapling":1,"minecraft:bone":12,"minecraft:gravel":4,"minecraft:beehive":1,"minecraft:honey_bottle":1,"minecraft:pumpkin_seeds":3,"minecraft:allium":1,"minecraft:oak_sapling":2,"minecraft:blue_orchid":1,"minecraft:calcite":2,"minecraft:egg":5},"minecraft:used":{"minecraft:oak_fence":16,"minecraft:iron_shovel":253,"alexsmobs:flying_fish_bucket":1,"overweight_farming:seedless_peeled_melon":3,"minecraft:oak_sign":5,"minecraft:shield":7,"minecraft:chest":6,"minecraft:spruce_planks":99,"minecraft:iron_sword":187,"biomesoplenty:origin_sapling":1,"minecraft:cooked_chicken":2,"minecraft:stone_hoe":28,"minecraft:iron_chestplate":1,"minecraft:torch":52,"minecraft:brewing_stand":1,"minecraft:dirt":213,"minecraft:anvil":2,"alexscaves:ancient_sapling":1,"minecraft:oak_fence_gate":1,"minecraft:honey_bottle":2,"biomesoplenty:palm_sapling":3,"minecraft:shroomlight":5,"minecraft:glass":14,"minecraft:flowering_azalea":1,"minecraft:lava_bucket":1,"minecraft:lantern":3,"minecraft:iron_axe":58,"aquaculture:perch_bucket":1,"minecraft:iron_helmet":1,"minecraft:iron_boots":1,"minecraft:item_frame":1,"overweight_farming:half_seeded_peeled_melon":1,"minecraft:furnace":4,"minecraft:cooked_cod":50,"overweight_farming:vegetable_peels":2,"minecraft:potato":3,"minecraft:cooked_beef":3,"minecraft:powder_snow_bucket":1,"minecraft:wheat_seeds":19,"minecraft:water_bucket":35,"minecraft:spruce_door":4,"minecraft:cyan_candle":3,"minecraft:stone_pickaxe":119,"minecraft:oak_planks":39,"occultism:datura_seeds":3,"minecraft:cauldron":2,"minecraft:composter":1,"biomesoplenty:lavender":1,"minecraft:spruce_fence_gate":1,"biomesoplenty:hellbark_sapling":1,"minecraft:oak_slab":24,"minecraft:loom":1,"minecraft:crafting_table":4,"minecraft:red_bed":5,"aquaculture:carp_bucket":1,"minecraft:blast_furnace":2,"minecraft:campfire":2,"aquaculture:jellyfish_bucket":2,"biomesoplenty:orange_autumn_sapling":1,"minecraft:smoker":1,"minecraft:flower_pot":1,"minecraft:apple":1,"aquaculture:carp":1,"minecraft:bread":8,"minecraft:melon_slice":11,"minecraft:iron_pickaxe":148,"minecraft:stone_axe":133,"minecraft:cobblestone":11,"travelersbackpack:standard":1,"minecraft:cooked_porkchop":2,"minecraft:grindstone":1,"minecraft:smithing_table":1,"minecraft:bucket":47,"alexsmobs:animal_dictionary":2,"minecraft:diamond_leggings":1,"minecraft:jukebox":1}},"DataVersion":3465}