{"stats":{"minecraft:mined":{"minecraft:spruce_planks":8,"minecraft:potted_blue_orchid":1,"minecraft:brewing_stand":1,"minecraft:obsidian":3,"minecraft:grass_block":109,"biomesoplenty:flowering_oak_leaves":6,"minecraft:coal_block":1,"minecraft:composter":1,"minecraft:hopper":8,"minecraft:oak_wall_sign":4,"minecraft:gilded_blackstone":2,"biomesoplenty:tall_lavender":3,"minecraft:glowstone":1,"biomesoplenty:lavender":8,"minecraft:pumpkin":4,"minecraft:deepslate_lapis_ore":2,"minecraft:anvil":2,"minecraft:oak_sign":1,"minecraft:water_cauldron":2,"minecraft:iron_bars":1,"occultism:silver_ore":2,"minecraft:red_bed":5,"minecraft:smoker":2,"minecraft:torch":20,"minecraft:blast_furnace":2,"minecraft:calcite":2,"minecraft:poppy":1,"minecraft:melon":4,"minecraft:chest":1,"minecraft:mushroom_stem":1,"minecraft:glass":3,"minecraft:cobblestone":2,"minecraft:oak_planks":2,"minecraft:wall_torch":14,"minecraft:seagrass":3,"minecraft:wheat":17,"minecraft:jukebox":1,"minecraft:grass":42,"minecraft:oak_log":81,"minecraft:loom":1,"minecraft:sand":36,"minecraft:dirt":235,"minecraft:oak_leaves":16,"minecraft:cyan_candle":4,"minecraft:redstone_lamp":3,"minecraft:deepslate_diamond_ore":2,"minecraft:dark_oak_log":23,"biomesoplenty:bush":5,"minecraft:allium":1,"minecraft:spruce_leaves":34,"minecraft:hay_block":3,"minecraft:furnace":5,"overweight_farming:half_seeded_peeled_melon":1,"overweight_farming:seedless_peeled_melon":3,"minecraft:potatoes":5,"minecraft:shroomlight":5,"minecraft:lantern":3,"minecraft:stone":167,"minecraft:smithing_table":1,"minecraft:oak_slab":1,"minecraft:redstone_block":3,"minecraft:glass_pane":2,"minecraft:spruce_door":2,"minecraft:oak_fence":5,"minecraft:crafting_table":4,"minecraft:cornflower":1,"minecraft:tall_grass":1,"minecraft:deepslate_coal_ore":6,"minecraft:dried_kelp_block":2,"minecraft:lapis_ore":6,"minecraft:beehive":1,"minecraft:spruce_log":35,"minecraft:black_wool":1,"minecraft:coal_ore":23,"minecraft:gravel":4,"minecraft:deepslate_emerald_ore":1,"luckytntmod:gunpowder_ore":6},"minecraft:broken":{"minecraft:iron_shovel":1},"minecraft:used":{"minecraft:iron_shovel":253,"minecraft:oak_sign":5,"overweight_farming:seedless_peeled_melon":3,"minecraft:chest":7,"minecraft:shield":10,"minecraft:iron_sword":254,"biomesoplenty:origin_sapling":1,"minecraft:iron_chestplate":1,"minecraft:honey_bottle":2,"minecraft:glass":14,"biomesoplenty:palm_sapling":3,"minecraft:lava_bucket":1,"minecraft:lantern":3,"aquaculture:perch_bucket":1,"minecraft:iron_helmet":1,"minecraft:item_frame":1,"minecraft:furnace":4,"minecraft:cooked_cod":50,"minecraft:potato":13,"minecraft:spruce_door":4,"minecraft:stone_pickaxe":119,"minecraft:oak_planks":39,"occultism:datura_seeds":3,"minecraft:composter":1,"biomesoplenty:lavender":2,"minecraft:sugar_cane":7,"minecraft:loom":1,"minecraft:blast_furnace":2,"aquaculture:jellyfish_bucket":2,"minecraft:bread":23,"minecraft:melon_slice":11,"minecraft:grindstone":1,"minecraft:smithing_table":1,"minecraft:oak_fence":30,"alexsmobs:flying_fish_bucket":1,"minecraft:spruce_planks":99,"minecraft:stone_hoe":29,"minecraft:cooked_chicken":2,"minecraft:torch":52,"minecraft:brewing_stand":1,"minecraft:dirt":247,"minecraft:anvil":2,"alexscaves:ancient_sapling":1,"minecraft:hopper":3,"minecraft:oak_fence_gate":3,"minecraft:shroomlight":5,"minecraft:flowering_azalea":1,"minecraft:iron_axe":89,"minecraft:iron_boots":1,"overweight_farming:half_seeded_peeled_melon":1,"overweight_farming:vegetable_peels":2,"minecraft:cooked_beef":3,"minecraft:powder_snow_bucket":1,"minecraft:wheat_seeds":19,"minecraft:cooked_mutton":3,"minecraft:water_bucket":44,"minecraft:cyan_candle":8,"minecraft:cauldron":2,"minecraft:spruce_fence_gate":1,"biomesoplenty:hellbark_sapling":1,"minecraft:oak_slab":24,"minecraft:crafting_table":4,"aquaculture:carp_bucket":1,"minecraft:red_bed":5,"minecraft:campfire":2,"biomesoplenty:orange_autumn_sapling":1,"minecraft:smoker":2,"minecraft:flower_pot":1,"minecraft:diamond_pickaxe":8,"minecraft:apple":1,"aquaculture:carp":1,"minecraft:iron_pickaxe":153,"minecraft:stone_axe":133,"minecraft:cobblestone":12,"travelersbackpack:standard":1,"minecraft:cooked_porkchop":3,"minecraft:bucket":55,"alexsmobs:animal_dictionary":2,"minecraft:jukebox":1,"minecraft:diamond_leggings":1},"minecraft:custom":{"minecraft:interact_with_crafting_table":53,"minecraft:open_barrel":54,"minecraft:leave_game":6,"minecraft:time_since_death":110886,"minecraft:sprint_one_cm":667051,"minecraft:damage_blocked_by_shield":345,"minecraft:drop":106,"minecraft:play_time":245863,"minecraft:deaths":1,"minecraft:jump":4545,"minecraft:interact_with_brewingstand":2,"minecraft:walk_on_water_one_cm":25999,"minecraft:interact_with_furnace":67,"minecraft:interact_with_loom":4,"minecraft:sleep_in_bed":13,"minecraft:damage_dealt":8734,"minecraft:crouch_one_cm":5785,"minecraft:interact_with_smoker":3,"minecraft:horse_one_cm":420782,"minecraft:interact_with_smithing_table":1,"minecraft:mob_kills":58,"minecraft:interact_with_anvil":4,"minecraft:inspect_hopper":5,"minecraft:fill_cauldron":2,"minecraft:interact_with_campfire":16,"minecraft:climb_one_cm":11419,"minecraft:walk_one_cm":596401,"minecraft:sneak_time":3579,"minecraft:walk_under_water_one_cm":28896,"minecraft:interact_with_blast_furnace":3,"minecraft:total_world_time":245863,"minecraft:pot_flower":3,"minecraft:interact_with_grindstone":2,"minecraft:time_since_rest":40729,"minecraft:damage_taken":3939,"minecraft:swim_one_cm":25356,"minecraft:fly_one_cm":697717,"minecraft:open_chest":227,"minecraft:fall_one_cm":165477},"minecraft:dropped":{"minecraft:iron_sword":1,"minecraft:ender_pearl":1,"minecraft:glass_bottle":1,"minecraft:lantern":1,"minecraft:saddle":1,"minecraft:dirt":1,"biomesoplenty:flowering_oak_sapling":1,"minecraft:bone_meal":1,"minecraft:bone":12,"minecraft:gravel":4,"minecraft:beehive":1,"minecraft:honey_bottle":1,"minecraft:hopper":5,"biomesoplenty:tall_lavender":2,"minecraft:egg":5,"minecraft:water_bucket":3,"minecraft:oak_slab":3,"minecraft:wheat_seeds":3,"minecraft:golden_horse_armor":1,"biomesoplenty:lavender":6,"minecraft:oak_fence":5,"minecraft:cobblestone":25,"minecraft:lily_pad":1,"minecraft:bucket":30,"minecraft:spruce_sapling":1,"minecraft:pumpkin_seeds":3,"minecraft:allium":1,"minecraft:oak_sapling":2,"minecraft:blue_orchid":1,"minecraft:calcite":2},"minecraft:killed":{"minecraft:cave_spider":1,"minecraft:spider":4,"enemyexpansion:equestrian":1,"minecraft:skeleton":9,"minecraft:chicken":2,"minecraft:skeleton_horse":3,"aquaculture:carp":1,"minecraft:pig":2,"minecraft:zombie_villager":1,"alexsmobs:seal":2,"minecraft:sheep":3,"minecraft:zombie":7,"alexsmobs:fly":2,"minecraft:cow":7,"alexsmobs:raccoon":1,"alexsmobs:seagull":1,"enemyexpansion:direwolf":3,"alexsmobs:flying_fish":1,"alexsmobs:skunk":1,"enemyexpansion:sprinter":1,"enemyexpansion:huntsman":1,"alexsmobs:crow":1,"minecraft:enderman":2},"minecraft:picked_up":{"minecraft:wheat":13,"minecraft:redstone_block":3,"minecraft:anvil":2,"minecraft:flower_pot":1,"minecraft:smithing_table":1,"biomesoplenty:orange_autumn_sapling":11,"overweight_farming:half_seeded_peeled_melon":1,"minecraft:brewing_stand":1,"minecraft:string":3,"biomesoplenty:tall_lavender":3,"minecraft:shroomlight":5,"minecraft:oak_sign":9,"minecraft:gold_nugget":9,"minecraft:bucket":28,"minecraft:spruce_planks":8,"minecraft:calcite":2,"minecraft:melon_slice":22,"minecraft:coal_block":1,"minecraft:furnace":5,"minecraft:stick":32,"minecraft:beehive":2,"minecraft:jukebox":1,"minecraft:composter":1,"minecraft:oak_fence":10,"minecraft:torch":43,"minecraft:porkchop":3,"minecraft:cauldron":2,"minecraft:honey_bottle":1,"minecraft:rotten_flesh":6,"minecraft:obsidian":2,"minecraft:iron_bars":1,"alexsmobs:flying_fish":1,"minecraft:cobblestone":172,"biomesoplenty:lavender":8,"occultism:datura_seeds":1,"minecraft:feather":5,"minecraft:cooked_beef":5,"minecraft:water_bucket":6,"minecraft:smoker":2,"minecraft:potato":14,"minecraft:dirt":354,"minecraft:lapis_lazuli":57,"minecraft:lantern":5,"minecraft:bone":20,"minecraft:wheat_seeds":49,"minecraft:cyan_candle":8,"minecraft:glowstone_dust":4,"minecraft:oak_planks":2,"minecraft:cooked_porkchop":4,"minecraft:sand":36,"minecraft:ink_sac":3,"minecraft:loom":1,"minecraft:grass_block":2,"minecraft:dark_oak_log":23,"minecraft:diamond":2,"minecraft:polished_blackstone_pressure_plate":1,"minecraft:bone_meal":1,"minecraft:emerald":1,"alexsmobs:maggot":2,"minecraft:oak_sapling":16,"minecraft:crafting_table":4,"minecraft:allium":2,"minecraft:chicken":2,"minecraft:redstone_lamp":3,"occultism:raw_silver":2,"minecraft:cornflower":1,"minecraft:red_bed":5,"overweight_farming:vegetable_peels":2,"minecraft:blue_orchid":2,"minecraft:beef":14,"overweight_farming:seedless_peeled_melon":3,"minecraft:poppy":1,"minecraft:chest":1,"minecraft:egg":9,"minecraft:raw_iron":20,"minecraft:arrow":10,"minecraft:cooked_cod":3,"minecraft:hay_block":3,"aquaculture:carp":1,"minecraft:saddle":1,"minecraft:mutton":6,"minecraft:white_wool":8,"minecraft:leather":13,"minecraft:oak_log":78,"minecraft:gunpowder":28,"minecraft:cooked_mutton":6,"minecraft:apple":4,"minecraft:cooked_chicken":2,"minecraft:iron_sword":1,"minecraft:oak_slab":3,"minecraft:pumpkin":4,"minecraft:gravel":4,"minecraft:spruce_sapling":2,"minecraft:blast_furnace":1,"minecraft:spruce_log":33,"minecraft:spider_eye":2,"minecraft:spruce_door":2,"biomesoplenty:flowering_oak_sapling":2,"minecraft:pumpkin_seeds":2,"minecraft:dried_kelp_block":2,"minecraft:iron_helmet":1,"minecraft:coal":40,"minecraft:black_wool":1,"minecraft:melon_seeds":4,"minecraft:hopper":8,"minecraft:ender_pearl":1},"minecraft:crafted":{"minecraft:grindstone":1,"minecraft:oak_planks":280,"minecraft:stone":3,"minecraft:glass":36,"minecraft:iron_boots":1,"minecraft:chest":7,"minecraft:stone_hoe":1,"minecraft:oak_fence":30,"minecraft:item_frame":1,"minecraft:oak_slab":24,"minecraft:spruce_planks":131,"travelersbackpack:standard":1,"minecraft:spruce_door":3,"minecraft:oak_wood":6,"minecraft:pumpkin_seeds":16,"minecraft:campfire":2,"minecraft:diamond_pickaxe":1,"minecraft:shield":1,"minecraft:stick":36,"minecraft:stone_slab":6,"minecraft:iron_ingot":20,"minecraft:iron_pickaxe":1,"minecraft:gold_ingot":1,"minecraft:spruce_fence_gate":1,"minecraft:shears":1,"minecraft:coal":9,"travelersbackpack:white_sleeping_bag":1,"minecraft:iron_axe":1,"minecraft:stone_pickaxe":1,"minecraft:wheat":27,"travelersbackpack:backpack_tank":2,"minecraft:iron_sword":1,"minecraft:stone_axe":1,"minecraft:bread":13,"minecraft:air":0,"minecraft:oak_fence_gate":3,"minecraft:iron_shovel":1,"minecraft:torch":4}},"DataVersion":3465}